date,Electricity,Gas,WTI,Coal,Solar,Wind
2021-01-04,23.84,2.6,47.47,81.2,104.96,23.97
2021-01-05,21.4,2.77,49.78,80.35,106.07,24.17
2021-01-06,22.04,2.76,50.45,79.45,115.27,25.08
2021-01-07,22.33,2.81,50.63,81.05,121.55,26.02
2021-01-08,26.49,2.77,52.14,84.3,119.13,25.96
2021-01-11,18.82,2.71,52.15,84.5,115.61,25.5
2021-01-12,17.84,2.89,53.08,86.5,115.63,25.08
2021-01-13,23.48,2.82,52.81,87.3,114.46,25.18
2021-01-14,19.8,2.82,53.47,87.25,115.23,24.87
2021-01-15,24.53,2.86,52.25,87.4,106.89,24.08
2021-01-19,25.05,2.65,52.87,85.0,114.0,24.61
2021-01-20,24.66,2.57,53.16,85.5,114.78,25.1
2021-01-21,23.77,2.49,53.0,85.5,121.43,25.37
2021-01-22,23.79,2.45,52.28,85.9,121.11,25.48
2021-01-25,27.51,2.63,52.78,85.95,119.0,25.4
2021-01-26,25.83,2.73,52.61,86.0,117.6,25.04
2021-01-27,26.49,2.77,52.81,86.2,110.5,23.77
2021-01-28,22.02,2.76,52.26,86.3,112.18,24.08
2021-01-29,25.2,2.68,52.16,86.2,108.69,23.48
2021-02-01,24.23,2.88,53.55,85.65,110.5,23.78
2021-02-02,24.93,3.24,54.77,85.0,115.89,24.16
2021-02-03,20.01,3.01,55.67,83.75,116.56,24.34
2021-02-04,19.96,2.99,56.19,84.4,115.04,24.31
2021-02-05,30.16,3.49,56.8,86.65,116.69,24.41
2021-02-08,37.53,3.4,57.95,87.5,118.99,24.46
2021-02-09,35.44,3.35,58.34,87.3,121.94,24.23
2021-02-10,39.07,3.76,58.69,87.6,119.71,23.98
2021-02-11,69.45,6.5,58.22,87.4,121.35,24.46
2021-02-12,151.51,6.12,59.5,87.45,121.32,24.42
2021-02-16,190.99,11.32,60.07,86.55,118.45,24.69
2021-02-17,146.01,23.86,61.09,86.0,115.7,24.21
2021-02-18,34.44,8.56,60.4,85.75,108.29,23.65
2021-02-19,23.86,4.96,59.12,86.0,110.64,23.55
2021-02-22,24.79,3.16,61.67,85.75,100.95,22.9
2021-02-23,28.25,2.94,61.66,85.5,100.56,22.62
2021-02-24,19.83,2.8,63.21,85.5,103.34,22.38
2021-02-25,24.67,2.72,63.43,85.5,97.65,22.2
2021-02-26,24.82,2.66,61.55,85.1,101.32,21.89
2021-03-01,25.01,2.7,60.54,85.6,107.07,22.35
2021-03-02,26.63,2.87,59.7,87.5,101.0,22.22
2021-03-03,24.5,2.86,61.33,87.95,94.5,21.2
2021-03-04,23.37,2.79,63.81,87.5,89.14,20.53
2021-03-05,33.77,2.72,66.08,87.75,87.48,20.51
2021-03-08,39.52,2.67,65.03,88.0,81.15,20.21
2021-03-09,34.34,2.62,64.02,88.5,91.55,21.21
2021-03-10,36.93,2.62,64.45,89.0,90.34,21.19
2021-03-11,32.33,2.7,66.02,89.0,98.77,21.85
2021-03-12,24.95,2.65,65.59,90.0,97.3,21.78
2021-03-15,31.41,2.58,65.36,90.5,96.37,21.95
2021-03-16,31.27,2.5,64.82,90.5,94.36,21.95
2021-03-17,26.55,2.6,64.55,90.75,93.1,21.62
2021-03-18,21.81,2.45,59.95,91.0,86.97,21.15
2021-03-19,22.38,2.53,61.43,92.75,89.58,21.42
2021-03-22,28.54,2.55,61.48,94.0,91.47,21.77
2021-03-23,24.2,2.56,57.75,94.5,88.59,21.53
2021-03-24,26.26,2.56,61.12,94.5,84.5,21.24
2021-03-25,22.92,2.52,58.47,94.5,85.19,21.39
2021-03-26,20.32,2.52,60.93,93.95,88.02,21.91
2021-03-29,28.99,2.58,61.49,93.0,84.23,22.01
2021-03-30,34.71,2.55,60.55,93.85,89.27,22.11
2021-03-31,26.18,2.52,59.19,96.25,91.77,22.56
2021-04-01,34.15,2.52,61.41,96.5,90.68,22.7
2021-04-05,36.11,2.43,58.73,96.5,88.16,22.89
2021-04-06,30.49,2.44,59.34,94.85,89.27,22.61
2021-04-07,32.43,2.43,59.77,94.7,86.48,22.38
2021-04-08,38.58,2.47,59.61,93.8,86.9,22.74
2021-04-09,60.8,2.48,59.29,93.1,86.46,22.72
2021-04-12,34.25,2.5,59.7,93.3,84.71,22.49
2021-04-13,36.96,2.57,60.2,93.45,85.71,22.54
2021-04-14,50.01,2.65,63.15,93.4,85.01,22.34
2021-04-15,56.45,2.62,63.42,93.5,83.24,22.33
2021-04-16,45.27,2.63,63.16,94.3,85.49,22.49
2021-04-19,41.37,2.75,63.33,94.35,82.75,22.26
2021-04-20,39.3,2.76,62.61,94.0,82.29,22.08
2021-04-21,34.99,2.72,61.34,93.75,85.1,22.31
2021-04-22,42.15,2.77,61.45,93.95,88.1,22.79
2021-04-23,37.15,2.79,62.18,93.0,90.94,23.03
2021-04-26,41.4,2.73,62.02,93.1,91.88,22.96
2021-04-27,36.28,2.91,63.03,93.1,90.83,22.98
2021-04-28,35.7,2.98,63.81,92.9,88.12,22.75
2021-04-29,23.63,2.91,65.0,92.9,86.3,22.34
2021-04-30,31.94,2.86,63.5,93.3,83.15,21.93
2021-05-03,34.32,2.96,64.46,92.8,82.1,21.77
2021-05-04,41.1,3.0,65.72,93.0,77.2,21.15
2021-05-05,26.44,2.99,65.63,93.8,76.22,21.37
2021-05-06,19.8,2.9,64.73,96.05,74.45,21.17
2021-05-07,35.78,2.9,64.96,96.15,75.15,21.48
2021-05-10,46.91,2.93,64.92,97.6,72.09999999999998,21.21
2021-05-11,50.0,2.91,65.31,98.7,72.98999999999998,20.87
2021-05-12,41.12,2.91,65.96,100.0,69.14,20.29
2021-05-13,43.3,2.95,63.82,101.0,69.1,20.42
2021-05-14,38.02,2.95,65.32,99.0,72.54,21.0
2021-05-17,31.56,2.99,66.24,98.35,71.32,20.85
2021-05-18,38.95,2.96,65.49,99.1,72.36,21.2
2021-05-19,35.8,2.88,63.28,99.1,75.06,21.09
2021-05-20,36.54,2.86,61.95,99.75,78.16,21.46
2021-05-21,25.14,2.84,63.61,101.0,78.51,21.54
2021-05-24,37.58,2.78,66.13,103.25,77.8,21.65
2021-05-25,37.34,2.87,66.27,105.0,77.45,21.71
2021-05-26,26.07,2.91,66.41,105.1,79.31,21.78
2021-05-27,29.78,2.85,66.87,105.5,79.31999999999998,21.79
2021-05-28,78.8,2.91,66.31,106.0,79.11,21.85
2021-06-01,117.23,3.02,67.8,120.5,78.77,21.75
2021-06-02,45.06,3.09,68.79,119.95,77.67,21.44
2021-06-03,9.86,3.01,68.81,119.0,75.56,21.2
2021-06-04,25.59,3.01,69.57,119.75,76.84,21.37
2021-06-07,24.69,2.98,69.21,121.6,76.56,21.38
2021-06-08,29.17,3.11,70.11,122.75,76.95999999999998,21.39
2021-06-09,19.04,3.13,69.9,123.7,76.61,21.31
2021-06-10,27.09,3.13,70.34,126.0,78.72,21.43
2021-06-11,76.06999999999998,3.23,71.0,127.0,79.81999999999998,21.41
2021-06-14,43.36,3.36,70.94,125.55,80.78,21.85
2021-06-15,135.52,3.31,72.06,125.0,78.77,21.79
2021-06-16,245.35,3.25,72.03,125.25,79.95999999999998,21.79
2021-06-17,72.9,3.24,71.06,126.0,83.1,21.56
2021-06-18,101.03,3.23,71.64,125.0,82.47,21.15
2021-06-21,57.65,3.15,73.64,125.5,82.0,21.39
2021-06-22,28.16,3.21,73.15,127.25,82.42,21.57
2021-06-23,37.91,3.36,73.11,127.5,84.11,21.37
2021-06-24,62.52,3.3,73.31,127.5,84.94,21.53
2021-06-25,334.22,3.4,74.21,127.7,85.57,21.42
2021-06-28,146.32,3.62,72.98,128.55,90.95,21.58
2021-06-29,49.61,3.75,73.14,131.0,91.78,21.85
2021-06-30,52.93,3.79,73.52,134.7,89.33,21.51
2021-07-01,36.67,3.76,75.33,137.75,88.32,21.66
2021-07-02,69.68,3.67,75.37,139.25,88.18,21.64
2021-07-06,39.66,3.68,73.62,140.75,89.19,21.75
2021-07-07,61.55,3.66,72.22,139.55,89.18,21.99
2021-07-08,110.33,3.56,72.98,142.25,86.98,21.6
2021-07-09,116.97,3.71,74.56,143.0,88.21,21.6
2021-07-12,54.96,3.7,74.21,142.25,89.68,21.79
2021-07-13,26.5,3.78,75.24,144.6,88.55,21.6
2021-07-14,30.99,3.8,73.06,144.5,83.86,21.4
2021-07-15,47.49,3.68,71.67,146.0,82.23,20.76
2021-07-16,79.51,3.7,71.76,148.1,80.63,20.74
2021-07-19,79.33,3.75,66.45,150.0,81.09999999999998,20.49
2021-07-20,40.85,3.82,67.32,149.7,82.93,20.57
2021-07-21,89.95,3.94,70.26,149.75,86.41,21.19
2021-07-22,68.44,4.02,72.15,149.75,85.63,21.18
2021-07-23,97.32,4.11,72.24,149.75,83.46,20.99
2021-07-26,86.43,4.09,72.15,149.75,82.27,20.93
2021-07-27,189.21,4.15,71.68,149.75,80.52,20.87
2021-07-28,488.54,4.1,72.37,150.1,83.87,21.38
2021-07-29,583.04,4.03,73.62,150.0,84.31,21.37
2021-07-30,147.97,3.94,73.93,149.75,85.67,21.36
2021-08-02,145.42,4.02,71.31,152.55,85.45,21.61
2021-08-03,156.32,4.06,70.64,152.75,88.5,21.63
2021-08-04,92.47,4.2,68.19,154.4,88.4,21.65
2021-08-05,47.97,4.27,69.1,157.25,87.04,21.69
2021-08-06,83.39,4.21,68.26,160.95,86.24,21.56
2021-08-09,90.51,4.24,66.56,167.05,88.09,21.61
2021-08-10,173.79,4.12,68.33,167.1,87.56,21.53
2021-08-11,123.31,4.07,69.3,169.4,85.87,21.67
2021-08-12,83.93,4.1,69.12,171.25,85.57,21.27
2021-08-13,55.61,3.95,68.36,172.75,82.82,21.43
2021-08-16,40.14,3.93,67.44,173.4,80.58,21.24
2021-08-17,40.68,3.92,66.5,171.45,78.48999999999998,21.05
2021-08-18,38.22,3.86,65.36,171.0,79.17,21.31
2021-08-19,29.04,3.83,63.69,170.9,78.01,21.23
2021-08-20,45.2,3.94,62.25,167.75,79.65,21.54
2021-08-23,47.2,3.93,65.65,170.0,82.08,21.87
2021-08-24,50.84,3.95,67.5,170.0,82.36,21.99
2021-08-25,34.12,4.03,68.54,170.75,83.45,21.97
2021-08-26,48.22,4.07,67.42,171.0,83.0,21.68
2021-08-27,51.4,4.35,68.84,170.95,84.11,21.78
2021-08-30,44.2,4.25,69.28,171.35,86.11,22.09
2021-08-31,47.11,4.33,68.43,174.25,85.63,22.04
2021-09-01,50.0,4.45,68.63,174.6,86.03,22.14
2021-09-02,49.63,4.65,70.07,177.5,87.01,22.45
2021-09-03,100.95,4.77,69.34,179.0,86.04,22.53
2021-09-07,127.24,4.71,68.49,177.2,85.22,22.3
2021-09-08,278.61,4.66,69.36,177.35,83.74,22.03
2021-09-09,80.77,4.97,68.26,177.5,84.38,21.99
2021-09-10,83.93,5.13,69.82,177.6,83.33,21.65
2021-09-13,82.56,5.21,70.54,177.5,85.0,21.97
2021-09-14,58.22,5.39,70.53,177.45,84.3,21.79
2021-09-15,80.87,5.66,72.59,177.5,84.15,21.65
2021-09-16,61.58,5.52,72.69,176.0,83.19,21.41
2021-09-17,65.56,5.32,72.09,177.5,85.22,21.33
2021-09-20,83.12,5.25,70.41,177.5,80.87,20.95
2021-09-21,59.6,4.96,70.51,179.5,81.78,21.29
2021-09-22,62.5,4.92,72.37,180.5,83.25,21.52
2021-09-23,63.35,4.94,73.43,185.9,83.07,21.8
2021-09-24,55.12,5.1,74.18,181.5,80.54,21.42
2021-09-27,51.83,5.53,75.54,204.75,82.06,21.46
2021-09-28,66.32,5.94,75.44,207.7,79.7,21.17
2021-09-29,65.51,5.73,75.06,210.5,78.36,20.99
2021-09-30,58.38,5.58,75.22,218.0,79.95,20.9
2021-10-01,70.28,5.61,76.01,228.0,81.06,20.84
2021-10-04,67.41,5.8,77.68,240.0,77.3,20.39
2021-10-05,66.68,6.37,79.17,269.5,77.70999999999998,20.46
2021-10-06,77.81999999999998,6.0,77.66,242.0,77.69,20.42
2021-10-07,63.15,5.71,78.46,231.9,79.4,20.58
2021-10-08,82.27,5.46,79.55,238.6,78.53,20.11
2021-10-11,71.35,5.46,80.64,244.5,81.39,19.88
2021-10-12,69.5,5.34,80.75,242.35,85.87,20.44
2021-10-13,72.83,5.56,80.67,243.35,88.03,21.07
2021-10-14,66.9,5.92,81.43,245.0,87.47,20.97
2021-10-15,62.65,5.44,82.39,240.0,87.15,21.19
2021-10-18,70.91,5.01,82.62,239.35,87.98,20.92
2021-10-19,66.15,4.81,83.19,229.9,91.51,21.37
2021-10-20,63.34,4.87,84.4,231.5,90.15,21.78
2021-10-21,61.24,4.94,82.64,228.5,90.16,21.78
2021-10-22,64.14,5.1,84.53,230.0,88.44,21.73
2021-10-25,57.99,5.72,84.64,226.0,91.0,21.75
2021-10-26,60.81,5.59,85.64,223.35,89.69,21.69
2021-10-27,61.25,5.91,82.66,223.35,94.19,21.78
2021-10-28,59.83,5.68,82.78,223.7,98.0,22.19
2021-10-29,74.33,5.49,83.5,223.45,99.1,21.87
2021-11-01,61.69,5.22,84.08,145.0,100.53,22.2
2021-11-02,57.96,5.33,83.91,140.9,97.3,21.78
2021-11-03,41.01,5.59,80.82,157.5,97.15,21.17
2021-11-04,48.97,5.73,78.88,154.25,97.36,21.06
2021-11-05,62.7,5.51,81.25,155.4,95.76,20.8
2021-11-08,50.05,5.53,81.96,163.0,96.6,21.03
2021-11-09,58.2,5.08,84.12,160.65,95.83,21.02
2021-11-10,48.69,4.56,81.23,152.3,93.19,20.76
2021-11-12,38.29,4.97,80.87,150.0,99.61,21.05
2021-11-15,46.62,4.77,80.85,149.35,98.0,20.82
2021-11-16,0.0,5.11,80.76,150.4,97.51,20.75
2021-11-17,65.36,4.82,78.32,150.15,97.14,20.75
2021-11-18,46.05,4.95,78.92,152.5,95.01,20.63
2021-11-19,58.52,4.9,76.11,152.5,98.12,20.57
2021-11-22,41.87,4.83,76.74,154.0,96.03,20.05
2021-11-23,34.65,4.95,78.32,157.0,93.46,20.03
2021-11-24,37.45,4.93,78.32,159.0,93.7,20.16
2021-11-29,28.5,4.9,69.88,159.3,92.33,20.31
2021-11-30,26.33,4.52,66.14,152.0,89.49,20.09
2021-12-01,30.48,4.31,65.44,157.45,86.4,19.86
2021-12-02,36.83,4.08,66.6,158.5,86.33,19.86
2021-12-03,60.45,3.79,66.39,155.25,82.16,19.71
2021-12-06,56.44,3.66,69.62,151.25,83.3,19.95
2021-12-07,36.56,3.6,71.94,154.1,86.33,20.18
2021-12-08,49.7,3.79,72.43,158.7,86.95,20.31
2021-12-09,37.4,3.67,70.87,160.1,83.81,20.1
2021-12-10,60.73,3.65,71.71,163.75,83.64,20.01
2021-12-13,60.79,4.05,71.19,164.25,83.79,19.9
2021-12-14,62.93,3.71,70.57,164.75,80.56,19.57
2021-12-15,53.48,3.79,70.89,164.75,81.43,19.89
2021-12-16,44.32,3.67,72.34,168.5,78.77,19.91
2021-12-17,52.4,3.71,70.93,168.0,79.04,19.82
2021-12-20,64.29,3.91,68.69,168.15,73.76,19.51
2021-12-21,58.93,3.96,71.1,169.0,77.94,19.88
2021-12-22,69.21,3.95,72.82,169.5,77.81,20.02
2021-12-23,130.61,3.56,73.89,169.4,77.91,20.15
2021-12-27,100.42,3.45,75.49,170.1,77.18,20.28
2021-12-28,95.42,3.32,76.01,171.0,76.0,20.05
2021-12-29,65.93,3.4,76.58,171.1,75.45999999999998,20.08
2021-12-30,56.15,3.82,76.83,170.1,77.68,20.22
2022-01-03,56.71,3.74,75.99,157.5,78.48999999999998,20.55
2022-01-04,59.66,3.73,77.0,174.1,76.31999999999998,20.24
2022-01-05,48.39,3.78,77.83,179.9,71.21,19.61
2022-01-06,36.47,3.94,79.47,196.5,70.63,19.37
2022-01-07,59.06,3.83,79.0,195.9,70.75,19.35
2022-01-10,43.25,4.16,78.11,196.5,70.7,19.18
2022-01-11,39.19,4.16,81.17,197.1,71.91,19.35
2022-01-12,38.37,4.62,82.51,203.0,72.23,19.57
2022-01-13,37.54,4.78,81.97,211.5,70.63,19.56
2022-01-14,38.87,4.37,83.82,216.75,70.45,19.42
2022-01-18,39.65,4.55,85.42,221.0,67.43,19.13
2022-01-19,28.0,4.89,86.84,223.1,66.94,19.26
2022-01-20,36.73,4.45,86.29,225.65,66.99,19.3
2022-01-21,36.28,4.11,85.16,224.6,63.74,18.73
2022-01-24,38.81,4.2,84.48,225.25,64.42,18.64
2022-01-25,41.31,4.24,86.61,227.3,62.37,18.12
2022-01-26,40.71,4.43,88.33,227.8,62.49,18.3
2022-01-27,38.64,4.43,87.61,227.6,60.14,18.18
2022-01-28,37.22,5.69,87.67,227.65,60.51,18.22
2022-01-31,46.73,5.56,89.16,222.75,65.48,18.78
2022-02-01,51.79,5.45,88.22,218.1,65.21,18.66
2022-02-02,58.39,6.7,88.16,220.1,64.0,18.83
2022-02-03,38.18,5.84,90.17,221.0,61.44,18.41
2022-02-04,35.45,5.34,92.27,227.3,63.41,18.41
2022-02-07,36.8,4.44,91.25,236.0,62.89,18.44
2022-02-09,30.5,4.13,89.57,239.25,66.83,18.6
2022-02-10,29.79,4.03,89.83,239.1,65.05,18.28
2022-02-11,28.64,4.04,93.1,245.0,62.58,17.97
2022-02-14,29.08,4.05,95.52,240.0,61.73,17.77
2022-02-15,29.73,4.31,92.07,239.0,65.55,18.44
2022-02-16,26.15,4.39,93.83,235.5,65.66,18.37
2022-02-17,22.08,4.57,91.78,232.4,63.96,18.21
2022-02-18,39.86,4.61,91.26,232.35,62.48,17.91
2022-02-22,79.61,4.48,92.11,236.25,60.15,17.73
2022-02-23,70.45,4.59,92.14,237.7,59.66,17.6
2022-02-24,47.11,4.78,92.77,239.5,64.8,18.63
2022-02-25,35.64,4.63,91.68,238.6,66.42,19.17
2022-02-28,33.46,4.46,96.13,274.5,71.47,19.8
2022-03-01,33.51,4.36,103.66,313.0,72.84,19.37
2022-03-02,31.63,4.65,110.74,440.0,70.35,19.21
2022-03-03,33.27,4.63,107.69,370.0,68.33,18.6
2022-03-04,35.71,4.74,115.77,418.75,67.96,18.53
2022-03-07,36.23,4.93,119.26,422.65,69.99,18.74
2022-03-08,40.87,4.61,123.64,423.15,76.51,19.72
2022-03-09,38.79,4.55,108.81,420.65,76.81999999999998,19.73
2022-03-10,30.13,4.65,105.93,373.35,75.0,19.49
2022-03-11,34.06,4.79,109.31,368.65,73.63,19.32
2022-03-14,28.86,4.59,103.22,361.75,69.1,18.9
2022-03-15,30.78,4.46,96.42,346.0,71.33,19.03
2022-03-16,36.89,4.68,94.85,340.0,75.61,19.64
2022-03-17,33.2,4.8,102.97,337.25,75.18,19.56
2022-03-18,38.5,4.87,104.69,336.0,76.04,19.69
2022-03-21,39.47,4.77,112.14,329.4,75.58,19.38
2022-03-22,36.77,5.0,111.03,328.9,76.75,19.57
2022-04-06,60.76,6.29,96.39,286.5,75.34,19.96
2022-04-07,40.68,6.05,96.05,281.65,74.55,19.84
2022-04-08,75.34,6.38,98.35,291.6,72.70999999999998,19.79
2022-04-11,79.79,6.35,94.22,290.65,72.22,19.52
2022-04-12,101.18,6.59,100.52,309.1,71.71,19.22
2022-04-13,104.45,6.68,104.26,312.0,73.0,19.26
2022-04-14,99.66,6.94,106.84,309.1,72.04,19.18
2022-04-18,80.23,7.48,108.24,309.1,71.66,18.99
2022-04-19,110.36,7.44,102.54,321.0,73.26,19.35
2022-04-20,81.77,7.12,102.56,326.35,69.83,19.44
2022-04-21,73.27,6.88,103.89,331.1,65.01,18.92
2022-04-22,97.61,6.59,102.86,327.1,64.5,18.67
2022-04-25,85.81,6.42,99.6,328.6,63.97,18.76
2022-04-26,117.97,6.89,102.62,325.0,62.36,18.28
2022-04-27,85.23,6.91,101.96,326.05,64.16,18.24
2022-04-28,95.8,6.97,105.47,326.95,64.75,18.37
2022-04-29,76.79,6.84,104.59,326.6,64.23,18.07
2022-05-02,65.31,7.3,105.18,299.8,64.98,17.75
2022-05-03,107.33,7.84,102.53,326.6,67.09,17.98
2022-05-04,88.84,8.3,107.84,360.35,70.55,18.44
2022-05-05,78.95999999999998,8.42,108.17,374.35,67.44,17.66
2022-05-06,69.86,8.35,109.72,379.5,64.77,17.53
2022-05-09,60.84,8.06,103.08,377.0,59.91,16.92
2022-05-10,57.21,6.78,99.74,377.45,60.32,16.94
2022-05-12,54.42,7.25,106.15,391.5,57.59,16.69
2022-05-13,46.7,7.75,110.52,392.85,61.71,17.13
2022-05-16,58.92,8.07,114.07,402.5,60.74,17.3
2022-05-17,48.64,8.26,112.31,413.65,63.99,17.61
2022-05-18,18.38,8.53,109.67,412.0,63.84,17.51
2022-05-19,58.03,8.21,112.21,412.1,66.72,18.01
2022-05-20,47.98,7.97,112.63,417.25,67.19,18.02
2022-05-23,65.23,8.16,110.32,416.0,67.77,18.39
2022-05-24,67.86,8.87,112.55,408.0,66.31,18.41
2022-05-25,68.58,9.44,112.88,404.65,67.41,18.46
2022-05-26,36.27,9.19,116.19,403.0,69.72,18.73
2022-05-27,53.49,8.3,114.96,406.65,71.28,18.73
2022-05-31,66.33,8.46,114.38,427.0,71.1,18.59
2022-06-01,72.29,8.47,115.26,412.0,70.22,18.41
2022-06-02,45.81,8.9,116.88,412.5,74.06999999999998,18.9
2022-06-03,11.22,8.34,118.97,412.5,73.65,18.79
2022-06-06,55.26,9.08,118.41,415.25,76.79,18.77
2022-06-07,49.07,9.28,119.55,397.0,77.56,19.07
2022-06-08,45.0,9.43,121.94,395.4,76.51,18.88
2022-06-09,5.55,8.16,121.52,396.0,74.63,18.39
2022-06-10,0.36,8.78,120.73,392.35,73.44,18.16
2022-06-13,1.12,9.0,120.92,390.35,68.83,17.39
2022-06-14,40.63,7.68,118.92,383.5,68.14,17.21
2022-06-15,52.23,7.72,115.32,386.35,70.19,17.35
2022-06-16,28.7,7.88,117.56,387.35,66.21,17.0
2022-06-17,25.15,7.37,109.56,389.35,70.13,17.12
2022-06-21,24.16,6.6,110.49,390.0,71.45,17.31
2022-06-22,42.41,6.76,106.22,392.0,71.11,17.15
2022-06-23,18.7,6.54,105.75,397.5,73.03,17.3
2022-06-24,71.11,5.8,109.07,397.0,73.77,17.48
2022-06-27,30.97,6.09,111.44,392.45,75.04,17.42
2022-06-28,44.97,6.66,113.66,393.5,72.20999999999998,17.48
2022-06-29,54.06,6.69,111.65,380.0,69.32,17.26
2022-06-30,39.97,6.54,107.76,385.95,71.39,17.22
2022-07-01,48.38,5.75,110.3,388.0,72.0,17.56
2022-07-05,47.28,5.72,101.55,397.6,71.62,17.21
2022-07-06,42.17,5.65,100.31,399.7,71.06,17.18
2022-07-07,39.71,5.83,104.62,410.0,75.02,17.47
2022-07-08,74.06,6.4,106.78,413.75,76.68,17.56
2022-07-11,79.77,6.82,106.09,419.0,73.05,17.3
2022-07-12,35.39,6.81,97.69,426.0,70.61,17.34
2022-07-13,56.36,6.68,98.44,430.0,71.12,17.32
2022-07-14,46.67,6.9,97.79,416.35,71.14,17.05
2022-07-15,67.65,6.6,99.59,406.55,69.71,17.12
2022-07-18,85.12,7.65,104.48,396.05,71.37,17.28
2022-07-19,79.86,7.35,106.12,399.65,72.61,17.49
2022-07-20,70.7,7.58,104.45,408.6,73.34999999999998,17.39
2022-07-21,59.24,7.99,98.44,403.4,73.12,17.38
2022-07-22,127.35,8.25,97.71,409.2,72.04,17.47
2022-07-25,134.68,8.52,99.83,410.25,73.20999999999998,17.51
2022-07-26,132.9,9.46,97.74,414.0,72.63,17.38
2022-07-27,126.59,8.65,100.03,411.5,77.09,17.67
2022-07-28,97.62,8.75,99.11,411.4,82.88,18.28
2022-07-29,88.43,8.33,101.31,407.9,85.57,18.47
2022-08-01,66.89,8.2,96.59,405.0,83.35,18.35
2022-08-02,71.43,8.01,97.14,403.5,84.17,18.27
2022-08-03,63.06,7.81,93.25,393.5,81.77,18.19
2022-08-04,95.61,8.4,91.29,385.0,83.46,18.53
2022-08-05,148.53,8.3,91.77,361.0,84.77,18.51
2022-08-08,139.36,7.76,93.52,371.0,85.37,18.54
2022-08-09,87.1,7.87,93.18,384.5,85.85,18.65
2022-08-10,107.03,7.86,94.68,398.65,90.13,19.04
2022-08-11,64.43,8.53,97.02,401.0,87.93,18.95
2022-08-12,106.74,8.73,94.86,407.65,89.08,18.97
2022-08-15,141.67,8.62,92.24,407.5,88.89,18.96
2022-08-16,198.4,9.28,89.23,405.0,87.65,19.05
2022-08-17,150.94,9.51,90.85,413.9,86.63,19.11
2022-08-18,79.81999999999998,9.42,93.2,413.9,87.67,18.96
2022-08-19,77.62,9.14,93.55,416.25,84.82,18.75
2022-08-22,91.75,9.85,93.42,418.35,83.33,18.48
2022-08-23,105.91,9.75,96.46,417.6,83.92,18.47
2022-08-24,126.03,9.27,95.52,412.6,85.65,18.61
2022-08-25,65.6,9.47,93.33,417.5,87.49,18.84
2022-08-26,123.56,9.48,93.63,417.4,85.72,18.36
2022-08-29,197.76,9.24,97.4,422.75,84.71,18.25
2022-08-30,217.12,9.1,92.08,414.55,83.63,18.04
2022-08-31,1001.46,8.93,90.09,425.0,84.33,17.86
2022-09-01,128.87,9.38,87.09,427.35,82.79,17.67
2022-09-02,571.12,9.18,87.29,435.0,80.84,17.44
2022-09-06,241.75,8.52,87.35,450.25,82.35,17.39
2022-09-07,247.36,8.12,82.5,439.0,87.42,17.95
2022-09-08,111.52,8.27,84.04,440.35,87.75,18.03
2022-09-09,113.32,8.31,87.27,435.25,87.79,18.15
2022-09-12,78.18,8.2,88.18,437.5,88.2,18.36
2022-09-13,103.37,8.49,87.84,439.35,86.66,17.76
2022-09-14,96.58,8.7,88.88,444.2,88.35,17.85
2022-09-15,78.18,8.6,85.72,445.5,85.01,17.49
2022-09-16,94.56,8.11,85.57,439.0,84.98,17.39
2022-09-19,83.58,7.96,86.15,439.05,84.29,17.33
2022-09-20,90.73,8.01,84.69,441.3,81.66,16.89
2022-09-21,63.39,7.99,83.38,444.5,81.23,16.82
2022-09-22,86.2,7.76,84.02,435.65,78.47,16.52
2022-09-23,137.59,6.75,79.07,435.2,75.7,15.95
2022-09-26,107.65,6.75,77.17,438.0,74.34999999999998,15.51
2022-09-27,69.92,6.83,78.91,437.65,75.92,15.36
2022-09-28,73.51,6.59,82.61,436.0,77.33,15.66
2022-09-29,58.88,6.57,81.78,435.75,73.27,15.17
2022-09-30,79.12,6.4,79.91,433.7,73.61,15.12
2022-10-03,72.0,5.64,84.05,401.5,75.37,15.63
2022-10-04,76.41,5.4,86.87,404.0,78.36,16.24
2022-10-05,84.46,5.84,88.22,396.25,75.26,15.86
2022-10-06,80.44,6.91,88.9,400.0,73.14,15.38
2022-10-07,69.01,6.25,93.07,385.8,71.05,15.03
2022-10-10,78.64,,91.6,386.5,70.09,14.91
2022-10-11,75.58,6.2,89.75,391.15,69.12,14.73
2022-10-12,75.77,6.6,87.83,403.0,66.89,14.45
2022-10-13,74.28,6.25,89.59,393.5,67.57,14.78
2022-10-14,81.28,6.1,86.1,392.5,66.0,14.59
2022-10-17,91.17,6.08,86.0,392.15,66.61,15.05
2022-10-18,103.48,6.16,83.29,387.85,68.46,15.34
2022-10-19,63.29,5.63,86.0,391.0,66.1,15.05
2022-10-20,59.73,5.1,86.02,391.95,65.37,14.88
2022-10-21,72.4,4.45,85.47,390.0,66.55,15.17
2022-10-24,68.11,4.81,86.12,390.0,64.86,15.24
2022-10-25,59.75,5.17,86.93,388.15,67.99,15.62
2022-10-26,65.17,5.28,89.39,386.5,70.83,15.95
2022-10-27,61.68,5.3,89.06,385.6,71.59,15.87
2022-10-28,46.59,5.02,87.85,385.7,70.88,15.91
2022-10-31,62.43,5.02,86.54,356.3,71.28,15.61
2022-11-01,66.71,4.57,88.36,359.0,71.75,15.77
2022-11-02,72.34,4.58,90.06,361.0,69.93,15.46
2022-11-03,46.07,4.65,88.14,351.0,72.52,15.51
2022-11-04,84.25,4.0,92.58,349.5,72.36,15.97
2022-11-07,92.59,4.62,91.8,344.9,71.41,16.08
2022-11-08,107.43,4.0,88.8,339.0,73.89,16.31
2022-11-09,100.24,3.46,85.79,324.75,74.59,16.27
2022-11-10,89.39,4.8,86.52,324.25,81.48,17.34
2022-11-14,107.43,6.24,85.85,330.35,79.25,17.03
2022-11-15,99.87,5.9,86.87,341.0,81.81999999999998,17.13
2022-11-16,86.39,5.88,85.62,332.55,81.54,17.05
2022-11-17,89.74,6.2,81.69,334.6,82.62,17.0
2022-11-18,89.58,6.1,80.07,343.45,81.51,16.93
2022-11-21,82.36,6.23,79.74,351.0,80.81,16.8
2022-11-22,83.18,6.27,80.83,347.15,81.48999999999998,17.08
2022-11-23,112.99,6.57,77.93,346.45,82.35,17.34
2022-11-28,160.33,6.0,77.1,379.0,80.45999999999998,16.94
2022-11-29,159.96,6.03,77.96,387.4,79.48999999999998,16.87
2022-11-30,188.84,7.0,80.48,398.5,83.98,17.41
2022-12-01,193.46,6.33,81.06,385.0,81.5,17.52
2022-12-02,184.48,4.92,79.86,391.0,83.76,17.51
2022-12-05,158.42,4.15,76.83,400.5,81.9,17.46
2022-12-06,153.43,4.58,74.21,408.8,79.09,17.35
2022-12-07,191.17,4.49,71.93,405.65,78.45999999999998,17.28
2022-12-08,293.94,4.79,71.3,395.5,79.09,17.36
2022-12-09,466.74,4.98,71.05,402.5,78.62,17.35
2022-12-12,392.29,6.73,72.96,400.25,79.45999999999998,17.59
2022-12-13,442.33,7.2,75.44,404.5,81.15,17.82
2022-12-14,308.13,6.54,77.14,404.0,82.73,17.94
2022-12-15,278.91,6.8,75.89,401.9,80.23999999999998,17.5
2022-12-16,349.45,6.63,74.19,403.0,78.43,17.18
2022-12-19,357.09,6.08,75.05,401.35,77.4,17.08
2022-12-20,363.01,5.28,75.92,400.05,76.81,17.01
2022-12-21,453.35,6.13,78.17,401.4,78.42,17.18
2022-12-22,199.89,7.1,77.68,400.65,75.86,17.04
2022-12-27,215.02,4.88,79.45,400.5,73.08,17.19
2022-12-28,222.2,4.06,78.89,402.1,71.83,17.09
2022-12-29,119.45,3.78,78.43,404.15,73.08,17.45
2022-12-30,169.6,3.52,80.16,404.15,72.94,17.32
2023-01-03,180.23,3.64,76.87,393.1,72.17,17.45
2023-01-04,155.14,3.75,72.82,394.55,73.3,17.65
2023-01-05,155.06,3.78,73.61,397.5,70.91,17.28
2023-01-06,160.69,3.43,73.77,396.15,73.87,17.83
2023-01-09,175.11,3.65,74.69,393.85,74.70999999999998,17.94
2023-01-10,161.02,3.32,75.11,390.45,77.04,18.02
2023-01-11,131.41,3.41,77.46,370.0,80.20999999999998,18.43
2023-01-12,172.75,3.47,78.32,377.5,81.68,18.67
2023-01-13,130.78,3.43,79.9,370.25,81.73999999999998,18.57
2023-01-17,166.2,3.43,80.25,369.25,82.29,18.65
2023-01-18,165.27,3.2,79.53,368.0,81.79,18.46
2023-01-19,168.35,2.91,80.31,363.5,77.95999999999998,18.19
2023-01-20,135.08,3.15,81.27,350.95,79.47,18.2
2023-01-23,144.5,3.43,81.62,360.0,81.61,18.28
2023-01-24,149.26,3.35,79.86,359.6,80.68,18.31
2023-01-25,142.68,3.09,79.78,354.0,79.2,18.25
2023-01-26,66.84,2.72,80.64,355.6,79.48,18.25
2023-01-27,169.84,2.83,79.73,358.1,80.15,18.1
2023-01-30,99.17,2.82,77.97,265.35,78.22,17.84
2023-01-31,106.93,2.65,78.95,251.75,80.8,18.07
2023-02-01,141.01,2.65,76.34,247.0,82.63,18.28
2023-02-02,53.91,2.67,75.87,244.65,81.7,18.36
2023-02-03,49.18,2.4,73.4,236.0,79.73,18.02
2023-02-06,48.18,2.17,74.11,252.0,79.16,17.88
2023-02-07,54.41,2.35,77.17,255.65,78.92,17.9
2023-02-08,65.38,2.4,78.47,239.35,78.02,17.89
2023-02-09,60.04,2.4,78.04,225.5,76.4,17.87
2023-02-10,54.73,2.37,79.74,226.1,75.88,17.82
2023-02-13,76.37,2.42,80.14,221.0,77.08,17.91
2023-02-14,77.39,2.42,79.08,219.5,76.53,17.95
2023-02-15,82.43,2.45,78.57,219.9,79.04,17.9
2023-02-16,54.71,2.48,78.45,214.0,76.23,17.83
2023-02-17,55.64,2.28,76.31,209.35,75.7,17.86
2023-02-21,81.78,2.12,76.28,208.5,74.09,17.68
2023-02-22,179.79,2.07,73.95,209.65,74.09,17.39
2023-02-23,247.69,2.17,75.26,210.1,74.65,17.45
2023-02-24,120.79,2.36,76.19,209.2,72.59,17.28
2023-02-27,87.65,2.55,75.57,196.5,74.22,17.35
2023-02-28,112.46,2.5,76.88,192.85,74.29,17.23
2023-03-01,94.5,2.59,77.57,193.5,76.55,17.37
2023-03-02,124.97,2.67,78.05,193.0,76.25,17.42
2023-03-03,154.75,2.66,79.62,188.9,78.2,17.65
2023-03-06,127.46,2.46,80.39,181.75,79.72,17.66
2023-03-07,93.94,2.52,77.45,179.25,78.78,17.43
2023-03-08,98.86,2.5,76.56,179.5,78.34999999999998,17.46
2023-03-09,63.21,2.5,75.6,180.0,77.02,17.42
2023-03-10,68.72,2.4,76.55,185.25,75.06,17.27
2023-03-13,101.74,2.4,74.68,182.9,75.13,17.27
2023-03-14,77.29,2.65,71.18,180.0,75.62,17.65
2023-03-15,98.49,2.45,67.38,175.0,73.23,17.07
2023-03-16,66.46,2.45,68.15,174.0,72.25,17.31
2023-03-17,85.26,2.42,66.61,173.0,69.41,16.92
2023-03-20,89.7,2.23,67.56,172.25,70.51,17.14
2023-03-21,87.54,1.93,69.4,174.0,74.08,17.26
2023-03-22,47.04,2.03,70.71,176.55,72.48999999999998,17.21
2023-03-23,47.77,2.08,69.77,176.65,73.58,17.23
2023-03-24,113.23,2.04,69.22,175.35,72.98,17.0
2023-03-27,86.4,2.04,72.87,176.25,72.92,17.1
2023-03-28,82.04,2.02,73.12,176.5,72.56,17.14
2023-03-29,66.6,1.94,72.95,176.6,74.2,17.31
2023-03-30,64.78,1.95,74.32,176.75,75.75,17.74
2023-03-31,95.43,2.1,75.68,177.25,77.63,17.86
2023-04-03,101.8,2.09,80.4,200.0,76.36,17.86
2023-04-04,133.28,2.13,80.7,192.65,75.83,17.8
2023-04-05,102.33,2.17,80.69,198.0,73.69,17.79
2023-04-06,96.85,2.18,80.7,193.75,73.68,17.85
2023-04-10,81.65,2.15,79.79,193.75,75.19,17.91
2023-04-11,98.87,2.19,81.54,194.15,75.72,17.97
2023-04-12,90.6,2.22,83.26,194.6,74.64,18.06
2023-04-13,114.21,2.04,82.16,190.75,76.98999999999998,18.23
2023-04-14,113.99,1.87,82.58,188.0,76.33,18.13
2023-04-17,119.93,2.21,80.93,187.0,78.36,18.04
2023-04-18,111.99,2.23,80.85,188.3,78.4,17.92
2023-04-19,117.13,2.2,79.18,192.5,77.78,17.96
2023-04-20,118.23,2.19,77.27,191.75,77.63,17.86
2023-04-21,79.02,2.2,77.86,190.35,77.72,17.99
2023-04-24,89.72,2.19,78.64,190.0,77.68,18.05
2023-04-25,95.34,2.21,77.05,189.05,75.62,17.75
2023-04-26,113.36,2.19,74.33,190.15,71.45,17.61
2023-04-27,99.34,2.17,74.77,189.95,72.75,17.93
2023-04-28,61.78,2.27,76.78,189.7,71.99,17.89
2023-05-01,44.27,2.24,75.65,185.15,71.13,17.93
2023-05-02,31.97,2.12,71.71,187.55,68.81,17.76
2023-05-03,13.12,2.01,68.62,180.6,68.71,17.61
2023-05-04,12.05,1.96,68.52,170.65,68.27,17.77
2023-05-05,14.29,1.85,71.32,169.65,70.21,18.04
2023-05-08,11.66,2.12,73.13,169.65,69.95,17.92
2023-05-09,17.94,2.22,73.68,169.0,69.25,17.79
2023-05-11,16.48,2.07,70.81,163.0,69.81,17.62
2023-05-12,38.4,1.98,70.02,164.9,71.94,17.78
2023-05-15,28.86,2.25,71.07,163.75,72.69,18.09
2023-05-16,26.17,2.28,70.85,163.8,70.99,18.01
2023-05-17,21.91,2.25,72.78,165.25,71.66,17.95
2023-05-18,7.58,2.3,71.82,159.35,70.77,17.79
2023-05-19,1.88,2.37,71.57,162.25,70.11,17.77
2023-05-22,12.64,2.3,71.81,160.35,71.34,17.91
2023-05-23,19.07,2.22,72.87,160.0,71.14,17.62
2023-05-24,23.54,2.25,74.37,160.25,70.82,17.44
2023-05-25,3.33,2.23,71.68,160.0,70.62,17.34
2023-05-26,14.51,1.88,72.35,160.0,70.77,17.32
2023-05-30,20.14,2.11,69.45,135.1,70.81,17.41
2023-05-31,53.54,2.1,68.11,135.0,69.98,17.19
2023-06-01,31.58,1.77,70.09,130.15,71.48,17.47
2023-06-02,64.23,1.74,71.76,131.0,72.06999999999998,17.65
2023-06-05,83.48,1.92,72.14,137.75,71.81,17.64
2023-06-06,79.63,1.95,71.71,134.45,71.24,17.74
2023-06-07,62.14,2.13,72.52,136.0,71.02,17.6
2023-06-08,60.76,2.1,71.28,136.25,70.82,17.77
2023-06-09,69.88,1.85,70.16,135.7,70.39,17.73
2023-06-12,34.67,1.9,67.08,134.0,71.54,17.74
2023-06-13,24.39,2.0,69.39,132.25,72.31,17.69
2023-06-14,42.85,2.05,68.22,132.0,71.62,17.78
2023-06-15,22.32,2.18,70.61,135.95,73.2,17.99
2023-06-16,36.59,2.13,71.81,128.45,72.79,17.95
2023-06-20,47.5,2.38,70.94,126.55,70.5,17.79
2023-06-21,44.15,2.24,72.55,124.15,69.64,17.79
2023-06-22,38.68,2.27,69.22,125.75,68.93,17.61
2023-06-23,43.67,2.22,68.91,125.5,68.04,17.08
2023-06-26,45.99,2.62,69.09,125.5,68.41,17.15
2023-06-27,59.4,2.68,67.68,127.9,69.2,17.14
2023-06-29,76.01,2.4,69.85,127.9,68.92,17.22
2023-06-30,122.68,2.48,70.66,128.05,71.42,17.47
2023-07-03,116.35,2.48,69.71,148.05,71.42,17.47
2023-07-05,93.71,2.65,71.78,144.8,69.79,17.16
2023-07-06,62.76,2.5,71.76,139.65,67.36,16.95
2023-07-07,52.57,2.49,73.91,138.0,68.05,16.94
2023-07-10,57.97,2.55,73.05,133.7,69.37,17.01
2023-07-11,54.76,2.57,74.87,131.0,69.36,17.2
2023-07-12,65.46,2.55,75.77,129.05,71.32,17.47
2023-07-13,106.28,2.5,76.86,128.0,72.12,17.74
2023-07-14,102.56,2.5,75.44,131.65,70.72,17.51
2023-07-17,126.22,2.46,74.17,131.1,73.55,17.66
2023-07-18,117.87,2.52,75.76,134.35,72.89,17.58
2023-07-19,137.12,2.51,75.4,132.0,73.01,17.59
2023-07-20,122.79,2.61,75.65,132.0,71.44,17.5
2023-07-21,96.15,2.61,77.06,133.0,71.15,17.47
2023-07-24,104.15,2.68,78.81,133.1,70.92,17.47
2023-07-25,105.2,2.66,79.76,134.0,71.04,17.51
2023-07-26,111.3,2.6,79.11,134.0,70.02,17.61
2023-07-27,108.45,2.47,80.17,134.0,68.13,17.19
2023-07-28,113.03,2.53,80.55,134.45,68.26,17.11
2023-07-31,112.08,2.58,81.8,137.3,68.54,17.08
2023-08-01,127.69,2.49,81.37,134.35,67.06,16.9
2023-08-02,114.76,2.43,79.5,133.5,63.38,16.56
2023-08-03,110.29,2.44,81.56,136.85,63.63,16.46
2023-08-04,109.61,2.53,82.76,137.0,62.72,16.48
2023-08-07,97.02,2.65,81.94,141.1,62.21,16.51
2023-08-08,69.73,2.77,82.94,142.5,62.04,16.45
2023-08-09,69.35,2.92,84.35,142.5,63.4,16.42
2023-08-10,71.95,2.83,82.81,143.0,62.78,16.33
2023-08-11,161.09,2.61,83.17,144.0,61.82,16.21
2023-08-14,354.63,2.74,82.5,146.5,62.02,16.2
2023-08-15,976.38,2.65,81.06,147.15,59.58,15.88
2023-08-16,162.09,2.55,79.4,147.5,58.19,15.82
2023-08-17,62.31,2.56,80.43,147.0,57.27,15.62
2023-08-18,74.08,2.44,81.25,149.5,57.01,15.69
2023-08-21,55.05,2.6,80.71,149.25,56.38,15.66
2023-08-23,64.73,2.6,78.91,150.0,56.76,16.01
2023-08-24,71.49,2.42,79.52,149.0,55.5,15.88
2023-08-25,111.53,2.46,80.47,149.4,56.17,16.01
2023-08-28,48.03,2.6,80.65,159.75,56.48,16.15
2023-08-29,36.02,2.5,81.14,159.5,58.72,16.47
2023-08-30,57.83,2.48,81.64,156.0,58.28,15.9
2023-08-31,56.38,2.56,83.55,156.0,58.23,15.82
2023-09-01,54.43,2.7,85.52,156.25,58.41,15.77
2023-09-05,54.76,2.6,86.74,160.5,58.02,15.35
2023-09-06,63.71,2.49,87.55,160.0,56.81,15.2
2023-09-07,80.18,2.45,86.87,157.65,55.56,15.15
2023-09-08,86.61,2.53,87.51,156.25,55.57,15.22
2023-09-11,67.53,2.5,87.3,158.0,55.73,15.32
2023-09-12,74.4,2.72,88.87,159.0,56.79,15.2
2023-09-13,81.84,2.76,88.59,162.25,55.62,15.27
2023-09-14,82.36,2.81,90.13,160.15,57.1,15.65
2023-09-15,45.57,2.74,90.83,160.5,55.92,15.5
2023-09-18,45.53,2.54,91.47,160.75,54.24,15.46
2023-09-19,60.83,2.46,91.16,160.75,54.6,15.4
2023-09-20,65.22,2.78,89.2,160.75,54.54,15.44
2023-09-21,59.18,2.7,89.56,160.5,53.59,15.09
2023-09-22,69.79,2.63,90.0,160.0,52.82,14.98
2023-09-25,57.44,2.63,89.68,160.0,52.57,14.79
2023-09-26,42.45,2.55,91.43,160.35,51.74,14.49
2023-09-27,49.39,2.72,93.67,160.35,51.68,14.43
2023-09-28,54.52,2.74,91.65,159.75,51.85,14.47
2023-09-29,52.68,2.68,90.77,160.1,51.79,14.49
2023-10-02,47.94,2.7,88.81,154.5,49.43,14.0
2023-10-03,52.85,2.71,89.26,149.65,47.59,13.58
2023-10-04,68.36,2.92,84.32,144.65,47.9,13.52
2023-10-05,81.15,2.92,82.3,139.0,46.66,13.58
2023-10-06,65.4,3.3,82.83,138.5,47.73,13.78
2023-10-09,55.77,,,141.35,47.09,13.81
2023-10-10,56.97,3.34,85.89,141.9,49.76,14.2
2023-10-11,69.33,3.19,83.7,140.5,50.4,14.31
2023-10-12,68.23,3.16,82.87,142.65,49.0,13.97
2023-10-13,94.52,3.11,87.67,143.85,48.33,13.79
2023-10-16,99.48,2.98,86.65,143.75,48.97,13.88
2023-10-17,110.58,2.94,86.66,142.25,49.68,13.87
2023-10-18,108.51,2.92,88.35,140.0,48.23,13.52
2023-10-19,98.38,2.84,89.35,136.5,46.75,13.5
2023-10-20,36.86,2.6,89.12,138.0,43.92,13.33
2023-10-23,98.63,2.65,85.49,138.35,43.68,13.33
2023-10-24,132.76,2.85,84.58,136.5,44.26,13.68
2023-10-25,284.92,2.86,86.07,133.5,42.64,13.5
2023-10-26,241.04,2.87,83.8,135.7,43.05,13.5
2023-10-27,188.5,3.24,86.04,135.2,40.95,13.47
2023-10-30,115.62,3.17,83.03,131.0,41.35,13.58
2023-10-31,102.76,3.34,81.64,121.1,41.98,13.59
2023-11-01,63.83,3.19,81.05,119.65,41.52,13.39
2023-11-02,53.15,3.12,83.04,120.0,43.04,13.93
2023-11-03,55.48,3.0,81.19,122.5,44.7,14.33
2023-11-06,38.19,2.71,81.54,119.0,43.88,14.25
2023-11-07,78.75,2.0,77.96,120.1,43.91,14.07
2023-11-08,45.59,2.18,75.85,122.5,42.54,14.05
2023-11-09,49.44,2.71,76.34,123.0,41.56,14.03
2023-11-13,88.41,2.61,78.86,122.0,41.71,14.04
2023-11-14,97.95,2.69,78.9,122.5,46.03,14.85
2023-11-15,99.41,2.88,77.15,123.25,46.65,14.82
2023-11-16,74.29,2.91,73.5,123.1,45.48,14.76
2023-11-17,81.81999999999998,2.62,76.47,123.25,45.63,14.92
2023-11-20,76.64,2.49,78.1,122.5,47.03,15.09
2023-11-21,70.34,2.63,78.35,122.3,46.04,14.82
2023-11-22,72.34,2.72,76.8,122.15,46.06,14.76
2023-11-27,96.89,2.74,74.46,127.5,44.63,14.77
2023-11-28,110.0,2.78,76.09,127.45,45.29,14.82
2023-11-29,129.59,2.7,77.56,127.85,45.84,14.95
2023-11-30,70.35,2.75,75.66,132.15,45.84,15.08
2023-12-01,80.06,2.63,73.7,133.5,47.87,15.31
2023-12-04,65.56,2.55,72.73,134.45,47.74,15.23
2023-12-05,72.4,2.72,71.95,134.15,47.23,15.14
2023-12-06,60.35,2.76,68.98,140.45,46.58,15.28
2023-12-07,74.31999999999998,2.52,69.0,148.75,46.65,15.27
2023-12-08,75.37,2.57,70.87,151.0,45.82,15.25
2023-12-11,64.28,2.39,70.95,152.5,45.81,15.11
2023-12-12,59.58,2.37,68.27,146.25,44.46,15.01
2023-12-13,61.74,2.33,69.09,146.25,46.94,15.51
2023-12-14,51.22,2.39,71.21,145.5,50.76,16.05
2023-12-15,62.3,2.44,71.05,145.25,51.78,16.01
2023-12-18,50.57,2.59,72.16,144.75,50.6,15.88
2023-12-19,50.91,2.44,73.23,145.25,52.95,16.07
2023-12-20,45.1,2.48,73.87,144.25,50.64,15.88
2023-12-21,40.89,2.48,73.59,145.25,53.06,16.21
2023-12-22,36.2,2.54,73.29,145.5,52.59,16.19
2023-12-27,35.27,2.63,74.31,146.0,53.68,16.44
2023-12-28,41.08,2.55,72.02,145.45,54.22,16.55
2023-12-29,69.61,2.58,71.89,146.4,53.35,16.48
2024-01-02,71.74,2.56,70.62,127.75,52.07,16.23
2024-01-03,63.05,2.57,72.97,128.5,50.08,15.86
2024-01-04,56.85,2.83,72.38,130.9,48.77,15.97
2024-01-05,112.66,2.75,74.0,131.55,48.29,16.04
2024-01-08,78.77,2.72,71.06,132.0,48.29,16.19
2024-01-09,105.15,3.25,72.43,135.65,47.91,16.16
2024-01-10,879.07,3.25,71.57,133.5,48.26,16.19
2024-01-11,934.0,3.15,72.15,130.75,47.01,16.03
2024-01-12,798.15,13.2,72.94,130.85,46.45,16.03
2024-01-16,374.09,3.25,72.63,129.5,44.27,15.53
2024-01-17,348.04,2.86,72.79,129.5,42.89,15.23
2024-01-18,140.07,2.88,74.32,128.9,43.27,15.29
2024-01-19,89.58,2.7,73.69,128.0,42.9,15.38
2024-01-22,88.41,2.35,75.26,127.45,43.56,15.37
2024-01-23,98.03,2.15,74.72,127.3,44.89,15.44
2024-01-24,60.86,2.45,75.48,127.2,44.03,15.42
2024-01-25,59.42,2.56,77.91,126.8,43.88,15.49
2024-01-26,56.53,2.36,78.45,127.1,43.19,15.37
2024-01-29,36.51,2.41,77.25,116.4,44.05,15.45
2024-01-30,44.58,2.26,78.3,119.55,43.22,15.33
2024-01-31,50.26,2.19,76.28,116.5,42.37,15.32
2024-02-01,40.73,2.15,74.36,116.0,43.42,15.57
2024-02-02,60.92,2.01,72.72,116.75,42.28,15.31
2024-02-05,54.55,2.12,73.21,119.0,41.1,14.99
2024-02-06,53.5,2.1,73.83,119.0,42.28,15.13
2024-02-07,44.96,1.94,74.26,120.5,44.16,15.2
2024-02-08,56.69,1.74,76.67,120.6,44.1,15.03
2024-02-09,47.83,1.74,77.26,120.6,45.49,15.04
2024-02-12,57.26,1.76,77.34,120.0,47.3,15.19
2024-02-13,58.11,1.61,78.28,120.5,44.49,14.84
2024-02-14,64.09,1.51,77.09,119.75,46.63,15.0
2024-02-15,50.46,1.53,78.47,119.25,47.4,15.2
2024-02-16,60.42,1.55,79.65,119.25,46.86,15.05
2024-02-20,58.7,1.5,78.72,119.6,45.81,14.93
2024-02-21,47.6,1.58,78.89,119.4,44.76,15.02
2024-02-22,39.1,1.62,79.64,119.4,42.65,15.02
2024-02-23,35.13,1.52,77.6,119.4,41.99,14.95
2024-02-26,42.42,1.65,78.53,127.75,41.98,14.92
2024-02-27,24.89,1.52,79.8,129.2,42.56,15.04
2024-02-28,37.55,1.61,79.44,129.5,42.01,14.9
2024-02-29,44.93,1.67,79.22,131.0,43.15,15.18
2024-03-01,62.62,1.47,80.9,132.0,44.18,15.3
2024-03-04,81.92,1.48,79.67,136.0,43.39,15.23
2024-03-05,65.27,1.51,79.11,137.45,43.0,15.19
2024-03-07,43.39,1.56,79.81,135.5,44.97,15.7
2024-03-08,36.34,1.54,78.96,134.4,45.77,15.73
2024-03-11,27.38,1.54,78.87,133.0,46.38,15.63
2024-03-12,41.12,1.57,78.51,130.65,44.62,15.49
2024-03-13,37.88,1.25,80.67,131.1,43.87,15.41
2024-03-14,31.21,1.26,82.16,131.5,42.69,15.24
2024-03-15,30.63,1.38,81.94,131.0,42.55,15.24
2024-03-18,34.22,1.54,83.68,129.75,42.8,15.14
2024-03-19,21.83,1.55,84.39,129.4,43.05,15.15
2024-03-21,22.73,1.55,81.99,128.25,44.39,15.28
2024-03-22,23.7,1.5,81.1,127.7,44.03,15.3
2024-03-25,23.32,1.46,82.41,128.95,43.45,15.23
2024-03-26,26.58,1.48,82.41,128.9,43.02,15.23
2024-03-27,26.84,1.43,82.15,129.0,45.39,15.5
2024-03-28,37.97,1.54,83.96,129.1,45.37,15.42
2024-04-01,27.13,1.64,84.54,132.0,45.07,15.33
2024-04-02,35.33,1.65,85.95,132.25,43.39,15.23
2024-04-04,20.11,1.78,87.37,128.2,43.72,15.28
2024-04-05,28.03,1.58,87.69,129.1,43.13,15.29
2024-04-08,22.72,1.73,87.24,128.2,43.74,15.44
2024-04-09,46.95,1.83,86.04,127.75,45.52,15.59
2024-04-10,48.36,1.9,86.98,128.0,43.97,15.26
2024-04-11,38.68,1.62,85.79,128.75,43.68,15.3
2024-04-12,22.95,1.36,86.46,129.25,41.99,15.12
2024-04-15,22.11,1.41,86.21,129.75,40.6,14.93
2024-04-16,36.78,1.38,86.15,129.25,39.74,14.83
2024-04-19,41.41,1.43,83.79,130.6,39.59,14.9
2024-04-22,43.86,1.64,83.82,129.5,39.95,15.0
2024-04-23,27.1,1.59,84.17,129.75,40.5,15.19
2024-04-24,38.65,1.6,84.09,129.0,40.31,15.12
2024-04-25,24.28,1.46,84.92,129.25,39.79,15.11
2024-04-26,33.29,1.4,85.38,129.75,40.77,15.21
2024-04-29,63.16,1.55,84.26,137.4,41.62,15.45
2024-04-30,56.24,1.68,83.49,142.25,40.33,15.3
2024-05-02,48.75,1.66,80.59,147.75,41.49,15.64
2024-05-03,33.63,1.67,79.65,145.15,42.91,15.89
2024-05-06,23.68,1.88,80.1,145.3,43.25,16.02
2024-05-07,46.5,1.95,79.97,146.4,43.06,16.18
2024-05-08,45.58,2.01,80.57,145.25,42.48,16.29
2024-05-09,56.29,2.03,80.86,144.95,43.2,16.53
2024-05-10,32.75,2.14,79.81,144.4,42.06,16.61
2024-05-13,47.91,2.11,80.71,142.1,42.77,16.67
2024-05-14,33.61,2.14,79.62,142.65,43.77,16.83
2024-05-16,8.49,2.32,80.85,143.5,43.33,17.21
2024-05-17,21.45,2.44,81.66,141.5,42.61,17.06
2024-05-20,15.61,2.52,81.39,141.0,42.27,16.95
2024-05-21,12.95,2.52,80.66,142.05,42.91,17.05
2024-05-22,18.38,2.51,79.15,142.4,46.76,17.02
2024-05-23,6.99,2.64,77.47,142.75,45.14,16.91
2024-05-24,18.8,2.22,78.48,142.8,47.5,17.2
2024-05-28,8.18,2.29,80.9,142.4,47.62,17.34
2024-05-30,18.1,1.87,78.96,142.4,49.0,17.39
2024-05-31,28.2,1.78,77.97,142.4,48.28,17.44
2024-06-03,28.55,2.55,75.26,140.2,48.13,17.57
2024-06-04,30.43,2.58,74.27,137.95,47.41,17.52
2024-06-05,34.68,2.27,75.08,136.0,48.53,17.58
2024-06-06,47.11,2.3,76.52,134.35,47.51,17.37
2024-06-07,21.61,2.46,76.53,131.45,45.94,17.12
2024-06-10,14.95,2.61,78.75,131.85,47.26,17.15
2024-06-11,26.63,2.71,78.88,131.25,47.83,16.93
2024-06-13,16.94,2.79,79.61,134.7,47.12,16.96
2024-06-14,21.7,2.74,79.41,133.15,45.8,16.71
2024-06-17,31.4,2.5,81.33,133.9,44.93,16.65
2024-06-18,41.83,2.43,82.67,133.9,45.11,16.71
2024-06-20,42.47,2.39,83.34,133.9,43.77,16.73
2024-06-21,48.35,2.44,81.71,132.05,43.23,16.63
2024-06-24,66.9,2.58,82.63,132.95,42.96,16.76
2024-06-25,38.31,2.61,81.97,134.1,41.65,16.69
2024-06-27,49.15,2.55,83.04,132.75,42.06,16.39
2024-06-28,39.89,2.42,82.83,133.45,40.21,16.21
2024-07-01,35.13,2.21,84.7,132.1,39.24,16.16
2024-07-02,43.35,2.06,84.09,132.25,38.98,16.26
2024-07-03,117.01,2.02,85.19,135.0,40.54,16.51
2024-07-05,156.35,2.02,84.44,135.75,40.01,16.89
2024-07-08,147.01,2.1,83.63,135.05,40.45,16.66
2024-07-09,98.56,2.42,82.78,135.25,40.73,16.59
2024-07-11,84.2,2.23,83.92,133.75,43.27,17.07
2024-07-12,59.63,2.17,83.49,133.85,44.5,17.23
2024-07-15,82.34,2.12,83.22,134.95,41.89,16.74
2024-07-16,67.68,2.1,81.92,134.4,43.47,16.91
2024-07-17,64.63,1.98,84.16,134.75,42.24,16.64
2024-07-18,72.89,2.0,84.17,135.0,41.73,16.52
2024-07-19,68.27,1.88,81.43,135.1,41.4,16.6
2024-07-22,73.23,2.19,81.25,135.0,41.62,16.77
2024-07-23,70.34,2.13,78.24,134.7,41.44,16.66
2024-07-25,65.29,2.0,79.43,134.75,42.08,16.59
2024-07-26,40.41,1.98,78.58,134.8,42.69,16.85
2024-07-29,46.23,1.9,77.27,140.1,41.66,16.86
2024-07-30,66.96,1.81,76.17,139.25,40.98,16.76
2024-07-31,97.65,1.94,79.36,140.1,42.13,17.09
2024-08-01,72.0,1.95,77.74,142.55,41.41,16.78
2024-08-02,81.09999999999998,1.89,74.99,144.1,40.19,16.62
2024-08-05,69.49,1.83,74.46,143.7,39.12,16.12
2024-08-06,78.34999999999998,1.83,74.6,145.5,39.18,16.29
2024-08-08,54.84,1.85,77.64,145.5,40.2,16.74
2024-08-09,32.95,1.94,78.28,146.0,39.39,16.75
2024-08-12,30.06,2.1,81.45,146.75,39.26,16.62
2024-08-13,39.64,2.16,79.81,146.9,40.66,17.0
2024-08-14,34.37,2.18,78.47,145.75,40.07,16.88
2024-08-15,39.51,2.19,79.66,150.0,41.11,16.89
2024-08-16,45.34,2.01,78.05,146.75,40.7,16.87
2024-08-19,42.81,2.12,75.82,146.5,41.6,17.01
2024-08-20,35.93,2.18,75.27,146.0,40.74,16.83
2024-08-22,18.67,1.93,73.72,146.75,40.08,16.71
2024-08-23,47.15,1.82,75.82,145.2,42.17,17.05
2024-08-26,15.76,2.13,78.4,145.7,41.68,17.01
2024-08-27,32.8,1.91,76.5,146.0,41.53,17.06
2024-08-28,37.1,1.89,75.49,145.0,40.92,16.96
2024-08-29,49.05,1.85,76.9,145.0,40.78,16.89
2024-08-30,49.74,1.93,74.52,146.2,41.28,16.98
2024-09-03,89.35,1.93,71.28,142.0,39.82,16.58
2024-09-05,99.8,2.02,70.09,141.0,39.99,16.9
2024-09-06,50.84,2.09,68.58,141.5,38.97,16.67
2024-09-09,43.68,2.03,69.65,141.65,38.17,16.66
2024-09-10,33.07,2.13,66.73,138.75,38.1,16.68
2024-09-11,30.24,2.13,68.25,139.0,40.49,17.1
2024-09-12,33.95,2.13,69.89,138.15,40.04,17.26
2024-09-13,35.96,2.25,69.59,137.9,40.58,17.5
2024-09-16,30.87,2.23,71.1,137.25,40.57,17.62
2024-09-17,40.9,2.33,72.16,139.65,41.46,17.63
2024-09-19,44.47,2.24,72.86,139.5,41.14,17.79
2024-09-20,55.79,2.2,72.72,139.5,40.66,17.77
2024-09-23,69.45,2.4,71.33,139.5,40.94,17.88
2024-09-24,34.58,2.61,72.34,139.5,41.51,18.03
2024-09-25,50.49,2.62,70.42,139.75,40.58,17.87
2024-09-26,53.61,2.64,68.28,139.6,41.94,18.03
2024-09-27,63.7,2.53,68.72,139.75,43.0,18.06
2024-09-30,50.78,2.65,68.75,145.1,43.11,18.04
2024-10-01,52.17,2.67,70.41,141.65,42.67,17.87
2024-10-03,44.2,2.75,74.33,140.8,41.64,17.42
2024-10-04,88.18,2.49,74.93,148.2,42.13,17.52
2024-10-07,72.56999999999998,2.51,77.76,148.5,42.89,17.67
2024-10-08,41.35,2.51,74.26,147.8,40.54,17.42
2024-10-09,72.76,2.43,73.85,145.45,40.05,17.42
2024-10-10,64.97,2.26,76.46,148.0,38.57,17.18
2024-10-11,48.65,2.31,76.11,146.7,39.32,17.27
2024-10-14,59.53,,,148.2,38.88,17.25
2024-10-15,38.69,2.37,71.22,146.05,37.51,16.96
2024-10-17,44.85,2.19,71.26,145.75,37.02,17.18
2024-10-18,40.43,1.82,69.78,145.4,37.34,17.34
2024-10-21,65.95,1.76,71.16,145.6,36.9,17.2
2024-10-22,51.2,1.76,72.84,144.7,37.28,17.03
2024-10-23,59.77,1.9,71.37,145.25,37.04,16.99
2024-10-24,61.77,2.04,70.58,145.5,37.21,17.13
2024-10-25,40.0,1.93,72.02,144.9,38.95,17.02
2024-10-28,57.75,2.03,67.65,144.5,39.88,17.09
2024-10-29,68.67,1.82,67.48,145.25,38.45,16.74
2024-11-01,21.56,1.42,69.81,143.95,39.79,16.59
2024-11-04,30.17,1.35,71.83,143.9,41.08,16.81
2024-11-05,39.16,1.62,72.26,142.9,41.79,16.86
2024-11-06,39.61,1.8,71.98,141.1,37.25,15.81
2024-11-07,29.55,1.49,72.69,142.2,37.58,16.14
2024-11-08,18.74,1.21,70.69,143.35,36.04,15.95
2024-11-12,26.33,1.92,68.43,142.25,34.72,15.53
2024-11-14,33.65,2.11,68.99,141.5,35.57,15.63
2024-11-15,30.39,1.65,67.33,141.75,34.31,15.65
2024-11-18,44.41,2.08,69.46,141.75,34.52,15.8
2024-11-19,47.46,2.1,69.75,141.25,34.01,15.61
2024-11-20,48.02,2.32,69.25,141.5,34.65,15.55
2024-11-21,43.38,2.84,70.39,141.5,34.33,15.57
2024-11-22,57.57,2.41,71.68,141.25,34.64,15.66
2024-11-25,52.86,2.78,69.41,141.0,36.05,15.89
2024-11-26,50.21,3.19,69.05,141.0,35.97,15.75
2024-12-02,54.07,3.05,68.35,135.0,37.47,16.01
2024-12-03,67.69,2.94,70.15,134.8,36.87,15.89
2024-12-04,66.43,2.75,68.81,133.4,36.02,15.69
2024-12-05,38.93,2.95,68.58,133.25,35.43,15.76
2024-12-06,55.11,2.83,68.58,133.25,35.32,15.67
2024-12-09,54.25,3.05,68.65,133.75,36.79,15.71
2024-12-10,55.0,2.9,68.85,133.45,35.79,15.54
2024-12-12,44.35,3.12,70.25,132.5,34.88,15.38
2024-12-13,50.0,3.15,71.54,130.75,35.07,15.32
2024-12-16,47.47,2.87,71.03,129.25,34.16,15.23
2024-12-17,25.49,2.85,70.31,129.0,34.63,15.2
2024-12-18,39.24,3.01,70.8,128.25,33.53,14.8
2024-12-19,33.52,3.15,70.1,127.1,32.56,14.8
2024-12-20,39.56,3.1,69.71,127.4,33.54,14.96
2024-12-23,31.33,2.89,69.5,126.75,34.06,15.0
2024-12-26,28.72,2.96,70.38,126.75,34.39,15.09
2024-12-27,28.82,2.91,71.28,126.75,33.95,14.9
2024-12-30,37.31,3.39,71.73,124.55,33.62,14.86
2024-12-31,38.72,3.4,72.44,125.25,33.12,14.8
2025-01-02,37.86,3.65,73.79,124.6,34.73,14.92
2025-01-03,39.08,3.4,74.64,123.5,35.15,15.2
2025-01-06,46.22,4.05,74.31,119.75,35.55,15.25
2025-01-07,38.43,3.8,74.99,118.3,36.6,15.11
2025-01-08,42.29,3.75,73.99,117.45,35.3,14.79
2025-01-10,53.42,4.13,77.27,113.5,34.14,14.4
2025-01-13,52.48,4.4,79.57,114.5,33.72,14.39
2025-01-14,52.52,4.32,78.2,115.4,33.94,14.56
2025-01-15,55.27,4.45,80.73,114.45,34.35,14.84
2025-01-16,80.61,4.3,79.35,114.7,34.68,14.82
2025-01-17,75.23999999999998,9.86,78.56,117.25,34.39,14.92
2025-01-21,57.3,4.4,76.79,117.75,33.67,14.94
2025-01-22,61.96,3.91,76.12,116.75,32.57,14.67
2025-01-23,58.02,3.91,75.03,116.5,33.53,14.88
2025-01-24,61.26,3.84,74.97,116.35,33.65,14.93
2025-01-27,60.67,3.71,73.51,114.55,33.32,14.55
2025-01-28,63.69,3.4,74.15,115.05,32.65,14.52
2025-01-29,50.96,3.38,72.94,114.8,33.61,14.53
2025-01-30,50.19,3.12,73.1,114.85,34.18,14.79
2025-01-31,104.51,2.93,72.84,115.5,33.8,14.76
2025-02-03,234.75,3.3,73.52,115.65,33.22,14.46
2025-02-04,90.48,3.25,73.04,112.5,33.96,14.58
2025-02-05,84.69,3.22,71.39,111.25,33.57,14.84
2025-02-06,73.31,3.31,70.97,108.95,34.27,14.91
2025-02-07,109.59,3.32,71.32,107.25,34.36,14.78
2025-02-10,84.97,3.48,72.73,105.65,34.26,14.9
2025-02-11,78.52,3.65,73.67,104.75,33.29,14.87
2025-02-12,61.72,3.97,71.72,104.5,33.19,14.8
2025-02-13,52.83,4.43,71.66,104.3,33.76,14.99
2025-02-14,46.97,4.6,71.05,102.75,34.31,15.01
2025-02-18,57.41,6.4,72.21,100.85,34.9,15.04
2025-02-19,51.25,7.15,72.58,103.5,35.5,15.0
2025-02-20,46.29,5.62,72.88,103.5,35.38,15.14
2025-02-21,27.69,4.43,70.72,102.0,34.44,14.96
2025-02-24,23.21,3.86,71.06,102.25,34.28,15.0
2025-02-25,45.86,3.88,69.15,102.0,34.26,15.33
2025-02-26,38.12,3.9,68.87,102.4,34.96,15.36
2025-02-27,38.1,3.91,70.62,102.4,33.68,15.04
2025-02-28,35.0,3.91,69.97,102.05,32.35,15.18
2025-03-03,46.32,3.8,68.63,101.4,31.31,15.12
2025-03-04,53.92,4.39,68.47,101.5,32.08,15.13
2025-03-05,52.5,4.4,66.58,104.1,32.39,15.44
2025-03-06,37.82,4.39,66.62,104.7,32.15,15.35
2025-03-07,40.74,4.39,67.29,103.25,32.83,15.56
2025-03-10,57.19,4.23,66.31,104.6,32.55,15.28
2025-03-11,57.76,4.57,66.52,104.9,32.63,15.48
2025-03-12,36.26,4.18,67.65,101.5,32.28,15.48
2025-03-13,39.57,3.89,66.82,101.05,32.09,15.4
2025-03-14,38.1,3.89,67.43,100.75,32.39,15.63
2025-03-17,40.26,4.15,67.84,98.75,33.54,16.03
2025-03-18,56.78,4.17,67.49,97.1,32.87,15.97
2025-03-19,33.77,4.21,67.4,97.5,33.09,16.04
2025-03-20,24.08,4.23,68.55,97.75,32.59,15.89
2025-03-21,24.89,3.93,68.52,97.0,32.16,15.75
2025-03-24,28.24,4.03,69.46,96.9,31.83,15.53
2025-03-25,24.03,3.94,69.48,96.4,32.13,15.61
2025-03-26,13.13,3.85,70.05,96.75,31.36,15.41
2025-03-27,6.57,3.88,70.3,96.75,31.27,15.4
2025-03-28,4.08,3.89,69.74,96.55,31.01,15.24
2025-03-31,8.64,4.11,71.87,103.0,30.46,15.01
2025-04-01,16.05,3.96,71.61,102.65,30.8,15.04
2025-04-02,31.14,4.04,72.12,101.0,31.08,15.23
2025-04-03,31.16,4.21,67.43,99.4,30.35,15.29
2025-04-04,14.97,4.04,62.42,97.0,28.88,14.22
2025-04-07,28.09,3.97,61.05,97.5,27.67,13.83
2025-04-08,27.83,3.85,60.04,98.0,26.03,13.66
2025-04-09,33.68,3.42,62.63,96.5,27.97,14.5
2025-04-10,14.57,3.7,60.57,96.25,26.7,14.4
2025-04-11,25.94,3.44,61.91,94.85,27.72,14.89
2025-04-14,33.99,3.57,61.99,95.5,28.65,15.04
2025-04-15,25.17,3.27,61.74,95.5,28.29,15.1
2025-04-17,22.19,2.94,65.07,95.05,28.16,15.29
2025-04-21,37.55,3.16,63.48,95.05,27.61,15.19
2025-04-22,40.37,3.12,64.6,93.9,28.85,15.41
2025-04-23,37.06,3.12,62.64,93.7,28.29,15.34
2025-04-24,30.05,2.87,63.55,93.8,29.0,15.59
2025-04-25,22.48,2.71,63.85,93.75,29.88,15.71
2025-04-28,26.6,2.96,63.3,95.6,29.79,15.8
2025-04-29,39.23,3.17,61.84,97.25,29.61,15.74
2025-05-01,43.18,3.08,60.59,97.5,28.8,15.69
2025-05-02,46.82,3.1,59.67,98.0,29.35,15.82
2025-05-05,48.15,3.26,58.5,98.5,28.85,15.9
2025-05-06,42.2,3.08,60.42,99.4,29.3,16.04
2025-05-07,48.48,3.18,59.42,98.75,29.6,15.93
2025-05-08,50.47,3.23,61.25,98.5,30.73,16.04
2025-05-09,38.43,3.22,62.37,98.9,31.71,16.24
2025-05-12,26.59,3.19,63.32,99.75,33.03,16.42
2025-05-13,23.6,3.27,65.04,99.9,34.72,16.8
2025-05-15,37.09,3.2,63.03,99.0,35.66,16.75
2025-05-16,30.35,3.01,63.84,99.0,35.14,16.78
2025-05-19,27.26,2.96,63.98,99.25,34.27,16.83
2025-05-20,44.51,3.15,63.97,100.55,34.48,17.3
2025-05-21,39.21,3.2,62.93,100.45,33.97,16.95
2025-05-22,39.28,3.0,62.55,100.1,31.44,16.73
2025-05-23,41.73,2.93,62.89,100.4,31.73,16.8
2025-05-27,50.29,3.2,61.61,100.9,31.93,17.01
2025-05-29,49.01,2.97,61.66,100.9,31.93,17.12
2025-05-30,40.09,2.86,61.46,100.8,32.35,17.13
2025-06-02,46.18,3.0,63.27,105.35,31.82,17.22
2025-06-03,44.94,2.84,64.1,104.25,33.09,17.36
2025-06-04,50.26,2.8,63.57,104.45,33.12,17.49
2025-06-05,44.49,2.86,64.06,105.0,33.33,17.49
2025-06-06,85.45,2.68,65.3,104.85,33.59,17.64
2025-06-09,61.87,3.13,65.99,105.25,33.78,17.64
2025-06-10,37.96,2.79,65.66,103.65,34.32,17.82
2025-06-12,28.6,2.9,68.73,104.6,34.23,17.98
2025-06-13,34.07,2.65,73.84,105.25,34.97,17.89
2025-06-16,32.79,2.9,72.53,106.0,35.38,18.31
2025-06-17,37.23,2.9,75.62,106.4,32.14,17.88
2025-06-18,37.21,3.43,75.89,106.7,32.49,17.83
2025-06-20,39.2,3.09,75.72,106.6,32.05,17.79
2025-06-23,49.74,3.5,69.36,107.25,32.06,18.0
2025-06-24,37.49,3.3,65.45,106.6,33.41,18.24
2025-06-26,37.34,3.23,66.44,106.35,34.31,18.33
2025-06-27,70.19,3.23,66.66,106.5,34.14,18.28
2025-06-30,70.7,3.26,66.3,109.9,34.26,18.14
2025-07-01,31.02,3.14,66.64,111.8,35.24,18.27
2025-07-02,39.76,3.1,68.66,112.5,37.04,18.59
2025-07-03,73.95,3.24,68.13,111.25,38.73,18.93
2025-07-07,76.64,3.24,69.16,109.5,38.55,18.57
2025-07-08,56.39,3.2,69.55,109.6,38.08,18.49
2025-07-10,56.35,3.11,67.78,111.0,38.92,18.65
2025-07-11,57.15,3.22,69.63,112.0,38.1,18.5
2025-07-14,58.68,3.21,68.19,111.1,38.3,18.55
2025-07-15,72.95999999999998,3.31,67.76,110.0,38.32,18.61
2025-07-16,54.77,3.42,67.13,110.0,37.87,18.54
2025-07-17,36.03,3.52,68.76,110.5,37.97,18.61
2025-07-18,50.37,3.5,68.53,110.4,37.99,18.92
2025-07-21,47.39,3.5,68.39,109.85,38.36,19.01
2025-07-22,49.69,3.16,67.56,110.1,40.12,19.33
2025-07-24,35.43,3.13,67.16,110.1,39.13,19.37
2025-07-25,57.66,3.1,66.38,110.2,39.11,19.49
2025-07-28,74.64,3.12,67.81,115.5,38.68,19.1
2025-07-29,55.66,3.08,70.27,115.5,38.42,19.04
2025-07-30,45.16,2.98,71.09,115.05,37.56,18.99
2025-07-31,38.83,2.99,70.36,115.15,36.8,18.88
2025-08-01,34.98,3.0,68.39,114.9,36.46,18.85
2025-08-04,37.33,2.89,67.33,114.95,36.69,19.05
2025-08-05,32.67,2.98,66.2,114.8,36.46,18.97
2025-08-07,35.79,3.05,64.9,113.75,36.48,19.1
2025-08-08,61.98,3.03,64.94,113.2,36.75,18.96
2025-08-11,62.83,3.05,65.03,112.25,36.6,18.51
2025-08-12,37.04,2.93,64.22,111.7,36.88,18.75
2025-08-13,35.34,2.95,63.68,111.8,37.25,18.68
2025-08-14,35.58,2.78,64.99,110.9,36.62,18.38
2025-08-15,39.01,2.98,63.78,110.85,39.84,18.63
2025-08-18,43.22,2.96,64.51,111.0,41.69,19.08
2025-08-19,50.21,2.87,63.38,111.1,41.0,18.95
2025-08-21,76.81,2.88,64.56,110.6,39.62,18.78
2025-08-22,117.65,2.76,64.08,111.3,41.89,19.24
2025-08-25,79.48,2.76,65.18,111.3,41.67,18.66
2025-08-26,48.27,2.82,63.6,111.55,41.81,18.81
2025-08-27,51.19,2.88,64.49,111.55,40.96,18.65
2025-08-28,43.85,2.9,64.96,111.55,41.46,18.84
2025-08-29,74.59999999999998,2.88,64.36,111.5,41.55,18.54
2025-09-02,73.95,2.7,65.95,108.8,40.98,18.18
2025-09-04,67.75,3.11,63.81,107.0,42.02,18.37
2025-09-05,52.3,3.05,62.22,107.55,44.04,18.68
2025-09-08,58.5,3.1,62.6,105.8,43.33,18.79
2025-09-09,54.59,3.12,62.97,103.85,41.97,18.64
2025-09-10,52.05,2.89,64.01,102.45,41.91,18.87
2025-09-11,47.18,2.81,62.71,100.9,41.86,18.77
2025-09-12,46.37,2.86,63.02,100.7,41.78,18.6
2025-09-15,73.56999999999998,3.0,63.66,101.5,42.35,18.78
2025-09-16,54.39,3.07,64.89,101.75,42.67,18.63
2025-09-18,45.24,3.1,63.91,103.35,42.81,18.73
2025-09-19,55.88,2.89,63.02,103.35,43.17,18.61
2025-09-22,61.83,2.9,62.99,103.9,43.89,18.92
2025-09-23,73.23999999999998,2.86,63.76,103.6,42.37,18.8
2025-09-24,38.52,2.88,65.4,103.6,43.35,19.0
2025-09-25,46.66,2.98,65.51,103.85,43.71,18.89
2025-09-26,48.95,2.9,66.5,103.75,43.42,18.96
2025-09-29,49.51,2.93,64.27,106.75,43.82,19.19
2025-09-30,41.92,3.12,63.17,106.2,43.63,19.21
2025-10-02,39.45,3.32,61.28,104.85,46.18,19.7
2025-10-03,45.75,3.19,61.65,105.0,45.98,19.76
2025-10-06,45.18,3.32,62.49,104.75,46.24,19.99
2025-10-07,36.14,3.32,62.52,104.8,45.68,19.86
2025-10-08,46.67,3.35,63.37,104.75,46.14,20.12
2025-10-09,36.12,3.25,62.36,104.5,47.54,20.18
2025-10-10,47.66,2.9,59.75,104.55,44.95,19.82
2025-10-13,55.03,2.9,,104.4,46.32,20.17
2025-10-14,57.59,2.83,59.52,103.8,46.89,20.11
2025-10-16,39.74,2.82,58.29,104.6,48.03,20.4
2025-10-17,52.79,2.65,58.3,103.45,46.56,20.14
2025-10-20,54.43,2.99,58.34,104.0,47.24,19.96
2025-10-21,47.4,3.28,58.66,104.0,46.81,19.77
2025-10-22,46.38,3.45,59.3,103.7,45.95,19.67
2025-10-23,39.39,3.34,62.44,104.2,46.53,19.89
2025-10-24,52.68,3.21,62.27,104.1,48.1,20.01
2025-10-27,60.55,3.3,62.13,104.25,48.91,20.05
2025-10-28,45.69,3.44,60.97,104.25,48.45,20.37
2025-10-30,24.88,3.46,61.36,104.15,47.73,20.25
2025-10-31,44.94,3.57,61.75,104.15,49.12,20.22
2025-11-03,40.8,3.37,61.79,109.6,49.14,20.39
2025-11-04,36.74,3.35,61.38,110.85,47.93,20.18
2025-11-05,36.03,3.51,60.4,109.95,51.28,20.64
2025-11-06,33.92,3.71,60.24,110.65,50.24,20.37
2025-11-07,37.3,3.76,60.54,110.45,50.39,20.42
2025-11-10,46.15,3.8,60.94,109.45,52.86,20.6
2025-11-14,44.32,3.49,60.87,110.6,49.51,20.04
2025-11-17,43.46,3.71,60.66,110.2,48.76,20.01
2025-11-18,51.27,3.7,61.51,111.5,48.22,19.58
2025-11-19,55.21,3.94,60.27,111.0,47.62,19.57
2025-11-20,45.69,3.97,60.07,111.0,45.66,19.37
2025-11-21,41.99,4.13,58.86,110.9,45.94,19.21
2025-11-24,55.46,4.15,59.11,111.15,46.46,19.39
2025-11-25,51.75,4.12,58.25,111.15,47.08,19.51
2025-12-01,46.96,5.08,59.47,108.35,47.64,19.69
2025-12-02,54.95,4.83,58.81,108.8,47.63,19.94
2025-12-03,42.69,4.86,59.09,108.5,47.38,20.04
2025-12-04,30.55,4.89,59.82,108.5,48.04,19.99
2025-12-05,30.29,5.19,60.23,110.25,47.69,20.08
2025-12-08,40.74,5.19,59.04,110.5,47.59,19.91
2025-12-09,24.39,4.76,58.4,110.1,47.47,19.9
2025-12-11,27.55,4.35,57.76,108.75,49.24,20.46
2025-12-12,19.12,4.07,57.61,108.5,47.84,20.4
2025-12-15,18.59,3.9,56.97,108.6,47.57,20.49
2025-12-16,13.76,3.58,55.44,108.6,47.79,20.33
2025-12-17,25.3,3.66,56.07,108.6,47.25,20.02
2025-12-18,20.45,3.87,56.22,108.3,48.33,20.24
2025-12-19,25.93,3.58,56.8,108.4,48.99,20.38
2025-12-22,23.97,3.67,58.18,108.25,51.4,20.4
2025-12-23,17.55,3.38,58.55,108.25,50.4,20.52
