"Date","Price","Open","High","Low","Vol.","Change %"
"01/04/2021","81.20","82.25","82.25","81.25","0.13K","0.87%"
"01/05/2021","80.35","81.50","81.50","80.50","0.14K","-1.05%"
"01/06/2021","79.45","80.10","80.10","79.50","0.02K","-1.12%"
"01/07/2021","81.05","79.30","81.00","79.30","0.05K","2.01%"
"01/08/2021","84.30","82.75","84.00","82.75","0.03K","4.01%"
"01/11/2021","84.50","84.50","84.50","84.50","0.06K","0.24%"
"01/12/2021","86.50","86.50","86.50","86.50","0.09K","2.37%"
"01/13/2021","87.30","87.30","87.30","87.30","0.06K","0.92%"
"01/14/2021","87.25","87.25","87.25","87.25","0.01K","-0.06%"
"01/15/2021","87.40","87.40","87.40","87.40","0.03K","0.17%"
"01/18/2021","86.40","86.40","86.40","86.40","0.02K","-1.14%"
"01/19/2021","85.00","85.55","85.55","84.75","0.05K","-1.62%"
"01/20/2021","85.50","85.50","85.50","85.50","0.01K","0.59%"
"01/21/2021","85.50","85.50","85.50","85.50","","0.00%"
"01/22/2021","85.90","85.90","85.90","85.90","","0.47%"
"01/25/2021","85.95","85.90","85.90","85.90","0.01K","0.06%"
"01/26/2021","86.00","86.00","86.00","86.00","0.01K","0.06%"
"01/27/2021","86.20","86.25","86.25","86.25","0.02K","0.23%"
"01/28/2021","86.30","86.30","86.30","86.30","0.00K","0.12%"
"01/29/2021","86.20","86.20","86.20","86.20","","-0.12%"
"02/01/2021","85.65","89.25","89.25","88.00","0.08K","-0.64%"
"02/02/2021","85.00","85.30","85.30","85.00","0.16K","-0.76%"
"02/03/2021","83.75","85.10","85.10","83.50","0.09K","-1.47%"
"02/04/2021","84.40","84.25","84.25","84.25","0.03K","0.78%"
"02/05/2021","86.65","86.65","86.65","86.65","0.04K","2.67%"
"02/08/2021","87.50","87.50","87.50","87.50","0.00K","0.98%"
"02/09/2021","87.30","87.00","87.00","87.00","0.00K","-0.23%"
"02/10/2021","87.60","87.60","87.60","87.60","0.01K","0.34%"
"02/11/2021","87.40","87.40","87.40","87.40","0.13K","-0.23%"
"02/12/2021","87.45","87.45","87.45","87.45","0.00K","0.06%"
"02/15/2021","87.05","87.00","87.00","87.00","0.00K","-0.46%"
"02/16/2021","86.55","86.50","86.50","86.50","0.00K","-0.57%"
"02/17/2021","86.00","86.00","86.00","86.00","0.02K","-0.64%"
"02/18/2021","85.75","85.75","85.75","85.75","0.01K","-0.29%"
"02/19/2021","86.00","86.00","86.00","86.00","0.01K","0.29%"
"02/22/2021","85.75","85.75","85.75","85.75","0.00K","-0.29%"
"02/23/2021","85.50","85.50","85.50","85.50","0.01K","-0.29%"
"02/24/2021","85.50","85.50","85.50","85.50","0.01K","0.00%"
"02/25/2021","85.50","85.50","85.50","85.50","0.02K","0.00%"
"02/26/2021","85.10","85.10","85.10","85.10","0.03K","-0.47%"
"03/01/2021","85.60","84.50","86.00","84.50","0.05K","0.59%"
"03/02/2021","87.50","87.50","87.50","87.30","0.08K","2.22%"
"03/03/2021","87.95","88.00","88.00","88.00","0.00K","0.51%"
"03/04/2021","87.50","88.00","88.00","87.50","0.10K","-0.51%"
"03/05/2021","87.75","88.00","88.00","87.50","0.00K","0.29%"
"03/08/2021","88.00","87.50","88.00","87.50","0.00K","0.28%"
"03/09/2021","88.50","87.30","89.00","87.30","0.03K","0.57%"
"03/10/2021","89.00","89.00","89.00","89.00","0.01K","0.56%"
"03/11/2021","89.00","89.00","89.00","89.00","0.00K","0.00%"
"03/12/2021","90.00","90.00","90.00","90.00","0.03K","1.12%"
"03/15/2021","90.50","90.50","90.50","90.50","0.01K","0.56%"
"03/16/2021","90.50","90.50","90.50","90.50","0.03K","0.00%"
"03/17/2021","90.75","90.75","90.75","90.75","0.02K","0.28%"
"03/18/2021","91.00","91.00","91.00","91.00","0.00K","0.28%"
"03/19/2021","92.75","91.50","93.00","91.50","0.02K","1.92%"
"03/22/2021","94.00","94.00","94.00","94.00","0.01K","1.35%"
"03/23/2021","94.50","95.00","95.00","95.00","0.00K","0.53%"
"03/24/2021","94.50","94.50","94.50","94.50","0.01K","0.00%"
"03/25/2021","94.50","94.50","94.50","94.50","0.01K","0.00%"
"03/26/2021","93.95","93.95","93.95","93.95","0.00K","-0.58%"
"03/29/2021","93.00","95.25","95.25","93.25","0.09K","-1.01%"
"03/30/2021","93.85","94.00","94.00","93.80","0.07K","0.91%"
"03/31/2021","96.25","95.75","96.25","95.75","0.05K","2.56%"
"04/01/2021","96.50","97.00","97.25","96.95","0.07K","0.26%"
"04/05/2021","96.50","96.50","96.50","96.50","","0.00%"
"04/06/2021","94.85","94.85","94.85","94.85","0.08K","-1.71%"
"04/07/2021","94.70","94.60","94.60","94.60","0.08K","-0.16%"
"04/08/2021","93.80","94.00","94.00","94.00","0.09K","-0.95%"
"04/09/2021","93.10","93.50","93.50","93.00","0.15K","-0.75%"
"04/12/2021","93.30","93.30","93.30","93.30","0.04K","0.21%"
"04/13/2021","93.45","93.50","93.50","93.50","0.09K","0.16%"
"04/14/2021","93.40","93.40","93.40","93.40","0.00K","-0.05%"
"04/15/2021","93.50","93.50","93.50","93.50","0.01K","0.11%"
"04/16/2021","94.30","93.50","94.35","93.50","0.06K","0.86%"
"04/19/2021","94.35","94.35","94.35","94.35","0.02K","0.05%"
"04/20/2021","94.00","94.00","94.00","94.00","0.01K","-0.37%"
"04/21/2021","93.75","93.75","93.75","93.75","0.03K","-0.27%"
"04/22/2021","93.95","93.95","93.95","93.95","0.00K","0.21%"
"04/23/2021","93.00","93.00","93.00","93.00","0.00K","-1.01%"
"04/26/2021","93.10","93.10","93.10","93.10","0.01K","0.11%"
"04/27/2021","93.10","93.10","93.10","93.10","0.00K","0.00%"
"04/28/2021","92.90","92.90","92.90","92.90","0.00K","-0.21%"
"04/29/2021","92.90","92.90","92.90","92.90","0.01K","0.00%"
"04/30/2021","93.30","93.30","93.30","93.30","0.01K","0.43%"
"05/03/2021","92.80","92.80","92.80","92.80","","-0.54%"
"05/04/2021","93.00","93.00","93.00","93.00","0.02K","0.22%"
"05/05/2021","93.80","93.80","93.80","93.80","0.03K","0.86%"
"05/06/2021","96.05","95.15","95.25","95.15","0.00K","2.40%"
"05/07/2021","96.15","96.15","96.15","96.15","0.01K","0.10%"
"05/10/2021","97.60","97.40","97.65","97.40","0.01K","1.51%"
"05/11/2021","98.70","98.70","98.70","98.70","0.02K","1.13%"
"05/12/2021","100.00","100.00","100.00","100.00","0.03K","1.32%"
"05/13/2021","101.00","101.00","101.00","101.00","0.02K","1.00%"
"05/14/2021","99.00","99.00","99.00","99.00","0.00K","-1.98%"
"05/17/2021","98.35","98.35","98.35","98.35","0.02K","-0.66%"
"05/18/2021","99.10","99.50","99.50","99.20","0.02K","0.76%"
"05/19/2021","99.10","99.10","99.10","99.10","0.01K","0.00%"
"05/20/2021","99.75","99.75","99.75","99.75","0.02K","0.66%"
"05/21/2021","101.00","101.00","101.00","101.00","0.01K","1.25%"
"05/24/2021","103.25","101.00","103.00","101.00","0.01K","2.23%"
"05/25/2021","105.00","105.00","105.00","105.00","0.01K","1.69%"
"05/26/2021","105.10","105.00","105.00","105.00","0.00K","0.10%"
"05/27/2021","105.50","105.50","105.50","105.50","0.00K","0.38%"
"05/28/2021","106.00","106.00","106.00","106.00","0.01K","0.47%"
"05/31/2021","118.90","118.90","118.90","118.90","","12.17%"
"06/01/2021","120.50","119.00","119.00","119.00","0.00K","1.35%"
"06/02/2021","119.95","121.25","121.25","120.00","0.01K","-0.46%"
"06/03/2021","119.00","119.00","119.00","119.00","0.01K","-0.79%"
"06/04/2021","119.75","119.00","119.00","119.00","0.01K","0.63%"
"06/07/2021","121.60","121.60","121.60","121.60","0.00K","1.54%"
"06/08/2021","122.75","122.75","122.75","122.75","0.02K","0.95%"
"06/09/2021","123.70","123.70","123.70","123.70","0.01K","0.77%"
"06/10/2021","126.00","126.00","126.00","126.00","0.01K","1.86%"
"06/11/2021","127.00","127.00","127.00","127.00","0.01K","0.79%"
"06/14/2021","125.55","125.55","125.55","125.55","0.01K","-1.14%"
"06/15/2021","125.00","125.00","125.00","125.00","","-0.44%"
"06/16/2021","125.25","125.25","125.25","125.25","0.01K","0.20%"
"06/17/2021","126.00","126.00","126.00","126.00","0.01K","0.60%"
"06/18/2021","125.00","125.00","125.00","125.00","0.00K","-0.79%"
"06/21/2021","125.50","125.50","125.50","125.50","0.01K","0.40%"
"06/22/2021","127.25","127.25","127.25","127.25","0.00K","1.39%"
"06/23/2021","127.50","127.50","127.50","127.50","0.01K","0.20%"
"06/24/2021","127.50","127.50","127.50","127.50","0.02K","0.00%"
"06/25/2021","127.70","127.70","127.70","127.70","0.03K","0.16%"
"06/28/2021","128.55","130.50","130.50","128.50","0.23K","0.67%"
"06/29/2021","131.00","130.45","130.45","130.45","0.03K","1.91%"
"06/30/2021","134.70","132.50","132.50","132.50","0.07K","2.82%"
"07/01/2021","137.75","137.75","137.75","137.75","0.04K","2.26%"
"07/02/2021","139.25","139.25","139.25","139.25","0.00K","1.09%"
"07/05/2021","143.40","142.50","142.75","142.50","0.02K","2.98%"
"07/06/2021","140.75","140.75","140.75","140.75","0.06K","-1.85%"
"07/07/2021","139.55","140.00","140.00","140.00","0.05K","-0.85%"
"07/08/2021","142.25","142.00","143.00","142.00","0.11K","1.93%"
"07/09/2021","143.00","143.00","143.00","143.00","0.02K","0.53%"
"07/12/2021","142.25","142.25","142.25","142.25","0.02K","-0.52%"
"07/13/2021","144.60","144.60","144.60","144.60","0.01K","1.65%"
"07/14/2021","144.50","144.50","144.50","144.50","0.01K","-0.07%"
"07/15/2021","146.00","146.00","146.00","146.00","0.04K","1.04%"
"07/16/2021","148.10","148.10","148.10","148.10","0.01K","1.44%"
"07/19/2021","150.00","148.75","150.00","148.75","0.07K","1.28%"
"07/20/2021","149.70","150.00","150.00","150.00","0.02K","-0.20%"
"07/21/2021","149.75","149.75","149.75","149.75","","0.03%"
"07/22/2021","149.75","149.75","149.75","149.75","","0.00%"
"07/23/2021","149.75","149.75","149.75","149.75","","0.00%"
"07/26/2021","149.75","149.75","149.75","149.75","","0.00%"
"07/27/2021","149.75","149.75","149.75","149.75","","0.00%"
"07/28/2021","150.10","150.10","150.10","150.10","","0.23%"
"07/29/2021","150.00","150.00","150.00","150.00","","-0.07%"
"07/30/2021","149.75","149.75","149.75","149.75","","-0.17%"
"08/02/2021","152.55","152.75","152.75","152.75","0.08K","1.87%"
"08/03/2021","152.75","152.25","153.00","152.25","0.23K","0.13%"
"08/04/2021","154.40","152.85","154.00","152.85","0.10K","1.08%"
"08/05/2021","157.25","156.50","156.50","155.00","0.04K","1.85%"
"08/06/2021","160.95","160.00","160.95","160.00","0.01K","2.35%"
"08/09/2021","167.05","165.00","167.00","165.00","0.10K","3.79%"
"08/10/2021","167.10","167.10","167.10","167.10","","0.03%"
"08/11/2021","169.40","169.00","169.00","168.50","0.01K","1.38%"
"08/12/2021","171.25","171.25","171.25","171.25","","1.09%"
"08/13/2021","172.75","172.25","172.25","172.25","0.00K","0.88%"
"08/16/2021","173.40","173.40","173.40","173.40","0.02K","0.38%"
"08/17/2021","171.45","172.25","172.25","172.00","0.05K","-1.12%"
"08/18/2021","171.00","171.00","171.00","171.00","","-0.26%"
"08/19/2021","170.90","170.90","170.90","170.90","","-0.06%"
"08/20/2021","167.75","167.75","167.75","167.75","","-1.84%"
"08/23/2021","170.00","170.00","170.00","170.00","","1.34%"
"08/24/2021","170.00","170.00","170.00","170.00","","0.00%"
"08/25/2021","170.75","170.75","170.75","170.75","","0.44%"
"08/26/2021","171.00","171.00","171.00","171.00","","0.15%"
"08/27/2021","170.95","170.95","170.95","170.95","","-0.03%"
"08/30/2021","171.35","171.35","171.35","171.35","","0.23%"
"08/31/2021","174.25","172.00","172.00","172.00","0.00K","1.69%"
"09/01/2021","174.60","174.60","174.60","174.60","0.04K","0.20%"
"09/02/2021","177.50","177.50","177.50","177.50","","1.66%"
"09/03/2021","179.00","179.00","179.00","179.00","","0.85%"
"09/06/2021","178.00","178.00","178.00","178.00","","-0.56%"
"09/07/2021","177.20","177.20","177.20","177.20","","-0.45%"
"09/08/2021","177.35","177.35","177.35","177.35","","0.08%"
"09/09/2021","177.50","177.50","177.50","177.50","","0.08%"
"09/10/2021","177.60","177.60","177.60","177.60","","0.06%"
"09/13/2021","177.50","177.50","177.50","177.50","0.01K","-0.06%"
"09/14/2021","177.45","177.45","177.45","177.45","","-0.03%"
"09/15/2021","177.50","177.50","177.50","177.50","","0.03%"
"09/16/2021","176.00","176.00","176.00","176.00","","-0.85%"
"09/17/2021","177.50","177.50","177.50","177.50","","0.85%"
"09/20/2021","177.50","177.50","177.50","177.50","","0.00%"
"09/21/2021","179.50","179.50","179.50","179.50","","1.13%"
"09/22/2021","180.50","180.00","180.00","180.00","0.00K","0.56%"
"09/23/2021","185.90","185.90","185.90","185.90","","2.99%"
"09/24/2021","181.50","181.00","181.00","181.00","0.01K","-2.37%"
"09/27/2021","204.75","204.75","204.75","204.75","0.06K","12.81%"
"09/28/2021","207.70","210.00","210.00","210.00","0.07K","1.44%"
"09/29/2021","210.50","212.00","212.50","211.00","0.08K","1.35%"
"09/30/2021","218.00","218.00","218.00","218.00","0.04K","3.56%"
"10/01/2021","228.00","228.00","228.00","228.00","0.01K","4.59%"
"10/04/2021","240.00","228.00","240.00","228.00","0.01K","5.26%"
"10/05/2021","269.50","269.50","269.50","269.50","0.04K","12.29%"
"10/06/2021","242.00","242.00","242.00","242.00","0.07K","-10.20%"
"10/07/2021","231.90","230.00","235.00","230.00","0.13K","-4.17%"
"10/08/2021","238.60","242.50","242.75","235.00","0.07K","2.89%"
"10/11/2021","244.50","240.00","247.00","240.00","0.03K","2.47%"
"10/12/2021","242.35","242.35","242.35","242.35","","-0.88%"
"10/13/2021","243.35","247.00","247.00","243.00","0.01K","0.41%"
"10/14/2021","245.00","245.00","245.00","245.00","","0.68%"
"10/15/2021","240.00","243.00","243.00","238.00","0.11K","-2.04%"
"10/18/2021","239.35","240.00","240.00","238.00","0.00K","-0.27%"
"10/19/2021","229.90","229.90","229.90","229.90","","-3.95%"
"10/20/2021","231.50","232.00","232.00","232.00","0.01K","0.70%"
"10/21/2021","228.50","228.50","228.50","228.50","","-1.30%"
"10/22/2021","230.00","230.00","230.00","230.00","0.01K","0.66%"
"10/25/2021","226.00","226.00","226.00","226.00","","-1.74%"
"10/26/2021","223.35","223.35","223.35","223.35","","-1.17%"
"10/27/2021","223.35","223.35","223.35","223.35","","0.00%"
"10/28/2021","223.70","223.70","223.70","223.70","","0.16%"
"10/29/2021","223.45","223.45","223.45","223.45","","-0.11%"
"11/01/2021","145.00","155.00","155.00","150.00","0.01K","-35.11%"
"11/02/2021","140.90","142.50","142.50","139.00","0.05K","-2.83%"
"11/03/2021","157.50","145.00","157.30","145.00","0.24K","11.78%"
"11/04/2021","154.25","160.05","161.35","154.75","0.06K","-2.06%"
"11/05/2021","155.40","155.40","155.40","155.40","0.02K","0.75%"
"11/08/2021","163.00","161.00","163.00","161.00","0.08K","4.89%"
"11/09/2021","160.65","170.00","170.00","162.00","0.07K","-1.44%"
"11/10/2021","152.30","158.50","158.50","158.50","0.03K","-5.20%"
"11/11/2021","151.50","152.00","156.00","151.00","0.06K","-0.53%"
"11/12/2021","150.00","153.00","153.00","153.00","0.03K","-0.99%"
"11/15/2021","149.35","149.35","149.35","149.35","","-0.43%"
"11/16/2021","150.40","150.40","150.40","150.40","","0.70%"
"11/17/2021","150.15","150.15","150.15","150.15","","-0.17%"
"11/18/2021","152.50","152.50","152.50","152.50","","1.57%"
"11/19/2021","152.50","152.50","152.50","152.50","","0.00%"
"11/22/2021","154.00","154.00","154.00","154.00","","0.98%"
"11/23/2021","157.00","157.00","157.00","157.00","","1.95%"
"11/24/2021","159.00","160.00","160.00","160.00","0.00K","1.27%"
"11/25/2021","158.00","158.00","158.00","158.00","","-0.63%"
"11/26/2021","157.50","157.50","157.50","157.50","","-0.32%"
"11/29/2021","159.30","164.50","164.50","157.50","0.03K","1.14%"
"11/30/2021","152.00","158.60","158.60","152.00","0.12K","-4.58%"
"12/01/2021","157.45","157.00","157.00","157.00","0.05K","3.59%"
"12/02/2021","158.50","156.05","156.05","155.00","0.06K","0.67%"
"12/03/2021","155.25","156.00","157.00","155.25","0.12K","-2.05%"
"12/06/2021","151.25","151.25","151.25","151.25","0.01K","-2.58%"
"12/07/2021","154.10","154.10","154.10","154.10","0.03K","1.88%"
"12/08/2021","158.70","159.00","159.00","159.00","0.13K","2.99%"
"12/09/2021","160.10","165.00","165.00","161.00","0.00K","0.88%"
"12/10/2021","163.75","161.00","163.25","161.00","0.01K","2.28%"
"12/13/2021","164.25","164.25","164.25","164.25","","0.31%"
"12/14/2021","164.75","164.75","164.75","164.75","","0.30%"
"12/15/2021","164.75","164.75","164.75","164.75","","0.00%"
"12/16/2021","168.50","168.50","168.50","168.50","","2.28%"
"12/17/2021","168.00","168.00","168.00","168.00","","-0.30%"
"12/20/2021","168.15","168.15","168.15","168.15","","0.09%"
"12/21/2021","169.00","169.00","169.00","169.00","","0.51%"
"12/22/2021","169.50","169.50","169.50","169.50","","0.30%"
"12/23/2021","169.40","169.40","169.40","169.40","","-0.06%"
"12/24/2021","168.90","168.90","168.90","168.90","","-0.30%"
"12/27/2021","170.10","170.10","170.10","170.10","","0.71%"
"12/28/2021","171.00","171.00","171.00","171.00","","0.53%"
"12/29/2021","171.10","171.10","171.10","171.10","","0.06%"
"12/30/2021","170.10","170.10","170.10","170.10","","-0.58%"
"12/31/2021","169.60","169.60","169.60","169.60","","-0.29%"
"01/03/2022","157.50","157.50","157.50","157.50","0.00K","-7.13%"
"01/04/2022","174.10","172.00","174.00","171.00","0.27K","10.54%"
"01/05/2022","179.90","180.00","180.00","180.00","0.02K","3.33%"
"01/06/2022","196.50","190.00","193.00","189.25","0.48K","9.23%"
"01/07/2022","195.90","195.00","195.00","195.00","0.73K","-0.31%"
"01/10/2022","196.50","203.00","205.00","203.00","0.08K","0.31%"
"01/11/2022","197.10","197.00","198.00","197.00","0.09K","0.31%"
"01/12/2022","203.00","205.00","205.00","205.00","0.04K","2.99%"
"01/13/2022","211.50","209.50","209.50","209.50","0.01K","4.19%"
"01/14/2022","216.75","220.00","220.00","220.00","0.01K","2.48%"
"01/17/2022","220.50","220.50","220.50","220.50","0.01K","1.73%"
"01/18/2022","221.00","221.00","221.00","221.00","0.01K","0.23%"
"01/19/2022","223.10","223.10","223.10","223.10","0.02K","0.95%"
"01/20/2022","225.65","226.00","226.00","226.00","0.00K","1.14%"
"01/21/2022","224.60","225.00","226.00","225.00","0.00K","-0.47%"
"01/24/2022","225.25","225.25","225.25","225.25","0.00K","0.29%"
"01/25/2022","227.30","227.30","227.30","227.30","","0.91%"
"01/26/2022","227.80","227.80","227.80","227.80","","0.22%"
"01/27/2022","227.60","227.60","227.60","227.60","0.00K","-0.09%"
"01/28/2022","227.65","227.65","227.65","227.65","","0.02%"
"01/31/2022","222.75","222.75","222.75","222.75","0.07K","-2.15%"
"02/01/2022","218.10","210.00","210.50","210.00","0.08K","-2.09%"
"02/02/2022","220.10","220.00","220.00","220.00","0.06K","0.92%"
"02/03/2022","221.00","221.00","221.00","221.00","0.04K","0.41%"
"02/04/2022","227.30","223.00","227.00","223.00","0.04K","2.85%"
"02/07/2022","236.00","231.00","236.00","231.00","0.07K","3.83%"
"02/08/2022","239.25","239.00","241.00","239.00","0.00K","1.38%"
"02/09/2022","239.25","242.00","242.00","235.00","0.02K","0.00%"
"02/10/2022","239.10","239.10","239.10","239.10","","-0.06%"
"02/11/2022","245.00","245.00","245.00","245.00","","2.47%"
"02/14/2022","240.00","243.50","243.50","240.00","0.01K","-2.04%"
"02/15/2022","239.00","239.00","239.00","239.00","0.01K","-0.42%"
"02/16/2022","235.50","236.00","236.00","236.00","0.00K","-1.46%"
"02/17/2022","232.40","234.50","234.50","234.50","0.00K","-1.32%"
"02/18/2022","232.35","232.50","232.50","232.50","0.00K","-0.02%"
"02/21/2022","233.85","233.85","233.85","233.85","","0.65%"
"02/22/2022","236.25","236.50","236.50","235.00","0.01K","1.03%"
"02/23/2022","237.70","238.00","238.00","238.00","0.04K","0.61%"
"02/24/2022","239.50","239.00","239.25","239.00","0.01K","0.76%"
"02/25/2022","238.60","239.00","239.00","239.00","0.00K","-0.38%"
"02/28/2022","274.50","262.50","286.00","262.50","0.14K","15.05%"
"03/01/2022","313.00","299.00","301.00","299.00","0.12K","14.03%"
"03/02/2022","440.00","400.00","400.00","400.00","0.08K","40.58%"
"03/03/2022","370.00","370.00","370.00","370.00","0.09K","-15.91%"
"03/04/2022","418.75","400.00","435.00","400.00","0.06K","13.18%"
"03/07/2022","422.65","422.65","422.65","422.65","","0.93%"
"03/08/2022","423.15","415.00","415.00","405.00","0.03K","0.12%"
"03/09/2022","420.65","425.00","425.00","415.00","0.07K","-0.59%"
"03/10/2022","373.35","380.00","380.00","380.00","0.36K","-11.24%"
"03/11/2022","368.65","368.00","376.00","366.00","0.12K","-1.26%"
"03/14/2022","361.75","361.75","361.75","361.75","0.04K","-1.87%"
"03/15/2022","346.00","361.50","361.50","361.50","0.03K","-4.35%"
"03/16/2022","340.00","351.00","351.00","340.00","0.04K","-1.73%"
"03/17/2022","337.25","337.25","337.25","337.25","0.01K","-0.81%"
"03/18/2022","336.00","335.00","335.00","334.50","0.03K","-0.37%"
"03/21/2022","329.40","329.40","329.40","329.40","","-1.96%"
"03/22/2022","328.90","330.00","330.00","330.00","0.01K","-0.15%"
"03/23/2022","325.35","325.00","325.00","325.00","0.01K","-1.08%"
"03/24/2022","326.65","326.65","326.65","326.65","","0.40%"
"03/25/2022","327.15","327.15","327.15","327.15","","0.15%"
"03/28/2022","259.75","261.00","261.00","261.00","0.04K","-20.60%"
"03/29/2022","253.40","258.00","258.00","258.00","0.18K","-2.44%"
"03/30/2022","260.00","261.00","261.00","259.00","0.02K","2.60%"
"03/31/2022","259.00","261.00","264.00","261.00","0.01K","-0.38%"
"04/01/2022","258.75","258.75","258.75","258.75","0.05K","-0.10%"
"04/04/2022","264.00","264.00","264.00","264.00","0.01K","2.03%"
"04/05/2022","281.00","281.00","281.00","281.00","0.07K","6.44%"
"04/06/2022","286.50","286.50","286.50","286.50","0.06K","1.96%"
"04/07/2022","281.65","296.00","296.00","285.00","0.10K","-1.69%"
"04/08/2022","291.60","291.60","291.60","291.60","0.04K","3.53%"
"04/11/2022","290.65","292.00","292.00","292.00","0.04K","-0.33%"
"04/12/2022","309.10","300.00","303.50","300.00","0.06K","6.35%"
"04/13/2022","312.00","312.00","312.00","312.00","0.04K","0.94%"
"04/14/2022","309.10","314.00","314.00","314.00","0.01K","-0.93%"
"04/18/2022","309.10","309.10","309.10","309.10","","0.00%"
"04/19/2022","321.00","321.00","321.00","321.00","0.03K","3.85%"
"04/20/2022","326.35","326.35","326.35","326.35","0.01K","1.67%"
"04/21/2022","331.10","333.00","333.00","331.00","0.04K","1.46%"
"04/22/2022","327.10","326.00","326.00","326.00","0.01K","-1.21%"
"04/25/2022","328.60","328.50","328.50","328.50","0.05K","0.46%"
"04/26/2022","325.00","325.00","325.00","325.00","0.04K","-1.10%"
"04/27/2022","326.05","326.05","326.05","326.05","","0.32%"
"04/28/2022","326.95","326.05","326.05","326.05","0.01K","0.28%"
"04/29/2022","326.60","326.30","326.30","326.30","0.01K","-0.11%"
"05/02/2022","299.80","299.80","299.80","299.80","","-8.21%"
"05/03/2022","326.60","325.00","325.00","325.00","0.08K","8.94%"
"05/04/2022","360.35","355.00","355.00","355.00","0.10K","10.33%"
"05/05/2022","374.35","374.35","374.35","374.35","0.04K","3.89%"
"05/06/2022","379.50","379.50","379.50","379.50","0.02K","1.38%"
"05/09/2022","377.00","378.00","379.50","374.00","0.04K","-0.66%"
"05/10/2022","377.45","377.50","377.50","377.50","0.07K","0.12%"
"05/11/2022","385.85","385.00","385.00","385.00","0.03K","2.23%"
"05/12/2022","391.50","391.50","391.50","391.50","0.01K","1.46%"
"05/13/2022","392.85","393.00","393.00","393.00","0.03K","0.34%"
"05/16/2022","402.50","402.50","402.50","402.50","","2.46%"
"05/17/2022","413.65","414.00","414.00","414.00","0.02K","2.77%"
"05/18/2022","412.00","416.00","419.25","412.00","0.15K","-0.40%"
"05/19/2022","412.10","412.10","412.10","412.10","","0.02%"
"05/20/2022","417.25","417.25","417.25","417.25","0.04K","1.25%"
"05/23/2022","416.00","416.00","416.00","416.00","","-0.30%"
"05/24/2022","408.00","408.00","408.00","408.00","0.00K","-1.92%"
"05/25/2022","404.65","400.00","400.00","400.00","0.02K","-0.82%"
"05/26/2022","403.00","403.00","403.00","403.00","0.03K","-0.41%"
"05/27/2022","406.65","406.65","406.65","406.65","0.00K","0.91%"
"05/30/2022","401.00","390.00","401.00","390.00","0.06K","-1.39%"
"05/31/2022","427.00","406.00","428.00","406.00","0.03K","6.48%"
"06/01/2022","412.00","415.00","418.00","412.00","0.01K","-3.51%"
"06/02/2022","412.50","412.50","412.50","412.50","","0.12%"
"06/03/2022","412.50","412.50","412.50","412.50","","0.00%"
"06/06/2022","415.25","415.25","415.25","415.25","","0.67%"
"06/07/2022","397.00","408.00","408.00","403.00","0.03K","-4.39%"
"06/08/2022","395.40","402.00","402.00","395.00","0.03K","-0.40%"
"06/09/2022","396.00","400.00","400.00","395.00","0.05K","0.15%"
"06/10/2022","392.35","394.00","395.00","392.00","0.01K","-0.92%"
"06/13/2022","390.35","390.35","390.35","390.35","0.01K","-0.51%"
"06/14/2022","383.50","383.00","383.00","383.00","0.01K","-1.75%"
"06/15/2022","386.35","386.35","386.35","386.35","","0.74%"
"06/16/2022","387.35","395.00","395.00","395.00","0.01K","0.26%"
"06/17/2022","389.35","389.35","389.35","389.35","","0.52%"
"06/20/2022","392.75","392.75","392.75","392.75","","0.87%"
"06/21/2022","390.00","390.00","390.00","390.00","0.01K","-0.70%"
"06/22/2022","392.00","392.00","392.00","392.00","","0.51%"
"06/23/2022","397.50","395.00","395.00","395.00","0.01K","1.40%"
"06/24/2022","397.00","397.00","397.00","397.00","","-0.13%"
"06/27/2022","392.45","389.00","395.00","389.00","0.02K","-1.15%"
"06/28/2022","393.50","385.00","394.00","385.00","0.02K","0.27%"
"06/29/2022","380.00","389.00","390.00","380.00","0.04K","-3.43%"
"06/30/2022","385.95","380.00","390.00","380.00","0.01K","1.57%"
"07/01/2022","388.00","388.00","388.00","388.00","0.01K","0.53%"
"07/04/2022","396.45","396.45","396.45","396.45","0.00K","2.18%"
"07/05/2022","397.60","397.60","397.60","397.60","","0.29%"
"07/06/2022","399.70","399.70","399.70","399.70","","0.53%"
"07/07/2022","410.00","410.00","410.00","410.00","0.02K","2.58%"
"07/08/2022","413.75","411.00","412.00","411.00","0.02K","0.91%"
"07/11/2022","419.00","419.00","419.00","419.00","0.00K","1.27%"
"07/12/2022","426.00","426.00","426.00","426.00","0.01K","1.67%"
"07/13/2022","430.00","432.00","432.00","432.00","0.01K","0.94%"
"07/14/2022","416.35","415.00","415.00","415.00","0.01K","-3.17%"
"07/15/2022","406.55","410.00","410.00","410.00","0.00K","-2.35%"
"07/18/2022","396.05","396.05","396.05","396.05","0.00K","-2.58%"
"07/19/2022","399.65","399.00","399.00","399.00","0.00K","0.91%"
"07/20/2022","408.60","408.60","408.60","408.60","","2.24%"
"07/21/2022","403.40","403.40","403.40","403.40","","-1.27%"
"07/22/2022","409.20","409.20","409.20","409.20","","1.44%"
"07/25/2022","410.25","410.25","410.25","410.25","","0.26%"
"07/26/2022","414.00","414.00","414.00","414.00","","0.91%"
"07/27/2022","411.50","411.50","411.50","411.50","","-0.60%"
"07/28/2022","411.40","411.40","411.40","411.40","","-0.02%"
"07/29/2022","407.90","407.90","407.90","407.90","","-0.85%"
"08/01/2022","405.00","405.00","405.00","405.00","","-0.71%"
"08/02/2022","403.50","403.50","403.50","403.50","","-0.37%"
"08/03/2022","393.50","393.50","393.50","393.50","0.01K","-2.48%"
"08/04/2022","385.00","390.00","390.00","390.00","0.02K","-2.16%"
"08/05/2022","361.00","361.00","361.00","361.00","0.05K","-6.23%"
"08/08/2022","371.00","371.00","371.00","371.00","0.02K","2.77%"
"08/09/2022","384.50","384.50","384.50","384.50","","3.64%"
"08/10/2022","398.65","398.65","398.65","398.65","","3.68%"
"08/11/2022","401.00","401.00","401.00","401.00","","0.59%"
"08/12/2022","407.65","407.65","407.65","407.65","","1.66%"
"08/15/2022","407.50","407.50","407.50","407.50","","-0.04%"
"08/16/2022","405.00","405.00","405.00","405.00","","-0.61%"
"08/17/2022","413.90","413.90","413.90","413.90","","2.20%"
"08/18/2022","413.90","413.90","413.90","413.90","","0.00%"
"08/19/2022","416.25","416.25","416.25","416.25","","0.57%"
"08/22/2022","418.35","418.35","418.35","418.35","","0.50%"
"08/23/2022","417.60","417.60","417.60","417.60","","-0.18%"
"08/24/2022","412.60","412.60","412.60","412.60","","-1.20%"
"08/25/2022","417.50","417.50","417.50","417.50","","1.19%"
"08/26/2022","417.40","417.40","417.40","417.40","","-0.02%"
"08/29/2022","422.75","422.75","422.75","422.75","","1.28%"
"08/30/2022","414.55","414.55","414.55","414.55","0.01K","-1.94%"
"08/31/2022","425.00","425.00","425.00","425.00","","2.52%"
"09/01/2022","427.35","427.35","427.35","427.35","","0.55%"
"09/02/2022","435.00","435.00","435.00","435.00","","1.79%"
"09/05/2022","457.80","457.80","457.80","457.80","0.01K","5.24%"
"09/06/2022","450.25","450.25","450.25","450.25","0.00K","-1.65%"
"09/07/2022","439.00","439.00","439.00","439.00","0.02K","-2.50%"
"09/08/2022","440.35","430.00","440.00","430.00","0.02K","0.31%"
"09/09/2022","435.25","435.25","435.25","435.25","","-1.16%"
"09/12/2022","437.50","437.00","437.00","436.00","0.04K","0.52%"
"09/13/2022","439.35","436.50","438.00","436.50","0.03K","0.42%"
"09/14/2022","444.20","444.20","444.20","444.20","0.00K","1.10%"
"09/15/2022","445.50","445.50","445.50","445.50","","0.29%"
"09/16/2022","439.00","439.00","439.00","439.00","0.00K","-1.46%"
"09/19/2022","439.05","439.05","439.05","439.05","","0.01%"
"09/20/2022","441.30","441.30","441.30","441.30","0.01K","0.51%"
"09/21/2022","444.50","440.00","440.00","440.00","0.02K","0.73%"
"09/22/2022","435.65","435.65","435.65","435.65","0.00K","-1.99%"
"09/23/2022","435.20","435.20","435.20","435.20","","-0.10%"
"09/26/2022","438.00","438.00","438.00","438.00","","0.64%"
"09/27/2022","437.65","437.65","437.65","437.65","","-0.08%"
"09/28/2022","436.00","436.00","436.00","436.00","","-0.38%"
"09/29/2022","435.75","435.75","435.75","435.75","","-0.06%"
"09/30/2022","433.70","433.70","433.70","433.70","","-0.47%"
"10/03/2022","401.50","399.00","399.00","399.00","0.07K","-7.42%"
"10/04/2022","404.00","404.00","404.00","404.00","0.01K","0.62%"
"10/05/2022","396.25","396.25","396.25","396.25","0.01K","-1.92%"
"10/06/2022","400.00","400.00","400.00","400.00","0.09K","0.95%"
"10/07/2022","385.80","385.00","385.00","385.00","0.02K","-3.55%"
"10/10/2022","386.50","386.50","386.50","386.50","0.01K","0.18%"
"10/11/2022","391.15","391.15","391.15","391.15","0.04K","1.20%"
"10/12/2022","403.00","405.00","405.00","405.00","0.04K","3.03%"
"10/13/2022","393.50","397.00","397.00","397.00","0.02K","-2.36%"
"10/14/2022","392.50","392.50","392.50","392.50","0.01K","-0.25%"
"10/17/2022","392.15","392.15","392.15","392.15","","-0.09%"
"10/18/2022","387.85","387.85","387.85","387.85","0.01K","-1.10%"
"10/19/2022","391.00","391.00","391.00","391.00","0.01K","0.81%"
"10/20/2022","391.95","391.95","391.95","391.95","0.01K","0.24%"
"10/21/2022","390.00","390.00","390.00","390.00","","-0.50%"
"10/24/2022","390.00","390.00","390.00","390.00","","0.00%"
"10/25/2022","388.15","388.15","388.15","388.15","0.06K","-0.47%"
"10/26/2022","386.50","386.50","386.50","386.50","0.03K","-0.43%"
"10/27/2022","385.60","385.60","385.60","385.60","","-0.23%"
"10/28/2022","385.70","385.70","385.70","385.70","","0.03%"
"10/31/2022","356.30","362.50","362.50","355.50","0.01K","-7.62%"
"11/01/2022","359.00","359.00","359.00","359.00","0.07K","0.76%"
"11/02/2022","361.00","361.00","361.00","361.00","","0.56%"
"11/03/2022","351.00","354.00","354.00","354.00","0.06K","-2.77%"
"11/04/2022","349.50","349.50","349.50","349.50","0.02K","-0.43%"
"11/07/2022","344.90","347.00","347.00","345.00","0.11K","-1.32%"
"11/08/2022","339.00","340.00","340.00","338.50","0.04K","-1.71%"
"11/09/2022","324.75","329.00","330.00","329.00","0.05K","-4.20%"
"11/10/2022","324.25","325.00","325.00","325.00","0.03K","-0.15%"
"11/11/2022","326.80","326.80","326.80","326.80","0.01K","0.79%"
"11/14/2022","330.35","330.35","330.35","330.35","","1.09%"
"11/15/2022","341.00","341.00","341.00","341.00","0.01K","3.22%"
"11/16/2022","332.55","332.55","332.55","332.55","0.02K","-2.48%"
"11/17/2022","334.60","334.60","334.60","334.60","0.02K","0.62%"
"11/18/2022","343.45","343.45","343.45","343.45","0.01K","2.64%"
"11/21/2022","351.00","351.00","351.00","351.00","","2.20%"
"11/22/2022","347.15","347.15","347.15","347.15","","-1.10%"
"11/23/2022","346.45","346.45","346.45","346.45","","-0.20%"
"11/24/2022","347.35","347.75","347.75","347.75","0.01K","0.26%"
"11/25/2022","349.40","362.00","362.00","362.00","","0.59%"
"11/28/2022","379.00","380.00","380.00","380.00","0.01K","8.47%"
"11/29/2022","387.40","390.00","390.00","390.00","0.03K","2.22%"
"11/30/2022","398.50","397.00","397.00","397.00","0.06K","2.87%"
"12/01/2022","385.00","385.00","385.00","385.00","0.01K","-3.39%"
"12/02/2022","391.00","391.00","391.00","391.00","","1.56%"
"12/05/2022","400.50","405.00","405.00","400.00","0.01K","2.43%"
"12/06/2022","408.80","408.80","408.80","408.80","0.01K","2.07%"
"12/07/2022","405.65","405.00","405.00","405.00","0.01K","-0.77%"
"12/08/2022","395.50","395.50","395.50","395.50","0.01K","-2.50%"
"12/09/2022","402.50","405.00","405.00","400.00","0.03K","1.77%"
"12/12/2022","400.25","401.00","401.00","401.00","0.00K","-0.56%"
"12/13/2022","404.50","405.00","405.00","405.00","0.02K","1.06%"
"12/14/2022","404.00","404.00","404.00","404.00","0.04K","-0.12%"
"12/15/2022","401.90","403.00","403.00","403.00","0.01K","-0.52%"
"12/16/2022","403.00","405.00","405.00","405.00","0.10K","0.27%"
"12/19/2022","401.35","401.35","401.35","401.35","","-0.41%"
"12/20/2022","400.05","400.05","400.05","400.05","","-0.32%"
"12/21/2022","401.40","401.40","401.40","401.40","0.01K","0.34%"
"12/22/2022","400.65","400.65","400.65","400.65","","-0.19%"
"12/23/2022","401.10","401.10","401.10","401.10","","0.11%"
"12/27/2022","400.50","400.50","400.50","400.50","","-0.15%"
"12/28/2022","402.10","402.50","402.50","402.50","0.00K","0.40%"
"12/29/2022","404.15","404.15","404.15","404.15","","0.51%"
"12/30/2022","404.15","390.00","390.00","390.00","","0.00%"
"01/03/2023","393.10","396.00","396.00","392.00","0.14K","-2.73%"
"01/04/2023","394.55","390.00","395.00","390.00","0.03K","0.37%"
"01/05/2023","397.50","395.00","399.00","395.00","0.09K","0.75%"
"01/06/2023","396.15","400.00","400.00","400.00","0.03K","-0.34%"
"01/09/2023","393.85","397.00","397.00","395.00","0.13K","-0.58%"
"01/10/2023","390.45","395.00","395.00","393.00","0.05K","-0.86%"
"01/11/2023","370.00","385.00","385.00","380.00","0.12K","-5.24%"
"01/12/2023","377.50","377.00","377.00","377.00","0.16K","2.03%"
"01/13/2023","370.25","370.25","370.25","370.25","0.03K","-1.92%"
"01/16/2023","368.75","370.00","370.00","370.00","0.06K","-0.41%"
"01/17/2023","369.25","369.25","369.25","369.25","0.00K","0.14%"
"01/18/2023","368.00","368.00","368.00","368.00","","-0.34%"
"01/19/2023","363.50","363.50","363.50","363.50","0.00K","-1.22%"
"01/20/2023","350.95","350.95","350.95","350.95","","-3.45%"
"01/23/2023","360.00","360.00","360.00","360.00","0.00K","2.58%"
"01/24/2023","359.60","359.60","359.60","359.60","0.02K","-0.11%"
"01/25/2023","354.00","354.00","354.00","354.00","0.01K","-1.56%"
"01/26/2023","355.60","355.60","355.60","355.60","","0.45%"
"01/27/2023","358.10","265.00","265.00","265.00","","0.70%"
"01/30/2023","265.35","266.00","266.00","262.00","0.01K","-25.90%"
"01/31/2023","251.75","262.00","262.00","262.00","0.03K","-5.13%"
"02/01/2023","247.00","247.00","247.00","247.00","0.03K","-1.89%"
"02/02/2023","244.65","245.00","245.00","245.00","0.01K","-0.95%"
"02/03/2023","236.00","236.00","236.00","236.00","0.01K","-3.54%"
"02/06/2023","252.00","235.00","235.00","235.00","0.01K","6.78%"
"02/07/2023","255.65","257.00","265.00","254.00","0.04K","1.45%"
"02/08/2023","239.35","239.35","239.35","239.35","","-6.38%"
"02/09/2023","225.50","238.00","238.00","225.00","0.03K","-5.79%"
"02/10/2023","226.10","219.00","219.00","218.00","0.03K","0.27%"
"02/13/2023","221.00","221.00","221.00","221.00","","-2.26%"
"02/14/2023","219.50","219.50","219.50","219.50","0.01K","-0.68%"
"02/15/2023","219.90","219.90","219.90","219.90","0.01K","0.18%"
"02/16/2023","214.00","214.00","214.00","214.00","0.03K","-2.68%"
"02/17/2023","209.35","209.35","209.35","209.35","","-2.17%"
"02/20/2023","205.65","205.65","205.65","205.65","","-1.77%"
"02/21/2023","208.50","209.00","209.00","209.00","0.03K","1.39%"
"02/22/2023","209.65","209.65","209.65","209.65","0.00K","0.55%"
"02/23/2023","210.10","210.10","210.10","210.10","","0.21%"
"02/24/2023","209.20","204.50","204.50","204.50","","-0.43%"
"02/27/2023","196.50","195.00","197.00","195.00","0.07K","-6.07%"
"02/28/2023","192.85","192.85","192.85","192.85","0.07K","-1.86%"
"03/01/2023","193.50","192.00","192.00","192.00","0.08K","0.34%"
"03/02/2023","193.00","193.00","193.00","193.00","0.04K","-0.26%"
"03/03/2023","188.90","187.15","187.15","187.15","0.00K","-2.12%"
"03/06/2023","181.75","182.00","182.00","182.00","0.00K","-3.79%"
"03/07/2023","179.25","181.00","181.00","180.00","0.00K","-1.38%"
"03/08/2023","179.50","182.00","182.00","182.00","0.00K","0.14%"
"03/09/2023","180.00","180.00","180.00","180.00","","0.28%"
"03/10/2023","185.25","185.25","185.25","185.25","","2.92%"
"03/13/2023","182.90","182.90","182.90","182.90","0.01K","-1.27%"
"03/14/2023","180.00","180.00","180.00","180.00","0.01K","-1.59%"
"03/15/2023","175.00","175.00","178.50","175.00","0.01K","-2.78%"
"03/16/2023","174.00","174.00","174.00","174.00","0.01K","-0.57%"
"03/17/2023","173.00","173.00","173.00","173.00","0.00K","-0.57%"
"03/20/2023","172.25","173.00","173.00","173.00","0.01K","-0.43%"
"03/21/2023","174.00","174.00","174.00","174.00","","1.02%"
"03/22/2023","176.55","176.55","176.55","176.55","","1.47%"
"03/23/2023","176.65","176.65","176.65","176.65","","0.06%"
"03/24/2023","175.35","175.35","175.35","175.35","","-0.74%"
"03/27/2023","176.25","176.25","176.25","176.25","","0.51%"
"03/28/2023","176.50","176.50","176.50","176.50","","0.14%"
"03/29/2023","176.60","176.60","176.60","176.60","","0.06%"
"03/30/2023","176.75","176.75","176.75","176.75","","0.08%"
"03/31/2023","177.25","177.25","177.25","177.25","","0.28%"
"04/03/2023","200.00","197.00","198.00","197.00","0.01K","12.83%"
"04/04/2023","192.65","192.65","192.65","192.65","0.02K","-3.68%"
"04/05/2023","198.00","198.00","198.00","198.00","0.03K","2.78%"
"04/06/2023","193.75","193.75","193.75","193.75","","-2.15%"
"04/10/2023","193.75","193.75","193.75","193.75","","0.00%"
"04/11/2023","194.15","194.15","194.15","194.15","0.01K","0.21%"
"04/12/2023","194.60","194.60","194.60","194.60","0.01K","0.23%"
"04/13/2023","190.75","190.75","190.75","190.75","","-1.98%"
"04/14/2023","188.00","188.00","188.00","188.00","0.02K","-1.44%"
"04/17/2023","187.00","187.00","187.00","187.00","0.00K","-0.53%"
"04/18/2023","188.30","188.30","188.30","188.30","","0.70%"
"04/19/2023","192.50","192.50","192.50","192.50","0.00K","2.23%"
"04/20/2023","191.75","191.75","191.75","191.75","0.00K","-0.39%"
"04/21/2023","190.35","190.35","190.35","190.35","","-0.73%"
"04/24/2023","190.00","190.00","190.00","190.00","","-0.18%"
"04/25/2023","189.05","189.05","189.05","189.05","","-0.50%"
"04/26/2023","190.15","190.15","190.15","190.15","","0.58%"
"04/27/2023","189.95","189.95","189.95","189.95","","-0.11%"
"04/28/2023","189.70","189.70","189.70","189.70","","-0.13%"
"05/01/2023","185.15","185.15","185.15","185.15","","-2.40%"
"05/02/2023","187.55","187.55","187.55","187.55","","1.30%"
"05/03/2023","180.60","180.60","180.60","180.60","0.01K","-3.71%"
"05/04/2023","170.65","178.20","178.20","178.20","0.06K","-5.51%"
"05/05/2023","169.65","169.65","169.65","169.65","0.01K","-0.59%"
"05/08/2023","169.65","169.65","169.65","169.65","","0.00%"
"05/09/2023","169.00","169.00","169.00","169.00","","-0.38%"
"05/10/2023","166.95","166.95","166.95","166.95","0.01K","-1.21%"
"05/11/2023","163.00","163.00","163.00","163.00","0.01K","-2.37%"
"05/12/2023","164.90","166.50","166.50","166.50","0.09K","1.17%"
"05/15/2023","163.75","163.75","163.75","163.75","0.02K","-0.70%"
"05/16/2023","163.80","163.80","163.80","163.80","0.01K","0.03%"
"05/17/2023","165.25","165.25","165.25","165.25","0.01K","0.89%"
"05/18/2023","159.35","159.35","159.35","159.35","0.03K","-3.57%"
"05/19/2023","162.25","162.25","162.25","162.25","","1.82%"
"05/22/2023","160.35","160.35","160.35","160.35","","-1.17%"
"05/23/2023","160.00","160.00","160.00","160.00","","-0.22%"
"05/24/2023","160.25","160.25","160.25","160.25","0.00K","0.16%"
"05/25/2023","160.00","160.00","160.00","160.00","","-0.16%"
"05/26/2023","160.00","160.00","160.00","160.00","","0.00%"
"05/29/2023","140.65","140.65","140.65","140.65","","-12.09%"
"05/30/2023","135.10","135.10","135.10","135.10","","-3.95%"
"05/31/2023","135.00","138.00","138.00","138.00","0.01K","-0.07%"
"06/01/2023","130.15","130.15","130.15","130.15","0.01K","-3.59%"
"06/02/2023","131.00","131.00","131.00","131.00","0.02K","0.65%"
"06/05/2023","137.75","137.75","137.75","137.75","","5.15%"
"06/06/2023","134.45","134.45","134.45","134.45","0.04K","-2.40%"
"06/07/2023","136.00","136.00","136.00","136.00","","1.15%"
"06/08/2023","136.25","136.25","136.25","136.25","","0.18%"
"06/09/2023","135.70","135.70","135.70","135.70","0.01K","-0.40%"
"06/12/2023","134.00","134.00","134.00","134.00","","-1.25%"
"06/13/2023","132.25","132.25","132.25","132.25","0.05K","-1.31%"
"06/14/2023","132.00","132.00","132.00","132.00","","-0.19%"
"06/15/2023","135.95","135.95","135.95","135.95","","2.99%"
"06/16/2023","128.45","128.45","128.45","128.45","0.03K","-5.52%"
"06/19/2023","128.35","128.35","128.35","128.35","","-0.08%"
"06/20/2023","126.55","126.55","126.55","126.55","0.02K","-1.40%"
"06/21/2023","124.15","124.15","124.15","124.15","0.01K","-1.90%"
"06/22/2023","125.75","125.75","125.75","125.75","","1.29%"
"06/23/2023","125.50","125.50","125.50","125.50","","-0.20%"
"06/26/2023","125.50","125.50","125.50","125.50","","0.00%"
"06/27/2023","127.90","127.90","127.90","127.90","","1.91%"
"06/28/2023","127.90","127.90","127.90","127.90","","0.00%"
"06/29/2023","127.90","127.90","127.90","127.90","","0.00%"
"06/30/2023","128.05","128.05","128.05","128.05","","0.12%"
"07/03/2023","148.05","145.00","145.00","145.00","0.02K","15.62%"
"07/04/2023","143.15","142.50","142.50","142.50","0.15K","-3.31%"
"07/05/2023","144.80","144.80","144.80","144.80","0.03K","1.15%"
"07/06/2023","139.65","140.00","140.00","140.00","0.02K","-3.56%"
"07/07/2023","138.00","138.00","138.00","138.00","","-1.18%"
"07/10/2023","133.70","133.70","133.70","133.70","","-3.12%"
"07/11/2023","131.00","131.00","131.00","131.00","0.01K","-2.02%"
"07/12/2023","129.05","129.05","129.05","129.05","","-1.49%"
"07/13/2023","128.00","128.00","128.00","128.00","0.02K","-0.81%"
"07/14/2023","131.65","131.65","131.65","131.65","0.03K","2.85%"
"07/17/2023","131.10","131.10","131.10","131.10","0.01K","-0.42%"
"07/18/2023","134.35","134.35","134.35","134.35","0.01K","2.48%"
"07/19/2023","132.00","131.00","131.00","131.00","0.02K","-1.75%"
"07/20/2023","132.00","132.00","132.00","132.00","","0.00%"
"07/21/2023","133.00","133.00","133.00","133.00","","0.76%"
"07/24/2023","133.10","133.10","133.10","133.10","","0.08%"
"07/25/2023","134.00","134.00","134.00","134.00","","0.68%"
"07/26/2023","134.00","134.00","134.00","134.00","0.01K","0.00%"
"07/27/2023","134.00","134.00","134.00","134.00","","0.00%"
"07/28/2023","134.45","139.00","139.00","139.00","","0.34%"
"07/31/2023","137.30","137.30","137.30","137.30","0.02K","2.12%"
"08/01/2023","134.35","135.00","135.00","135.00","0.06K","-2.15%"
"08/02/2023","133.50","134.00","134.00","134.00","0.00K","-0.63%"
"08/03/2023","136.85","136.85","136.85","136.85","0.02K","2.51%"
"08/04/2023","137.00","136.00","136.00","136.00","0.01K","0.11%"
"08/07/2023","141.10","141.10","141.10","141.10","0.01K","2.99%"
"08/08/2023","142.50","142.50","142.50","142.50","0.05K","0.99%"
"08/09/2023","142.50","142.50","142.50","142.50","0.02K","0.00%"
"08/10/2023","143.00","143.00","143.00","143.00","","0.35%"
"08/11/2023","144.00","144.00","144.00","144.00","","0.70%"
"08/14/2023","146.50","146.50","146.50","146.50","","1.74%"
"08/15/2023","147.15","147.15","147.15","147.15","","0.44%"
"08/16/2023","147.50","147.50","147.50","147.50","","0.24%"
"08/17/2023","147.00","147.00","147.00","147.00","","-0.34%"
"08/18/2023","149.50","149.50","149.50","149.50","","1.70%"
"08/21/2023","149.25","149.25","149.25","149.25","","-0.17%"
"08/22/2023","150.00","150.00","150.00","150.00","","0.50%"
"08/23/2023","150.00","150.00","150.00","150.00","","0.00%"
"08/24/2023","149.00","149.00","149.00","149.00","0.00K","-0.67%"
"08/25/2023","149.40","149.40","149.40","149.40","","0.27%"
"08/28/2023","159.75","158.50","158.50","158.50","0.00K","6.93%"
"08/29/2023","159.50","158.50","158.50","158.50","0.09K","-0.16%"
"08/30/2023","156.00","156.00","156.00","156.00","0.08K","-2.19%"
"08/31/2023","156.00","156.00","156.00","156.00","0.03K","0.00%"
"09/01/2023","156.25","156.25","156.25","156.25","0.02K","0.16%"
"09/04/2023","156.55","156.55","156.55","156.55","","0.19%"
"09/05/2023","160.50","160.50","160.50","160.50","","2.52%"
"09/06/2023","160.00","160.00","160.00","160.00","","-0.31%"
"09/07/2023","157.65","157.65","157.65","157.65","","-1.47%"
"09/08/2023","156.25","156.25","156.25","156.25","","-0.89%"
"09/11/2023","158.00","158.00","158.00","158.00","","1.12%"
"09/12/2023","159.00","159.00","159.00","159.00","","0.63%"
"09/13/2023","162.25","162.25","162.25","162.25","","2.04%"
"09/14/2023","160.15","160.50","160.50","160.50","0.04K","-1.29%"
"09/15/2023","160.50","160.50","160.50","160.50","0.25K","0.22%"
"09/18/2023","160.75","160.75","160.75","160.75","","0.16%"
"09/19/2023","160.75","160.75","160.75","160.75","","0.00%"
"09/20/2023","160.75","160.75","160.75","160.75","","0.00%"
"09/21/2023","160.50","160.50","160.50","160.50","0.01K","-0.16%"
"09/22/2023","160.00","160.00","160.00","160.00","","-0.31%"
"09/25/2023","160.00","160.00","160.00","160.00","","0.00%"
"09/26/2023","160.35","160.35","160.35","160.35","","0.22%"
"09/27/2023","160.35","160.35","160.35","160.35","","0.00%"
"09/28/2023","159.75","159.75","159.75","159.75","","-0.37%"
"09/29/2023","160.10","157.00","157.00","157.00","","0.22%"
"10/02/2023","154.50","155.00","155.00","155.00","0.01K","-3.50%"
"10/03/2023","149.65","150.00","150.00","150.00","0.10K","-3.14%"
"10/04/2023","144.65","145.00","145.00","145.00","0.03K","-3.34%"
"10/05/2023","139.00","140.00","140.00","140.00","0.01K","-3.91%"
"10/06/2023","138.50","138.50","138.50","138.50","0.01K","-0.36%"
"10/09/2023","141.35","141.35","141.35","141.35","0.02K","2.06%"
"10/10/2023","141.90","141.90","141.90","141.90","0.04K","0.39%"
"10/11/2023","140.50","141.50","141.50","141.50","0.01K","-0.99%"
"10/12/2023","142.65","142.65","142.65","142.65","","1.53%"
"10/13/2023","143.85","143.85","143.85","143.85","0.02K","0.84%"
"10/16/2023","143.75","143.75","143.75","143.75","","-0.07%"
"10/17/2023","142.25","142.25","142.25","142.25","0.01K","-1.04%"
"10/18/2023","140.00","139.50","139.50","139.50","0.02K","-1.58%"
"10/19/2023","136.50","136.50","136.50","136.50","","-2.50%"
"10/20/2023","138.00","138.00","138.00","138.00","","1.10%"
"10/23/2023","138.35","138.35","138.35","138.35","0.01K","0.25%"
"10/24/2023","136.50","136.50","136.50","136.50","0.02K","-1.34%"
"10/25/2023","133.50","133.50","133.50","133.50","","-2.20%"
"10/26/2023","135.70","135.70","135.70","135.70","","1.65%"
"10/27/2023","135.20","135.20","135.20","135.20","","-0.37%"
"10/30/2023","131.00","131.00","131.00","131.00","0.02K","-3.11%"
"10/31/2023","121.10","123.50","123.50","123.50","0.06K","-7.56%"
"11/01/2023","119.65","117.45","117.45","117.45","0.00K","-1.20%"
"11/02/2023","120.00","118.00","118.00","118.00","0.09K","0.29%"
"11/03/2023","122.50","122.50","122.50","122.50","0.00K","2.08%"
"11/06/2023","119.00","119.00","119.00","119.00","0.18K","-2.86%"
"11/07/2023","120.10","120.10","120.10","120.10","0.06K","0.92%"
"11/08/2023","122.50","122.50","122.50","122.50","0.08K","2.00%"
"11/09/2023","123.00","123.00","123.00","122.50","0.03K","0.41%"
"11/10/2023","123.25","123.25","123.25","123.25","","0.20%"
"11/13/2023","122.00","122.00","122.00","122.00","","-1.01%"
"11/14/2023","122.50","122.50","122.50","122.50","","0.41%"
"11/15/2023","123.25","123.25","123.25","123.25","","0.61%"
"11/16/2023","123.10","123.10","123.10","123.10","","-0.12%"
"11/17/2023","123.25","123.25","123.25","123.25","","0.12%"
"11/20/2023","122.50","122.50","122.50","122.50","","-0.61%"
"11/21/2023","122.30","122.30","122.30","122.30","","-0.16%"
"11/22/2023","122.15","122.15","122.15","122.15","","-0.12%"
"11/23/2023","122.15","122.15","122.15","122.15","","0.00%"
"11/24/2023","122.00","128.00","128.00","128.00","","-0.12%"
"11/27/2023","127.50","128.00","128.00","128.00","0.02K","4.51%"
"11/28/2023","127.45","127.45","127.45","127.45","0.01K","-0.04%"
"11/29/2023","127.85","129.00","129.00","129.00","0.19K","0.31%"
"11/30/2023","132.15","132.15","132.15","132.15","0.21K","3.36%"
"12/01/2023","133.50","133.50","133.50","133.50","0.16K","1.02%"
"12/04/2023","134.45","135.00","135.00","135.00","0.02K","0.71%"
"12/05/2023","134.15","134.15","134.15","134.15","0.01K","-0.22%"
"12/06/2023","140.45","140.45","140.45","140.45","0.02K","4.70%"
"12/07/2023","148.75","148.75","148.75","148.75","0.01K","5.91%"
"12/08/2023","151.00","151.00","151.00","151.00","","1.51%"
"12/11/2023","152.50","152.50","152.50","152.50","0.01K","0.99%"
"12/12/2023","146.25","145.00","146.00","145.00","0.01K","-4.10%"
"12/13/2023","146.25","146.25","146.25","146.25","0.02K","0.00%"
"12/14/2023","145.50","145.50","145.50","145.50","","-0.51%"
"12/15/2023","145.25","145.25","145.25","145.25","","-0.17%"
"12/18/2023","144.75","144.75","144.75","144.75","","-0.34%"
"12/19/2023","145.25","145.25","145.25","145.25","","0.35%"
"12/20/2023","144.25","144.25","144.25","144.25","","-0.69%"
"12/21/2023","145.25","145.25","145.25","145.25","0.02K","0.69%"
"12/22/2023","145.50","145.50","145.50","145.50","","0.17%"
"12/26/2023","145.50","145.50","145.50","145.50","","0.00%"
"12/27/2023","146.00","146.00","146.00","146.00","","0.34%"
"12/28/2023","145.45","145.45","145.45","145.45","","-0.38%"
"12/29/2023","146.40","146.40","146.40","146.40","","0.65%"
"01/02/2024","127.75","132.00","132.00","131.90","0.04K","-12.74%"
"01/03/2024","128.50","128.50","128.50","128.50","0.08K","0.59%"
"01/04/2024","130.90","130.90","130.90","130.90","0.08K","1.87%"
"01/05/2024","131.55","131.55","131.55","131.55","0.01K","0.50%"
"01/08/2024","132.00","131.50","131.50","131.50","0.09K","0.34%"
"01/09/2024","135.65","134.50","134.50","134.00","0.05K","2.77%"
"01/10/2024","133.50","133.50","133.50","133.50","0.05K","-1.58%"
"01/11/2024","130.75","130.75","130.75","130.75","0.03K","-2.06%"
"01/12/2024","130.85","130.85","130.85","130.85","0.07K","0.08%"
"01/15/2024","129.85","129.85","129.85","129.85","0.01K","-0.76%"
"01/16/2024","129.50","129.00","129.00","129.00","0.00K","-0.27%"
"01/17/2024","129.50","129.50","129.50","129.50","0.01K","0.00%"
"01/18/2024","128.90","128.90","128.90","128.90","","-0.46%"
"01/19/2024","128.00","128.00","128.00","128.00","","-0.70%"
"01/22/2024","127.45","127.45","127.45","127.45","","-0.43%"
"01/23/2024","127.30","127.30","127.30","127.30","0.04K","-0.12%"
"01/24/2024","127.20","127.20","127.20","127.20","","-0.08%"
"01/25/2024","126.80","126.80","126.80","126.80","","-0.31%"
"01/26/2024","127.10","118.25","118.25","118.25","","0.24%"
"01/29/2024","116.40","116.00","116.00","116.00","0.03K","-8.42%"
"01/30/2024","119.55","118.00","118.00","118.00","0.04K","2.71%"
"01/31/2024","116.50","116.50","116.50","116.50","0.02K","-2.55%"
"02/01/2024","116.00","116.00","116.00","116.00","0.02K","-0.43%"
"02/02/2024","116.75","116.00","116.00","116.00","0.09K","0.65%"
"02/05/2024","119.00","119.00","119.00","119.00","","1.93%"
"02/06/2024","119.00","119.00","119.00","119.00","","0.00%"
"02/07/2024","120.50","120.50","120.50","120.50","0.02K","1.26%"
"02/08/2024","120.60","120.00","120.00","120.00","0.01K","0.08%"
"02/09/2024","120.60","120.60","120.60","120.60","","0.00%"
"02/12/2024","120.00","120.00","120.00","120.00","","-0.50%"
"02/13/2024","120.50","120.50","120.50","120.50","","0.42%"
"02/14/2024","119.75","119.75","119.75","119.75","","-0.62%"
"02/15/2024","119.25","119.25","119.25","119.25","","-0.42%"
"02/16/2024","119.25","119.25","119.25","119.25","","0.00%"
"02/19/2024","119.60","119.60","119.60","119.60","","0.29%"
"02/20/2024","119.60","119.60","119.60","119.60","","0.00%"
"02/21/2024","119.40","115.00","115.00","115.00","0.00K","-0.17%"
"02/22/2024","119.40","119.40","119.40","119.40","","0.00%"
"02/23/2024","119.40","119.40","119.40","119.40","","0.00%"
"02/26/2024","127.75","127.50","127.50","127.50","0.06K","6.99%"
"02/27/2024","129.20","130.50","130.50","129.00","0.08K","1.14%"
"02/28/2024","129.50","129.75","131.00","129.75","0.07K","0.23%"
"02/29/2024","131.00","131.00","131.00","131.00","0.02K","1.16%"
"03/01/2024","132.00","132.00","132.00","132.00","","0.76%"
"03/04/2024","136.00","136.00","136.00","136.00","0.02K","3.03%"
"03/05/2024","137.45","137.50","137.50","137.10","0.02K","1.07%"
"03/06/2024","136.75","136.75","136.75","136.75","0.03K","-0.51%"
"03/07/2024","135.50","135.50","135.50","135.50","0.02K","-0.91%"
"03/08/2024","134.40","134.40","134.40","134.40","","-0.81%"
"03/11/2024","133.00","134.00","134.00","132.75","0.01K","-1.04%"
"03/12/2024","130.65","130.65","130.65","130.65","","-1.77%"
"03/13/2024","131.10","131.10","131.10","131.10","","0.34%"
"03/14/2024","131.50","131.50","131.50","131.50","0.01K","0.31%"
"03/15/2024","131.00","131.00","131.00","131.00","0.04K","-0.38%"
"03/18/2024","129.75","129.75","129.75","129.75","0.03K","-0.95%"
"03/19/2024","129.40","129.40","129.40","129.40","","-0.27%"
"03/20/2024","128.90","128.90","128.90","128.90","","-0.39%"
"03/21/2024","128.25","128.25","128.25","128.25","","-0.50%"
"03/22/2024","127.70","127.70","127.70","127.70","","-0.43%"
"03/25/2024","128.95","128.95","128.95","128.95","","0.98%"
"03/26/2024","128.90","128.90","128.90","128.90","","-0.04%"
"03/27/2024","129.00","129.00","129.00","129.00","","0.08%"
"03/28/2024","129.10","129.10","129.10","129.10","","0.08%"
"04/01/2024","132.00","132.00","132.00","132.00","","2.25%"
"04/02/2024","132.25","132.25","132.25","132.25","0.04K","0.19%"
"04/03/2024","129.65","129.65","129.65","129.65","0.01K","-1.97%"
"04/04/2024","128.20","128.20","128.20","128.20","0.02K","-1.12%"
"04/05/2024","129.10","129.10","129.10","129.10","0.02K","0.70%"
"04/08/2024","128.20","128.20","128.20","128.20","0.03K","-0.70%"
"04/09/2024","127.75","127.00","127.00","127.00","0.03K","-0.35%"
"04/10/2024","128.00","128.00","128.00","128.00","0.07K","0.20%"
"04/11/2024","128.75","128.75","128.75","128.75","0.02K","0.59%"
"04/12/2024","129.25","129.25","129.25","129.25","0.01K","0.39%"
"04/15/2024","129.75","129.75","129.75","129.75","","0.39%"
"04/16/2024","129.25","130.00","130.00","130.00","0.04K","-0.39%"
"04/17/2024","129.60","129.60","129.60","129.60","","0.27%"
"04/18/2024","129.60","129.60","129.60","129.60","0.02K","0.00%"
"04/19/2024","130.60","130.60","130.60","130.60","","0.77%"
"04/22/2024","129.50","129.50","129.50","129.50","","-0.84%"
"04/23/2024","129.75","129.75","129.75","129.75","","0.19%"
"04/24/2024","129.00","129.00","129.00","129.00","","-0.58%"
"04/25/2024","129.25","129.25","129.25","129.25","","0.19%"
"04/26/2024","129.75","129.75","129.75","129.75","","0.39%"
"04/29/2024","137.40","136.75","136.75","136.75","0.05K","5.90%"
"04/30/2024","142.25","142.25","142.25","142.25","0.01K","3.53%"
"05/01/2024","147.00","151.65","151.65","151.65","0.00K","3.34%"
"05/02/2024","147.75","147.75","147.75","147.75","0.02K","0.51%"
"05/03/2024","145.15","145.15","145.15","145.15","","-1.76%"
"05/06/2024","145.30","145.30","145.30","145.30","","0.10%"
"05/07/2024","146.40","146.40","146.40","146.40","0.04K","0.76%"
"05/08/2024","145.25","145.25","145.25","145.25","","-0.79%"
"05/09/2024","144.95","144.95","144.95","144.95","0.09K","-0.21%"
"05/10/2024","144.40","144.40","144.40","144.40","","-0.38%"
"05/13/2024","142.10","142.10","142.10","142.10","","-1.59%"
"05/14/2024","142.65","142.65","142.65","142.65","","0.39%"
"05/15/2024","143.00","143.00","143.00","143.00","","0.25%"
"05/16/2024","143.50","143.50","143.50","143.50","","0.35%"
"05/17/2024","141.50","141.50","141.50","141.50","","-1.39%"
"05/20/2024","141.00","141.00","141.00","141.00","","-0.35%"
"05/21/2024","142.05","142.05","142.05","142.05","0.01K","0.74%"
"05/22/2024","142.40","142.40","142.40","142.40","","0.25%"
"05/23/2024","142.75","142.75","142.75","142.75","","0.25%"
"05/24/2024","142.80","142.80","142.80","142.80","","0.04%"
"05/27/2024","142.80","142.80","142.80","142.80","","0.00%"
"05/28/2024","142.40","142.40","142.40","142.40","","-0.28%"
"05/29/2024","142.40","142.40","142.40","142.40","","0.00%"
"05/30/2024","142.40","142.40","142.40","142.40","","0.00%"
"05/31/2024","142.40","142.40","142.40","142.40","","0.00%"
"06/03/2024","140.20","139.00","140.75","138.75","0.14K","-1.54%"
"06/04/2024","137.95","137.95","137.95","137.95","","-1.60%"
"06/05/2024","136.00","136.00","136.00","136.00","0.01K","-1.41%"
"06/06/2024","134.35","134.35","134.35","134.35","0.01K","-1.21%"
"06/07/2024","131.45","131.00","131.00","131.00","0.01K","-2.16%"
"06/10/2024","131.85","131.85","131.85","131.85","0.01K","0.30%"
"06/11/2024","131.25","131.25","131.25","131.25","","-0.46%"
"06/12/2024","132.95","132.95","132.95","132.95","","1.30%"
"06/13/2024","134.70","134.70","134.70","134.70","","1.32%"
"06/14/2024","133.15","133.15","133.15","133.15","","-1.15%"
"06/17/2024","133.90","133.90","133.90","133.90","","0.56%"
"06/18/2024","133.90","133.90","133.90","133.90","","0.00%"
"06/19/2024","134.10","134.10","134.10","134.10","","0.15%"
"06/20/2024","133.90","133.90","133.90","133.90","","-0.15%"
"06/21/2024","132.05","132.05","132.05","132.05","","-1.38%"
"06/24/2024","132.95","132.95","132.95","132.95","","0.68%"
"06/25/2024","134.10","134.10","134.10","134.10","","0.86%"
"06/26/2024","132.00","132.00","132.00","132.00","","-1.57%"
"06/27/2024","132.75","132.75","132.75","132.75","","0.57%"
"06/28/2024","133.45","133.45","133.45","133.45","","0.53%"
"07/01/2024","132.10","132.10","132.10","132.10","0.00K","-1.01%"
"07/02/2024","132.25","132.25","132.25","132.25","0.01K","0.11%"
"07/03/2024","135.00","135.00","135.00","135.00","0.11K","2.08%"
"07/04/2024","136.50","136.50","136.50","136.50","","1.11%"
"07/05/2024","135.75","135.75","135.75","135.75","0.01K","-0.55%"
"07/08/2024","135.05","135.00","135.00","135.00","0.00K","-0.52%"
"07/09/2024","135.25","135.25","135.25","135.25","0.04K","0.15%"
"07/10/2024","133.75","133.75","133.75","133.75","","-1.11%"
"07/11/2024","133.75","133.75","133.75","133.75","","0.00%"
"07/12/2024","133.85","133.00","134.00","133.00","0.01K","0.07%"
"07/15/2024","134.95","134.85","134.85","134.85","0.03K","0.82%"
"07/16/2024","134.40","134.40","134.40","134.40","","-0.41%"
"07/17/2024","134.75","134.75","134.75","134.75","0.02K","0.26%"
"07/18/2024","135.00","135.00","135.00","135.00","","0.19%"
"07/19/2024","135.10","135.10","135.10","135.10","","0.07%"
"07/22/2024","135.00","135.00","135.00","135.00","0.01K","-0.07%"
"07/23/2024","134.70","134.70","134.70","134.70","","-0.22%"
"07/24/2024","134.75","134.75","134.75","134.75","","0.04%"
"07/25/2024","134.75","134.75","134.75","134.75","","0.00%"
"07/26/2024","134.80","134.80","134.80","134.80","","0.04%"
"07/29/2024","140.10","140.10","140.10","140.10","0.01K","3.93%"
"07/30/2024","139.25","139.25","139.25","139.25","0.03K","-0.61%"
"07/31/2024","140.10","139.50","140.50","139.50","0.02K","0.61%"
"08/01/2024","142.55","141.00","144.00","141.00","0.01K","1.75%"
"08/02/2024","144.10","144.10","144.10","144.10","","1.09%"
"08/05/2024","143.70","143.70","143.70","143.70","0.03K","-0.28%"
"08/06/2024","145.50","145.50","145.50","145.50","0.02K","1.25%"
"08/07/2024","145.00","145.00","145.00","145.00","","-0.34%"
"08/08/2024","145.50","145.50","145.50","145.50","","0.34%"
"08/09/2024","146.00","146.00","146.00","146.00","","0.34%"
"08/12/2024","146.75","146.75","146.75","146.75","","0.51%"
"08/13/2024","146.90","146.90","146.90","146.90","","0.10%"
"08/14/2024","145.75","145.75","145.75","145.75","","-0.78%"
"08/15/2024","150.00","150.00","150.00","150.00","0.01K","2.92%"
"08/16/2024","146.75","146.75","146.75","146.75","","-2.17%"
"08/19/2024","146.50","146.50","146.50","146.50","","-0.17%"
"08/20/2024","146.00","148.25","148.25","148.25","0.01K","-0.34%"
"08/21/2024","145.90","145.90","145.90","145.90","","-0.07%"
"08/22/2024","146.75","146.75","146.75","146.75","","0.58%"
"08/23/2024","145.20","145.20","145.20","145.20","","-1.06%"
"08/26/2024","145.70","145.70","145.70","145.70","","0.34%"
"08/27/2024","146.00","146.00","146.00","146.00","","0.21%"
"08/28/2024","145.00","145.00","145.00","145.00","","-0.68%"
"08/29/2024","145.00","145.00","145.00","145.00","","0.00%"
"08/30/2024","146.20","146.20","146.20","146.20","","0.83%"
"09/02/2024","143.90","143.90","143.90","143.90","","-1.57%"
"09/03/2024","142.00","142.00","142.00","142.00","0.05K","-1.32%"
"09/04/2024","139.50","139.50","139.50","139.50","0.03K","-1.76%"
"09/05/2024","141.00","141.00","141.00","141.00","0.01K","1.08%"
"09/06/2024","141.50","141.35","141.35","141.35","0.00K","0.35%"
"09/09/2024","141.65","141.65","141.65","141.65","","0.11%"
"09/10/2024","138.75","139.50","139.50","139.50","0.02K","-2.05%"
"09/11/2024","139.00","139.00","139.00","139.00","","0.18%"
"09/12/2024","138.15","138.15","138.15","138.15","0.00K","-0.61%"
"09/13/2024","137.90","137.90","137.90","137.90","","-0.18%"
"09/16/2024","137.25","137.25","137.25","137.25","","-0.47%"
"09/17/2024","139.65","139.00","139.00","139.00","0.00K","1.75%"
"09/18/2024","139.00","139.00","139.00","139.00","","-0.47%"
"09/19/2024","139.50","140.00","140.00","140.00","0.01K","0.36%"
"09/20/2024","139.50","139.50","139.50","139.50","","0.00%"
"09/23/2024","139.50","139.50","139.50","139.50","","0.00%"
"09/24/2024","139.50","139.50","139.50","139.50","0.00K","0.00%"
"09/25/2024","139.75","139.75","139.75","139.75","","0.18%"
"09/26/2024","139.60","139.60","139.60","139.60","","-0.11%"
"09/27/2024","139.75","139.75","139.75","139.75","","0.11%"
"09/30/2024","145.10","149.00","149.00","145.00","0.01K","3.83%"
"10/01/2024","141.65","142.75","142.75","142.75","0.01K","-2.38%"
"10/02/2024","140.25","142.10","142.10","142.10","0.03K","-0.99%"
"10/03/2024","140.80","140.80","140.80","140.80","0.01K","0.39%"
"10/04/2024","148.20","148.20","148.20","148.20","0.12K","5.26%"
"10/07/2024","148.50","148.50","148.50","148.50","0.02K","0.20%"
"10/08/2024","147.80","147.80","147.80","147.80","0.01K","-0.47%"
"10/09/2024","145.45","145.45","145.45","145.45","0.06K","-1.59%"
"10/10/2024","148.00","147.00","148.50","147.00","0.02K","1.75%"
"10/11/2024","146.70","148.05","148.05","148.05","0.00K","-0.88%"
"10/14/2024","148.20","148.20","148.20","148.20","0.01K","1.02%"
"10/15/2024","146.05","146.05","146.05","146.05","0.01K","-1.45%"
"10/16/2024","145.95","145.95","145.95","145.95","0.00K","-0.07%"
"10/17/2024","145.75","145.75","145.75","145.75","0.00K","-0.14%"
"10/18/2024","145.40","145.40","145.40","145.40","","-0.24%"
"10/21/2024","145.60","145.60","145.60","145.60","","0.14%"
"10/22/2024","144.70","144.70","144.70","144.70","","-0.62%"
"10/23/2024","145.25","145.25","145.25","145.25","","0.38%"
"10/24/2024","145.50","145.50","145.50","145.50","","0.17%"
"10/25/2024","144.90","144.90","144.90","144.90","","-0.41%"
"10/28/2024","144.50","143.75","143.75","143.75","0.02K","-0.28%"
"10/29/2024","145.25","145.25","145.25","145.25","0.03K","0.52%"
"10/30/2024","145.00","144.00","144.05","144.00","0.18K","-0.17%"
"10/31/2024","144.05","144.05","144.05","144.05","","-0.66%"
"11/01/2024","143.95","144.15","144.15","144.15","0.01K","-0.07%"
"11/04/2024","143.90","143.90","143.90","143.90","","-0.03%"
"11/05/2024","142.90","142.90","142.90","142.90","","-0.69%"
"11/06/2024","141.10","141.10","141.10","141.10","","-1.26%"
"11/07/2024","142.20","142.20","142.20","142.20","","0.78%"
"11/08/2024","143.35","143.35","143.35","143.35","","0.81%"
"11/11/2024","142.25","142.25","142.25","142.25","","-0.77%"
"11/12/2024","142.25","142.25","142.25","142.25","","0.00%"
"11/13/2024","141.50","141.50","141.50","141.50","","-0.53%"
"11/14/2024","141.50","141.50","141.50","141.50","","0.00%"
"11/15/2024","141.75","141.75","141.75","141.75","","0.18%"
"11/18/2024","141.75","141.75","141.75","141.75","","0.00%"
"11/19/2024","141.25","141.25","141.25","141.25","","-0.35%"
"11/20/2024","141.50","141.50","141.50","141.50","","0.18%"
"11/21/2024","141.50","141.50","141.50","141.50","","0.00%"
"11/22/2024","141.25","141.25","141.25","141.25","","-0.18%"
"11/25/2024","141.00","141.00","141.00","141.00","","-0.18%"
"11/26/2024","141.00","141.00","141.00","141.00","","0.00%"
"11/27/2024","140.70","140.70","140.70","140.70","","-0.21%"
"11/28/2024","140.70","140.70","140.70","140.70","","0.00%"
"11/29/2024","141.50","141.50","141.50","141.50","","0.57%"
"12/02/2024","135.00","136.00","136.05","136.00","0.01K","-4.59%"
"12/03/2024","134.80","134.80","134.80","134.80","","-0.15%"
"12/04/2024","133.40","133.40","133.40","133.40","","-1.04%"
"12/05/2024","133.25","133.00","133.00","133.00","0.05K","-0.11%"
"12/06/2024","133.25","133.25","133.25","133.25","","0.00%"
"12/09/2024","133.75","133.75","133.75","133.75","","0.38%"
"12/10/2024","133.45","133.45","133.45","133.45","","-0.22%"
"12/11/2024","133.75","133.75","133.75","133.75","","0.22%"
"12/12/2024","132.50","132.50","132.50","132.50","","-0.93%"
"12/13/2024","130.75","130.75","130.75","130.75","","-1.32%"
"12/16/2024","129.25","129.25","129.25","129.25","0.04K","-1.15%"
"12/17/2024","129.00","129.00","129.00","129.00","","-0.19%"
"12/18/2024","128.25","128.00","128.05","128.00","0.01K","-0.58%"
"12/19/2024","127.10","128.00","128.00","128.00","0.00K","-0.90%"
"12/20/2024","127.40","127.40","127.40","127.40","0.02K","0.24%"
"12/23/2024","126.75","126.75","126.75","126.75","","-0.51%"
"12/24/2024","126.75","126.75","126.75","126.75","","0.00%"
"12/26/2024","126.75","126.75","126.75","126.75","","0.00%"
"12/27/2024","126.75","126.75","126.75","126.75","","0.00%"
"12/30/2024","124.55","124.00","124.00","124.00","0.00K","-1.74%"
"12/31/2024","125.25","123.00","126.50","123.00","0.05K","0.56%"
"01/02/2025","124.60","124.60","124.60","124.60","0.03K","-0.52%"
"01/03/2025","123.50","123.50","123.50","123.50","0.00K","-0.88%"
"01/06/2025","119.75","122.00","122.00","121.00","0.01K","-3.04%"
"01/07/2025","118.30","119.25","119.25","118.50","0.18K","-1.21%"
"01/08/2025","117.45","117.45","117.45","117.45","0.06K","-0.72%"
"01/09/2025","115.75","115.75","115.75","115.75","0.00K","-1.45%"
"01/10/2025","113.50","113.50","113.50","113.50","0.00K","-1.94%"
"01/13/2025","114.50","114.50","115.00","114.00","0.10K","0.88%"
"01/14/2025","115.40","115.00","115.25","115.00","0.00K","0.79%"
"01/15/2025","114.45","114.45","114.45","114.45","","-0.82%"
"01/16/2025","114.70","115.50","115.50","115.25","0.00K","0.22%"
"01/17/2025","117.25","117.25","117.25","117.25","0.01K","2.22%"
"01/20/2025","118.15","115.50","115.50","115.50","0.02K","0.77%"
"01/21/2025","117.75","118.50","118.50","117.50","0.02K","-0.34%"
"01/22/2025","116.75","116.75","116.75","116.75","","-0.85%"
"01/23/2025","116.50","116.50","116.50","116.50","","-0.21%"
"01/24/2025","116.35","116.35","116.35","116.35","","-0.13%"
"01/27/2025","114.55","114.55","114.55","114.55","","-1.55%"
"01/28/2025","115.05","115.05","115.05","115.05","","0.44%"
"01/29/2025","114.80","114.80","114.80","114.80","","-0.22%"
"01/30/2025","114.85","114.85","114.85","114.85","","0.04%"
"01/31/2025","115.50","115.50","115.50","115.50","","0.57%"
"02/03/2025","115.65","114.50","116.00","114.50","0.02K","0.13%"
"02/04/2025","112.50","112.25","112.25","112.25","0.01K","-2.72%"
"02/05/2025","111.25","111.90","111.90","111.90","0.13K","-1.11%"
"02/06/2025","108.95","109.00","109.00","109.00","0.01K","-2.07%"
"02/07/2025","107.25","107.25","107.25","107.25","0.00K","-1.56%"
"02/10/2025","105.65","105.65","105.65","105.65","","-1.49%"
"02/11/2025","104.75","104.75","104.75","104.75","0.01K","-0.85%"
"02/12/2025","104.50","104.50","104.50","104.50","","-0.24%"
"02/13/2025","104.30","104.30","104.30","104.30","","-0.19%"
"02/14/2025","102.75","102.75","102.75","102.75","","-1.49%"
"02/17/2025","102.00","102.00","102.00","102.00","","-0.73%"
"02/18/2025","100.85","100.85","100.85","100.85","","-1.13%"
"02/19/2025","103.50","103.50","103.50","103.50","0.00K","2.63%"
"02/20/2025","103.50","103.50","103.50","103.50","","0.00%"
"02/21/2025","102.00","102.00","102.00","102.00","","-1.45%"
"02/24/2025","102.25","102.25","102.25","102.25","","0.25%"
"02/25/2025","102.00","102.00","102.00","102.00","","-0.24%"
"02/26/2025","102.40","102.40","102.40","102.40","","0.39%"
"02/27/2025","102.40","102.40","102.40","102.40","","0.00%"
"02/28/2025","102.05","102.05","102.05","102.05","","-0.34%"
"03/03/2025","101.40","99.00","99.00","99.00","0.09K","-0.64%"
"03/04/2025","101.50","101.50","101.50","101.50","","0.10%"
"03/05/2025","104.10","99.00","100.50","99.00","0.03K","2.56%"
"03/06/2025","104.70","100.00","100.00","100.00","0.01K","0.58%"
"03/07/2025","103.25","100.00","103.85","100.00","0.01K","-1.38%"
"03/10/2025","104.60","105.00","105.00","105.00","0.03K","1.31%"
"03/11/2025","104.90","104.90","104.90","104.90","0.01K","0.29%"
"03/12/2025","101.50","101.50","101.50","101.50","0.01K","-3.24%"
"03/13/2025","101.05","101.05","101.05","101.05","0.02K","-0.44%"
"03/14/2025","100.75","100.75","100.75","100.75","","-0.30%"
"03/17/2025","98.75","98.75","98.75","98.75","0.01K","-1.99%"
"03/18/2025","97.10","96.85","96.85","96.85","0.00K","-1.67%"
"03/19/2025","97.50","97.50","97.50","97.50","","0.41%"
"03/20/2025","97.75","97.75","97.75","97.75","","0.26%"
"03/21/2025","97.00","97.00","97.00","97.00","","-0.77%"
"03/24/2025","96.90","96.90","96.90","96.90","","-0.10%"
"03/25/2025","96.40","96.40","96.40","96.40","","-0.52%"
"03/26/2025","96.75","96.75","96.75","96.75","","0.36%"
"03/27/2025","96.75","96.75","96.75","96.75","","0.00%"
"03/28/2025","96.55","96.55","96.55","96.55","","-0.21%"
"03/31/2025","103.00","103.50","105.00","101.00","0.07K","6.68%"
"04/01/2025","102.65","102.65","102.65","102.65","0.02K","-0.34%"
"04/02/2025","101.00","101.00","101.00","101.00","0.00K","-1.61%"
"04/03/2025","99.40","98.50","99.45","98.50","0.02K","-1.58%"
"04/04/2025","97.00","96.40","97.95","96.40","0.01K","-2.41%"
"04/07/2025","97.50","94.00","98.50","94.00","0.04K","0.52%"
"04/08/2025","98.00","98.00","98.00","98.00","0.06K","0.51%"
"04/09/2025","96.50","96.25","96.25","96.25","0.12K","-1.53%"
"04/10/2025","96.25","96.25","96.25","96.25","0.00K","-0.26%"
"04/11/2025","94.85","94.85","94.85","94.85","0.02K","-1.45%"
"04/14/2025","95.50","95.50","95.50","95.50","0.03K","0.69%"
"04/15/2025","95.50","95.50","95.50","95.50","","0.00%"
"04/16/2025","94.25","94.25","94.25","94.25","","-1.31%"
"04/17/2025","95.05","95.05","95.05","95.05","0.00K","0.85%"
"04/21/2025","95.05","95.05","95.05","95.05","","0.00%"
"04/22/2025","93.90","93.25","93.25","93.25","0.01K","-1.21%"
"04/23/2025","93.70","93.70","93.70","93.70","0.01K","-0.21%"
"04/24/2025","93.80","93.80","93.80","93.80","0.00K","0.11%"
"04/25/2025","93.75","93.75","93.75","93.75","","-0.05%"
"04/28/2025","95.60","95.25","98.40","95.25","0.02K","1.97%"
"04/29/2025","97.25","96.25","96.25","96.25","0.03K","1.73%"
"04/30/2025","97.50","97.50","97.50","97.50","0.04K","0.26%"
"05/01/2025","97.50","97.50","97.50","97.50","0.03K","0.00%"
"05/02/2025","98.00","98.00","98.00","98.00","0.02K","0.51%"
"05/05/2025","98.50","98.50","98.50","98.50","","0.51%"
"05/06/2025","99.40","99.40","99.40","99.40","0.04K","0.91%"
"05/07/2025","98.75","98.90","101.00","98.90","0.01K","-0.65%"
"05/08/2025","98.50","98.50","98.50","98.50","0.07K","-0.25%"
"05/09/2025","98.90","98.90","98.90","98.90","0.05K","0.41%"
"05/12/2025","99.75","99.75","99.75","99.75","0.01K","0.86%"
"05/13/2025","99.90","101.00","101.00","101.00","0.02K","0.15%"
"05/14/2025","99.00","99.00","99.00","99.00","","-0.90%"
"05/15/2025","99.00","99.00","99.00","99.00","","0.00%"
"05/16/2025","99.00","99.00","99.00","99.00","","0.00%"
"05/19/2025","99.25","99.25","99.25","99.25","","0.25%"
"05/20/2025","100.55","100.55","100.55","100.55","0.03K","1.31%"
"05/21/2025","100.45","100.45","100.45","100.45","0.07K","-0.10%"
"05/22/2025","100.10","99.00","100.50","99.00","0.01K","-0.35%"
"05/23/2025","100.40","100.25","100.25","100.25","0.01K","0.30%"
"05/26/2025","100.40","100.40","100.40","100.40","","0.00%"
"05/27/2025","100.90","100.90","100.90","100.90","","0.50%"
"05/28/2025","100.90","100.90","100.90","100.90","","0.00%"
"05/29/2025","100.90","100.90","100.90","100.90","","0.00%"
"05/30/2025","100.80","100.80","100.80","100.80","","-0.10%"
"06/02/2025","105.35","105.50","107.00","105.50","0.05K","4.51%"
"06/03/2025","104.25","104.50","104.50","104.50","0.05K","-1.04%"
"06/04/2025","104.45","104.00","104.00","104.00","0.02K","0.19%"
"06/05/2025","105.00","108.00","108.00","104.50","0.01K","0.53%"
"06/06/2025","104.85","104.85","104.85","104.85","0.01K","-0.14%"
"06/09/2025","105.25","105.00","107.95","105.00","0.00K","0.38%"
"06/10/2025","103.65","105.25","105.25","104.60","0.02K","-1.52%"
"06/11/2025","104.45","104.25","104.25","104.25","0.01K","0.77%"
"06/12/2025","104.60","104.25","104.25","104.25","0.02K","0.14%"
"06/13/2025","105.25","105.25","105.25","105.25","0.01K","0.62%"
"06/16/2025","106.00","106.00","106.25","105.75","0.17K","0.71%"
"06/17/2025","106.40","106.40","106.40","106.40","","0.38%"
"06/18/2025","106.70","107.00","107.00","106.85","0.04K","0.28%"
"06/19/2025","107.00","107.00","107.00","107.00","","0.28%"
"06/20/2025","106.60","106.60","106.60","106.60","","-0.37%"
"06/23/2025","107.25","107.25","107.25","107.25","","0.61%"
"06/24/2025","106.60","106.60","106.60","106.60","","-0.61%"
"06/25/2025","106.60","106.60","106.60","106.60","","0.00%"
"06/26/2025","106.35","106.35","106.35","106.35","","-0.23%"
"06/27/2025","106.50","106.50","106.50","106.50","","0.14%"
"06/30/2025","109.90","107.00","111.00","107.00","0.01K","3.19%"
"07/01/2025","111.80","110.25","110.25","110.00","0.03K","1.73%"
"07/02/2025","112.50","112.50","112.50","112.50","0.01K","0.63%"
"07/03/2025","111.25","111.25","111.25","111.25","0.02K","-1.11%"
"07/04/2025","109.95","109.95","109.95","109.95","0.01K","-1.17%"
"07/07/2025","109.50","109.50","109.50","109.50","","-0.41%"
"07/08/2025","109.60","109.00","109.50","109.00","0.00K","0.09%"
"07/09/2025","110.25","110.25","110.25","110.25","","0.59%"
"07/10/2025","111.00","111.00","111.00","111.00","0.01K","0.68%"
"07/11/2025","112.00","112.00","112.00","112.00","0.02K","0.90%"
"07/14/2025","111.10","111.10","111.10","111.10","","-0.80%"
"07/15/2025","110.00","110.00","110.00","110.00","","-0.99%"
"07/16/2025","110.00","110.00","110.00","110.00","0.01K","0.00%"
"07/17/2025","110.50","110.50","110.50","110.50","0.01K","0.45%"
"07/18/2025","110.40","110.40","110.40","110.40","","-0.09%"
"07/21/2025","109.85","109.85","109.85","109.85","","-0.50%"
"07/22/2025","110.10","110.25","110.40","110.25","0.05K","0.23%"
"07/23/2025","109.90","109.90","109.90","109.90","","-0.18%"
"07/24/2025","110.10","110.10","110.10","110.10","","0.18%"
"07/25/2025","110.20","110.20","110.20","110.20","","0.09%"
"07/28/2025","115.50","115.50","115.50","115.50","0.00K","4.81%"
"07/29/2025","115.50","115.50","116.00","115.50","0.08K","0.00%"
"07/30/2025","115.05","115.05","115.05","115.05","0.01K","-0.39%"
"07/31/2025","115.15","115.15","115.15","115.15","","0.09%"
"08/01/2025","114.90","114.90","114.90","114.90","","-0.22%"
"08/04/2025","114.95","114.95","114.95","114.95","","0.04%"
"08/05/2025","114.80","114.80","114.80","114.80","","-0.13%"
"08/06/2025","114.50","114.50","114.50","114.50","0.01K","-0.26%"
"08/07/2025","113.75","113.75","113.75","113.75","0.00K","-0.66%"
"08/08/2025","113.20","113.20","113.20","113.20","","-0.48%"
"08/11/2025","112.25","112.25","112.25","112.25","0.01K","-0.84%"
"08/12/2025","111.70","111.70","111.70","111.70","","-0.49%"
"08/13/2025","111.80","111.80","111.80","111.80","","0.09%"
"08/14/2025","110.90","110.90","110.90","110.90","","-0.81%"
"08/15/2025","110.85","110.85","110.85","110.85","","-0.05%"
"08/18/2025","111.00","111.00","111.00","111.00","","0.14%"
"08/19/2025","111.10","111.10","111.10","111.10","","0.09%"
"08/20/2025","111.50","111.50","111.50","111.50","","0.36%"
"08/21/2025","110.60","110.60","110.60","110.60","","-0.81%"
"08/22/2025","111.30","111.30","111.30","111.30","","0.63%"
"08/25/2025","111.30","111.30","111.30","111.30","","0.00%"
"08/26/2025","111.55","111.55","111.55","111.55","","0.22%"
"08/27/2025","111.55","111.55","111.55","111.55","","0.00%"
"08/28/2025","111.55","111.55","111.55","111.55","","0.00%"
"08/29/2025","111.50","111.50","111.50","111.50","0.01K","-0.04%"
"09/01/2025","109.90","109.90","109.90","109.90","","-1.43%"
"09/02/2025","108.80","109.00","109.00","108.85","0.06K","-1.00%"
"09/03/2025","108.50","108.50","108.50","108.50","0.18K","-0.28%"
"09/04/2025","107.00","107.75","107.75","107.00","0.06K","-1.38%"
"09/05/2025","107.55","106.50","106.50","106.50","0.01K","0.51%"
"09/08/2025","105.80","105.80","105.80","105.80","","-1.63%"
"09/09/2025","103.85","103.75","103.75","103.75","0.01K","-1.84%"
"09/10/2025","102.45","102.90","102.90","102.25","0.02K","-1.35%"
"09/11/2025","100.90","101.50","101.50","101.50","0.00K","-1.51%"
"09/12/2025","100.70","100.70","100.70","100.70","","-0.20%"
"09/15/2025","101.50","101.50","101.50","101.50","0.02K","0.79%"
"09/16/2025","101.75","101.75","101.75","101.75","","0.25%"
"09/17/2025","102.90","102.90","102.90","102.90","","1.13%"
"09/18/2025","103.35","103.35","103.35","103.35","","0.44%"
"09/19/2025","103.35","103.35","103.35","103.35","","0.00%"
"09/22/2025","103.90","103.90","103.90","103.90","0.01K","0.53%"
"09/23/2025","103.60","103.60","103.60","103.60","","-0.29%"
"09/24/2025","103.60","103.60","103.60","103.60","","0.00%"
"09/25/2025","103.85","103.85","103.85","103.85","","0.24%"
"09/26/2025","103.75","103.75","103.75","103.75","","-0.10%"
"09/29/2025","106.75","110.00","110.00","106.50","0.10K","2.89%"
"09/30/2025","106.20","106.20","106.20","106.20","0.06K","-0.52%"
"10/01/2025","105.55","105.55","105.55","105.55","","-0.61%"
"10/02/2025","104.85","104.85","104.85","104.85","0.01K","-0.66%"
"10/03/2025","105.00","105.00","105.00","105.00","0.01K","0.14%"
"10/06/2025","104.75","104.75","104.75","104.75","0.01K","-0.24%"
"10/07/2025","104.80","104.80","104.80","104.80","0.01K","0.05%"
"10/08/2025","104.75","104.75","104.75","104.75","0.00K","-0.05%"
"10/09/2025","104.50","104.50","104.50","104.50","","-0.24%"
"10/10/2025","104.55","104.55","104.55","104.55","","0.05%"
"10/13/2025","104.40","104.40","104.40","104.40","","-0.14%"
"10/14/2025","103.80","103.80","103.80","103.80","0.01K","-0.57%"
"10/15/2025","105.85","105.85","105.85","105.85","0.01K","1.97%"
"10/16/2025","104.60","104.60","104.60","104.60","0.00K","-1.18%"
"10/17/2025","103.45","105.00","105.00","105.00","0.00K","-1.10%"
"10/20/2025","104.00","104.00","104.00","104.00","","0.53%"
"10/21/2025","104.00","104.00","104.00","104.00","0.01K","0.00%"
"10/22/2025","103.70","103.70","103.70","103.70","","-0.29%"
"10/23/2025","104.20","104.20","104.20","104.20","","0.48%"
"10/24/2025","104.10","104.10","104.10","104.10","","-0.10%"
"10/27/2025","104.25","104.25","104.25","104.25","","0.14%"
"10/28/2025","104.25","104.25","104.25","104.25","","0.00%"
"10/29/2025","103.90","103.90","103.90","103.90","","-0.34%"
"10/30/2025","104.15","104.15","104.15","104.15","","0.24%"
"10/31/2025","104.15","104.15","104.15","104.15","","0.00%"
"11/03/2025","109.60","109.40","109.40","109.40","0.02K","5.23%"
"11/04/2025","110.85","110.75","111.00","109.75","0.15K","1.14%"
"11/05/2025","109.95","109.50","110.00","109.50","0.07K","-0.81%"
"11/06/2025","110.65","110.00","111.00","110.00","0.04K","0.64%"
"11/07/2025","110.45","110.00","110.00","110.00","0.03K","-0.18%"
"11/10/2025","109.45","109.00","109.00","109.00","0.01K","-0.91%"
"11/11/2025","107.85","108.40","108.40","108.40","0.11K","-1.46%"
"11/12/2025","109.50","108.40","110.00","108.40","0.20K","1.53%"
"11/13/2025","109.55","109.55","109.55","109.55","","0.05%"
"11/14/2025","110.60","111.00","111.00","111.00","0.00K","0.96%"
"11/17/2025","110.20","111.00","111.00","111.00","0.01K","-0.36%"
"11/18/2025","111.50","111.50","111.50","111.50","0.01K","1.18%"
"11/19/2025","111.00","111.00","111.00","111.00","0.03K","-0.45%"
"11/20/2025","111.00","111.00","111.00","111.00","","0.00%"
"11/21/2025","110.90","110.90","110.90","110.90","","-0.09%"
"11/24/2025","111.15","111.15","111.15","111.15","0.01K","0.23%"
"11/25/2025","111.15","111.15","111.15","111.15","","0.00%"
"11/26/2025","111.15","111.15","111.15","111.15","","0.00%"
"11/27/2025","111.00","111.00","111.00","111.00","","-0.13%"
"11/28/2025","111.10","111.10","111.10","111.10","","0.09%"
"12/01/2025","108.35","108.75","108.75","108.75","0.05K","-2.48%"
"12/02/2025","108.80","107.75","107.75","107.75","0.04K","0.42%"
"12/03/2025","108.50","108.50","108.50","107.80","0.06K","-0.28%"
"12/04/2025","108.50","107.75","107.75","107.25","0.19K","0.00%"
"12/05/2025","110.25","110.00","110.50","110.00","0.02K","1.61%"
"12/08/2025","110.50","110.50","110.50","110.50","0.01K","0.23%"
"12/09/2025","110.10","110.40","110.45","110.40","0.02K","-0.36%"
"12/10/2025","109.40","109.40","109.40","109.40","","-0.64%"
"12/11/2025","108.75","108.75","108.75","108.75","","-0.59%"
"12/12/2025","108.50","106.40","106.40","106.40","0.00K","-0.23%"
"12/15/2025","108.60","108.60","108.60","108.60","","0.09%"
"12/16/2025","108.60","108.60","108.60","108.60","","0.00%"
"12/17/2025","108.60","108.50","108.50","108.50","0.01K","0.00%"
"12/18/2025","108.30","108.30","108.30","108.30","","-0.28%"
"12/19/2025","108.40","108.50","108.50","108.50","0.00K","0.09%"
"12/22/2025","108.25","108.25","108.25","108.25","","-0.14%"
"12/23/2025","108.25","108.25","108.25","108.25","","0.00%"
"12/24/2025","108.25","108.25","108.25","108.25","","0.00%"
"12/26/2025","109.05","109.05","109.05","109.05","","0.74%"
"12/29/2025","107.95","107.95","107.95","107.95","0.07K","-1.01%"
"12/30/2025","106.65","106.65","106.65","106.65","0.07K","-1.20%"
"12/31/2025","107.50","107.50","107.50","107.50","0.09K","0.80%"