date,TCI_short,TCI_long
2021-08-09,23.73288657811791,83.3337770190415
2021-08-10,23.636190994777152,83.06059593690712
2021-08-11,23.47366592548369,81.403524039316
2021-08-12,23.46983035050515,81.55604995295431
2021-08-13,23.27744818178319,79.30949952184785
2021-08-16,23.17494842180007,76.96540312395618
2021-08-17,23.096489280493625,78.68359692766637
2021-08-18,23.09300213435376,78.82254021928286
2021-08-19,23.032423088563057,79.54746118900681
2021-08-20,23.10246229116064,79.75670105424535
2021-08-23,23.139942988857317,80.46868617481614
2021-08-24,23.134287382437332,79.69627196854644
2021-08-25,23.11367989558407,78.35877062773869
2021-08-26,23.066390250933555,79.08905332130732
2021-08-27,23.060510559456215,78.12386560408825
2021-08-30,22.958945243834915,78.3072509149426
2021-08-31,22.913721981722603,78.40505350159236
2021-09-01,22.902065292311505,78.57414693114961
2021-09-02,22.913653791858955,78.66769794648074
2021-09-03,22.863092674554153,78.45356643563467
2021-09-07,22.673390815082062,78.9214597953987
2021-09-08,22.63462322844513,82.80056121193124
2021-09-09,22.576095105099313,77.01340701769922
2021-09-10,22.461277469968962,77.3268637328763
2021-09-13,22.387944657442414,75.84242736797358
2021-09-14,22.35183706042735,79.51622900664194
2021-09-15,22.382303206423902,79.82948456413848
2021-09-16,22.333547047680455,79.37446932673596
2021-09-17,22.256135626283736,79.61064866094732
2021-09-20,22.244045531295612,78.03118638974289
2021-09-21,22.196056432980825,78.1900919198089
2021-09-22,22.161122373056084,79.35749685981604
2021-09-23,22.098187892138895,78.81821992168167
2021-09-24,21.96536274136811,76.19373050719291
2021-09-27,22.23912328504255,82.45773572012169
2021-09-28,22.233508480235255,82.71996807790109
2021-09-29,21.770055985466005,84.1446382086752
2021-09-30,21.219303315321657,86.99230312648648
2021-10-01,21.125139412417017,85.70574947955228
2021-10-04,21.267423708159697,85.21605912176341
2021-10-05,21.51457242076451,77.93328533455998
2021-10-06,21.895889352338024,89.60914270909089
2021-10-07,21.960708840351508,86.35838790905818
2021-10-08,21.33503105008089,87.48694000789556
2021-10-11,21.048328670827132,85.3809247860783
2021-10-12,21.116889127617235,83.7274953904711
2021-10-13,21.09917007495453,83.90451208660033
2021-10-14,21.00101627859846,83.50407526298928
2021-10-15,20.76321068219865,83.45208863097695
2021-10-18,20.69231846579559,82.09356855185062
2021-10-19,20.73965909390538,82.23672515668638
2021-10-20,20.651784224848647,83.17718695831189
2021-10-21,20.63211416282673,83.96036404548398
2021-10-22,20.589820116805736,85.60306699028382
2021-10-25,20.419973719630136,83.3790658498007
2021-10-26,20.37414590621878,83.19615644280307
2021-10-27,20.36837188827475,87.0145945211478
2021-10-28,20.438720446257793,88.49688329636375
2021-10-29,20.24018182252966,88.89405512498061
2021-11-01,21.255701101850466,80.34258755786544
2021-11-02,20.81549310518193,81.1123753152468
2021-11-03,20.659160311521198,80.4586516956669
2021-11-04,19.879667279135646,86.16605577919087
2021-11-05,19.88579491780659,86.84078537314936
2021-11-08,19.806119736570885,85.01678359028074
2021-11-09,19.73050774925625,84.97611071971956
2021-11-10,19.814112539647496,84.74284727766069
2021-11-12,19.918630968532916,84.84896339935183
2021-11-15,19.902836858627857,84.72319992870722
2021-11-18,19.88987925604596,84.78107106241212
2021-11-19,19.828555788081704,85.6864973368244
2021-11-22,19.7063026231134,85.62189992250303
2021-11-23,19.711069627310085,85.66940884556958
2021-11-24,19.650863916961704,85.39603487407345
2021-11-29,19.73215487691286,84.67254827116125
2021-11-30,19.662823965535704,84.07809707048997
2021-12-01,19.71684835125712,83.47507730206371
2021-12-02,19.62637615810044,83.57597344439158
2021-12-03,19.43709161565595,84.10046524307697
2021-12-06,19.358283070922745,85.12623618663581
2021-12-07,19.204470768823953,85.03667804490486
2021-12-08,19.23607808779616,84.76565108725028
2021-12-09,19.30151160867325,84.68151072452574
2021-12-10,19.286009652503434,84.8793082191144
2021-12-13,19.234396429139,84.77831257513543
2021-12-14,19.241433163969305,84.6454643947698
2021-12-15,19.22293898773747,84.70007220806548
2021-12-16,19.17769860692733,84.77031455753972
2021-12-17,19.176489728618627,84.79416994232044
2021-12-20,19.052825433783692,84.69669679455475
2021-12-21,19.03297112203437,84.88689975677758
2021-12-22,19.075129709189685,85.13226023066241
2021-12-23,18.90895840465919,84.54219028826813
2021-12-27,18.798850930608467,84.21055352635979
2021-12-28,18.79816797164624,84.16973670795626
2021-12-29,18.776540044561095,84.30227260195292
2021-12-30,18.666731742096395,84.44592743440107
2022-01-03,18.70161782465621,84.72958819753809
2022-01-04,18.788684373150623,84.63912055428091
2022-01-05,18.912391739492648,84.29749974133877
2022-01-06,18.985318355083404,84.2392468012823
2022-01-07,18.98675659846282,83.90936025929314
2022-01-10,18.83518349522498,84.00866745281826
2022-01-11,18.856573170650883,84.026582418723
2022-01-12,18.85374656692429,84.09385704538211
2022-01-13,18.81793697499822,84.29063868048824
2022-01-14,18.79857265948527,83.97507243519863
2022-01-18,18.82998755496127,83.90692414515205
2022-01-19,18.820864038972488,83.98944578317278
2022-01-20,18.828538270301955,83.78636739764106
2022-01-21,18.884727113339427,83.82984887303243
2022-01-24,18.848349155626074,84.13879161778804
2022-01-25,18.832412874412118,84.47516040929385
2022-01-26,18.819512705540152,84.6103541543024
2022-01-27,18.811388705670392,84.71934102802291
2022-01-28,18.731261024216902,84.80428890718143
2022-01-31,18.86658638988362,84.91771456165691
2022-02-01,18.862717532461794,84.91178320474391
2022-02-02,18.865444922074456,84.69911570078963
2022-02-03,18.957083675249198,84.2875387528442
2022-02-04,18.888311523568188,84.23080118291011
2022-02-07,18.858519538259998,84.22858913489978
2022-02-09,18.81848241569791,84.56656260974714
2022-02-10,18.811949073703506,84.5042547447508
2022-02-11,18.867886799345154,84.5054671903172
2022-02-14,18.829696152041553,84.70210608851644
2022-02-15,18.931321743263382,84.06997053253286
2022-02-16,18.78258130881546,83.95558730312692
2022-02-17,18.813593617832844,84.01916284153293
2022-02-18,18.64659366030573,83.94535946343193
2022-02-22,18.62685988751651,84.14741860575948
2022-02-23,18.61871045143449,84.10246488053602
2022-02-24,18.742403016017782,83.8897347647952
2022-02-25,18.664508365472088,84.03760156410365
2022-02-28,18.747950124961132,83.44420346155063
2022-03-01,19.109606222916263,81.93345130586084
2022-03-02,20.526005390312495,82.32748305605625
2022-03-03,20.325480814021,82.32088354444971
2022-03-04,20.657403602269355,82.61703113155771
2022-03-07,20.41523635703083,82.29203991625211
2022-03-08,20.603704172658258,80.4331199295627
2022-03-09,20.367655136568384,80.9671318793772
2022-03-10,20.400789098484054,81.95135707077897
2022-03-11,20.35662122393216,81.05654272241388
2022-03-14,20.633195114552315,78.82716884009865
2022-03-15,20.71794561538365,79.07973291147549
2022-03-16,20.777979951472293,77.52226511267345
2022-03-17,20.493795765301513,78.94691709650536
2022-03-18,20.39287426361596,79.6192415896401
2022-03-21,20.29686521276878,78.26872062272949
2022-03-22,20.25830399335984,77.32800963948826
2022-04-06,20.537753587672412,77.3975379269539
2022-04-07,20.479962416474752,77.76631816043373
2022-04-08,20.544231050583583,79.7062162869051
2022-04-11,20.500890097481093,80.33801664872948
2022-04-12,20.553386197341275,80.27730924099701
2022-04-13,20.500061231512166,80.3707049030578
2022-04-14,20.472420246521274,80.02766612368166
2022-04-18,20.45618911095056,81.67635604264328
2022-04-19,20.343005903814962,80.16642843891478
2022-04-20,20.175224287689485,81.1974929571815
2022-04-21,20.313666537586748,80.37785240834924
2022-04-22,20.272154320497368,79.92418179324375
2022-04-25,20.281909497320147,80.14587493855755
2022-04-26,20.207211787778647,81.4579226502886
2022-04-27,20.141795416199347,81.42706561637696
2022-04-28,20.13474030828696,81.32854673748037
2022-04-29,20.117698811532094,82.06995573077157
2022-05-02,20.002074527897232,82.0891968952977
2022-05-03,19.92785343322092,81.60731341239632
2022-05-04,20.00005819019711,80.46774349961375
2022-05-05,20.012830584120735,81.93805631769125
2022-05-06,19.96079871723606,82.21251623719326
2022-05-09,20.198817806511546,81.7311572953483
2022-05-10,20.237640790542034,82.26448963195044
2022-05-12,19.98520019277675,82.05131648319202
2022-05-13,19.96033920508712,81.26345075246655
2022-05-16,19.941935287668752,81.60659838125677
2022-05-17,19.955949587686042,81.15015463969044
2022-05-18,19.923517166144343,81.15482335284105
2022-05-19,19.984360727026342,81.14507707187161
2022-05-20,19.949087354161485,81.093444685214
2022-05-23,19.788503525615667,81.21569921378538
2022-05-24,19.80318584862998,81.53190159859952
2022-05-25,19.80368204388235,81.44172860144518
2022-05-26,19.79417480316488,81.95313639456991
2022-05-27,19.75509341396835,81.72181079494912
2022-05-31,19.738950553497826,81.86276424641781
2022-06-01,19.71402858092972,81.66402189652874
2022-06-02,19.75932291451312,81.7253193951816
2022-06-03,19.76147318035572,83.0265594613475
2022-06-06,19.756126241884473,82.08298773395012
2022-06-07,19.71848319218177,81.84614247494947
2022-06-08,19.663247585540145,81.91590294203363
2022-06-09,20.030761402964906,82.38762238881718
2022-06-10,19.63729737722901,83.35742961447382
2022-06-13,19.325174001870536,82.84405577015681
2022-06-14,19.47195320393297,82.87219627993704
2022-06-15,19.422544493088502,82.94276023118906
2022-06-16,19.164765395348763,83.10023280189228
2022-06-17,18.912136804957814,81.58781615558756
2022-06-21,18.915336688317197,81.58618965124931
2022-06-22,18.883730575343392,82.19678050571602
2022-06-23,18.86452909690948,82.1001973556435
2022-06-24,18.8443765792362,82.07991589115346
2022-06-27,18.797351063593037,82.02524263917601
2022-06-28,18.73592588416383,82.12361939208742
2022-06-29,18.72118188060794,82.21171684115909
2022-06-30,18.726758230483178,82.45226856220756
2022-07-01,18.715715680046507,82.4542585449271
2022-07-05,18.637875740975694,82.42194543324027
2022-07-06,18.5764445377573,82.4796738558164
2022-07-07,18.568332042506608,82.39154748754927
2022-07-08,18.626148950661868,82.58444208759825
2022-07-11,18.611579877370232,82.6065573778699
2022-07-12,18.585559133406004,82.7924150811082
2022-07-13,18.54596738702504,82.77708643411161
2022-07-14,18.38731875197661,82.70292053120222
2022-07-15,18.3749262407221,82.76814271452876
2022-07-18,18.364863240777115,82.95716042641054
2022-07-19,18.351828522500124,82.97089919051923
2022-07-20,18.344522321394955,82.91616182898031
2022-07-21,18.344322384298863,83.06976520731814
2022-07-22,18.313799499960247,83.09034058979434
2022-07-25,18.312105303808593,83.06160117734014
2022-07-26,18.277985869980462,83.02373132046691
2022-07-27,18.268982479421844,83.1056464004761
2022-07-28,18.308205561795145,83.16847688733522
2022-07-29,18.289967185932912,83.19619803513444
2022-08-01,18.304126145515273,83.3053769460495
2022-08-02,18.28538409337478,83.28978279686424
2022-08-03,18.337806228511543,83.32655669192697
2022-08-04,18.367910699983213,83.34256183819348
2022-08-05,18.403250145730034,83.42216265521802
2022-08-08,18.379834185595175,83.42957032630305
2022-08-09,18.380156285360894,83.38715078593205
2022-08-10,18.439715603777632,83.41821692587051
2022-08-11,18.39324437327813,83.48205205196165
2022-08-12,18.337168594800467,83.4546411730151
2022-08-15,18.30032877689417,83.40971888089929
2022-08-16,18.305809244697077,83.52025723530677
2022-08-17,18.284887418946237,83.48306055881002
2022-08-18,18.240451682276593,83.42549695289266
2022-08-19,18.249278034710027,83.40038281830843
2022-08-22,18.229721548006196,83.41860556209667
2022-08-23,18.210547343103535,83.33994609976327
2022-08-24,18.217518236574147,83.32755760969204
2022-08-25,18.21014955296366,83.35270059739508
2022-08-26,18.18971307292957,83.33644721457607
2022-08-29,18.16195173949547,83.35545369773557
2022-08-30,18.190901784402623,83.46734794862991
2022-08-31,18.02143926059278,83.39860141100543
2022-09-01,17.98114144854345,83.32558951869814
2022-09-02,17.954350870192645,83.64952558288668
2022-09-06,17.91859214285173,83.41537743438184
2022-09-07,17.891783495402983,83.18292363770082
2022-09-08,17.86016999537893,82.96286816476949
2022-09-09,17.788876067302795,82.97803598411578
2022-09-12,17.798302950078085,83.04519708283152
2022-09-13,17.75040880233513,83.12388366238852
2022-09-14,17.74942776789915,83.04985448992403
2022-09-15,17.806766768022708,83.1543653974417
2022-09-16,17.81691448562359,83.1234264408441
2022-09-19,17.81671345180033,83.11155629259338
2022-09-20,17.833849150120976,83.01548334018737
2022-09-21,17.839209765100886,83.01354716037662
2022-09-22,17.85875453797104,82.99986369735501
2022-09-23,17.984667712757364,82.97070086047755
2022-09-26,17.98691263983021,83.038324049028
2022-09-27,17.889532400029516,83.01608131279853
2022-09-28,17.907259031258306,83.19583720741298
2022-09-29,17.959099374821662,83.0433099852629
2022-09-30,17.955441784634772,83.02266057484987
2022-10-03,17.851730450095303,82.90311408520367
2022-10-04,17.866223395009186,82.9671453150068
2022-10-05,17.820255871403955,82.86151043361389
2022-10-06,17.81914806985204,83.08301203621401
2022-10-07,17.767472607802226,83.23209790090202
2022-10-12,17.75134279818117,83.14053159569855
2022-10-13,17.692740046792256,83.09690155467985
2022-10-14,17.7236115219192,83.11242824078188
2022-10-17,17.667857053856075,83.1378719487027
2022-10-18,17.645749099213027,82.98504916510802
2022-10-19,17.65100741362304,82.88493970045656
2022-10-20,17.64242841505701,82.87818444582075
2022-10-21,17.623861191283844,82.94289071119348
2022-10-24,17.575189496613394,83.00786006573841
2022-10-25,17.60395967990537,82.93328159203567
2022-10-26,17.68307737384672,82.92085432412554
2022-10-27,17.64577706927103,82.93133073179474
2022-10-28,17.63003505397339,82.94314855917509
2022-10-31,17.60709779517682,82.95683244317277
2022-11-01,17.607326493506648,82.95781957826013
2022-11-02,17.587142172950575,83.00083648897515
2022-11-03,17.601994034918043,83.03070237868354
2022-11-04,17.58715688197682,82.9905586576095
2022-11-07,17.576234856630283,82.98361515659177
2022-11-08,17.474465337216895,82.85696213796324
2022-11-09,17.48267632444801,82.85779049920716
2022-11-10,17.780804478290765,82.83373081367976
2022-11-14,17.691712129772842,82.7238329377867
2022-11-15,17.69639863636813,82.73071257572178
2022-11-16,17.711232192307147,82.74566094042851
2022-11-17,17.669941284269797,82.93447163803859
2022-11-18,17.633172908019525,82.91866762425884
2022-11-21,17.630685188511666,82.89807826829411
2022-11-22,17.624323440005586,82.93602930985656
2022-11-23,17.60045945670742,82.93778414690051
2022-11-28,17.552721505429737,82.97294654547564
2022-11-29,17.544533458731223,83.00532212313851
2022-11-30,17.663607068292805,83.07706634683784
2022-12-01,17.645978347834244,83.06951722138983
2022-12-02,17.547313518201868,83.10411938126111
2022-12-05,17.50127044190957,83.19052839252548
2022-12-06,17.47061505140145,83.1730051527853
2022-12-07,17.453248438841204,83.0013898746383
2022-12-08,17.463455439047312,82.95849005172667
2022-12-09,17.470193971232963,82.95882750516506
2022-12-12,17.522477694058583,83.06241114583045
2022-12-13,17.571683206094516,83.08946810147772
2022-12-14,17.562361079773257,83.06939117368674
2022-12-15,17.5753305733631,83.03835012760304
2022-12-16,17.59251560941415,83.11826035992725
2022-12-19,17.59356661109933,83.1444073197439
2022-12-20,17.59584098929009,83.10541316450795
2022-12-21,17.628268698665416,83.16983307114882
2022-12-22,17.59161814333501,83.25242670148396
2022-12-27,17.535332751633984,83.30973555786709
2022-12-28,17.515189841803082,83.23832614855274
2022-12-29,17.50840098563836,83.08207321029974
2022-12-30,17.524190666691418,83.14310304618523
2023-01-03,17.520504667259797,83.13617497722379
2023-01-04,17.472420636097397,83.00891916433963
2023-01-05,17.473406304533835,83.04857335987833
2023-01-06,17.45587163334291,82.99985949320576
2023-01-09,17.467654018989588,83.01790723492948
2023-01-10,17.412871042670805,83.0680172688457
2023-01-11,17.44322079860899,83.0468529900174
2023-01-12,17.444637090641,83.07375614815355
2023-01-13,17.420223634514677,83.05668052168045
2023-01-17,17.40262616548224,82.99917377244115
2023-01-18,17.398252027005213,83.02786557539362
2023-01-19,17.391698691330827,82.99812751204198
2023-01-20,17.368395729735816,83.02918658292236
2023-01-23,17.34827294657526,83.00044021651472
2023-01-24,17.34383293536171,83.05870209247806
2023-01-25,17.336970823575072,83.0070397470206
2023-01-26,17.355066506821835,82.88375379841429
2023-01-27,17.321522791679556,82.88910940983624
2023-01-30,17.403621588539288,82.98206125178669
2023-01-31,17.39322617440594,82.97134110115715
2023-02-01,17.42741826642544,83.20750790300137
2023-02-02,17.393915882497733,83.0209014548064
2023-02-03,17.47346831383426,82.983809246933
2023-02-06,17.473048677212823,82.91671937298058
2023-02-07,17.439536977249816,83.01848906582893
2023-02-08,17.42626310538403,83.0842230440482
2023-02-09,17.41272762091701,83.0970673238931
2023-02-10,17.386832763774226,82.96094107677092
2023-02-13,17.376905169503928,82.98193295957775
2023-02-14,17.375684440703175,82.98171774332853
2023-02-15,17.360231800653423,82.9927327199286
2023-02-16,17.364990815270342,82.95380726646692
2023-02-17,17.38804705253377,82.92373205858419
2023-02-21,17.375904094911267,82.94642510683167
2023-02-22,17.37484794070534,82.95717449700678
2023-02-23,17.38539578534214,82.98024779548952
2023-02-24,17.378285438126404,82.93240394038413
2023-02-27,17.366734118437424,82.96522146509018
2023-02-28,17.347014575163996,82.92175438525
2023-03-01,17.32045629390687,82.93945435070441
2023-03-02,17.31360529490461,82.92746996709312
2023-03-03,17.31790216568442,82.93726009817682
2023-03-06,17.28847417070446,82.91903556927754
2023-03-07,17.30820267006529,82.93728783227611
2023-03-08,17.303002221594056,82.92733245707736
2023-03-09,17.290695533142888,82.92793236239348
2023-03-10,17.298819930656162,82.89886386364253
2023-03-13,17.3055026061718,82.88332817415139
2023-03-14,17.266275136314103,82.91043920594635
2023-03-15,17.328861470979064,82.91060810162897
2023-03-16,17.271254093497333,82.94936200520415
2023-03-17,17.328924301257217,82.85897527256866
2023-03-20,17.328185055709213,82.9123070508262
2023-03-21,17.284470310332946,82.81802319784947
2023-03-22,17.282722587080176,82.63439276106439
2023-03-23,17.27043502220105,82.60571979177095
2023-03-24,17.24961260887127,82.47887974730871
2023-03-27,17.209650099341843,82.49066154073861
2023-03-28,17.19450166689708,82.4845190620823
2023-03-29,17.200521277595136,82.5282742321951
2023-03-30,17.20613219584751,82.46286454702151
2023-03-31,17.244319519109208,82.49320152487918
2023-04-03,17.36912693636348,82.55355512257889
2023-04-04,17.312209005114497,82.45170569045057
2023-04-05,17.29484023086235,82.4240646455904
2023-04-06,17.278491794795116,82.40861987539274
2023-04-10,17.271189858785117,82.42764929737314
2023-04-11,17.273507488964945,82.41789560929979
2023-04-12,17.26097398379851,82.42070478334442
2023-04-13,17.242472621525863,82.39031237496386
2023-04-14,17.232179012169254,82.38113245074157
2023-04-17,17.22906739336194,82.38780225751778
2023-04-18,17.209939455224944,82.35788341276447
2023-04-19,17.19997850948237,82.36738942505653
2023-04-20,17.202469344958583,82.39363121270546
2023-04-21,17.191948688031168,82.37039048458549
2023-04-24,17.19161757704232,82.3772483431982
2023-04-25,17.204017951458393,82.35856245351523
2023-04-26,17.208044058068197,82.4231877905994
2023-04-27,17.18844705408499,82.42032233812343
2023-04-28,17.14587547744385,82.40417292574057
2023-05-01,17.146647220837387,82.40465068344119
2023-05-02,17.185844336150144,82.51185191063742
2023-05-03,17.241999558292154,82.36403605161313
2023-05-04,17.22879739661131,82.35879088777168
2023-05-05,17.225034155364703,82.42239613996767
2023-05-08,17.197018612262426,82.41085217569977
2023-05-09,17.183822831192167,82.34042103123454
2023-05-11,17.203985639348986,82.37183634823859
2023-05-12,17.201157821288668,82.58525263285192
2023-05-15,17.225502723692856,82.60450969403057
2023-05-16,17.21487881303787,82.60641361665066
2023-05-17,17.2111006411065,82.61539008262592
2023-05-18,17.250834326855514,82.7160993402722
2023-05-19,17.205776547296217,83.04389627130404
2023-05-22,17.252590343731264,82.82751627413738
2023-05-23,17.220986615814407,82.83797366783105
2023-05-24,17.16865552292576,82.83391327525607
2023-05-25,17.2406344431526,82.64272597229328
2023-05-26,17.266723086870325,82.88067811176262
2023-05-30,17.36808263651611,82.93834478268165
2023-05-31,17.328565355049438,82.74793788357556
2023-06-01,17.236127157996,82.7351487107196
2023-06-02,17.189729535052003,82.85345277817355
2023-06-05,17.199955069895655,82.98816736018892
2023-06-06,17.182087771035405,82.98647999173467
2023-06-07,17.176769500431366,82.99259906018646
2023-06-08,17.16306420588968,83.0147246565484
2023-06-09,17.171404093702783,83.01500996819429
2023-06-12,17.186040112453252,82.91837761832838
2023-06-13,17.151454070553427,82.92096320702188
2023-06-14,17.146909038513016,82.88547246313786
2023-06-15,17.153603518854453,82.98321793805931
2023-06-16,17.109585683538153,82.96354445815582
2023-06-20,17.08002822353413,82.92656693057117
2023-06-21,17.04568533138161,82.95253208539414
2023-06-22,17.050624461704047,82.96480738464429
2023-06-23,17.01490888829674,82.9479006297282
2023-06-26,16.998644814898864,82.95150445979301
2023-06-27,16.960475890856173,82.93417110249678
2023-06-29,16.952806867296225,82.89570147354249
2023-06-30,16.972214096178938,83.01214496451792
2023-07-03,16.863967939735637,83.00302415505718
2023-07-05,16.848225082565094,83.03459991090119
2023-07-06,16.90214091417537,83.00782962890031
2023-07-07,16.86627178638084,83.0352067960097
2023-07-10,16.860365265910772,83.05981563306321
2023-07-11,16.841669305132477,83.04344177427105
2023-07-12,16.84550534102658,83.02332742655274
2023-07-13,16.841023807722134,83.029676480731
2023-07-14,16.83869605246575,83.06606349316971
2023-07-17,16.823258840262977,82.99411187156403
2023-07-18,16.82624915686858,83.00005776071652
2023-07-19,16.817546452900732,83.00206405865622
2023-07-20,16.80863042568211,83.00596977162911
2023-07-21,16.800174717617324,82.9956449071369
2023-07-24,16.79053687210502,82.98828387232807
2023-07-25,16.79060044959897,82.98109539173127
2023-07-26,16.77659087863058,82.98547539756754
2023-07-27,16.775928681704855,82.96368147988247
2023-07-28,16.768875934078928,82.96362955310047
2023-07-31,16.765374555497218,82.95943642775975
2023-08-01,16.775469229207772,82.93275238599396
2023-08-02,16.82566781336908,82.9087172038676
2023-08-03,16.804250394136076,82.90691537380347
2023-08-04,16.79017625010181,82.90493293529413
2023-08-07,16.778461330065753,82.90516772087767
2023-08-08,16.767514182955033,82.89059586386625
2023-08-09,16.74847144057341,82.89598434371788
2023-08-10,16.747636932637292,82.91197353407912
2023-08-11,16.733587534034644,82.90618804651119
2023-08-14,16.731293873329957,82.98719452052242
2023-08-15,16.68875226900508,83.01052185557846
2023-08-16,16.726011684673647,82.92716399053853
2023-08-17,16.71506181760655,82.82967124403221
2023-08-18,16.69926558626811,82.83746895258717
2023-08-21,16.657913255174606,83.01068567394312
2023-08-23,16.61575143690451,82.99223848130204
2023-08-24,16.618762274867947,82.9931327142826
2023-08-25,16.622859275479055,83.00614472355292
2023-08-28,16.608350671274685,83.00200053433545
2023-08-29,16.604827228523863,83.0338622531984
2023-08-30,16.513745317320705,83.00143709082394
2023-08-31,16.504021589414183,83.02385297585386
2023-09-01,16.50208254274695,83.02664646518267
2023-09-05,16.479533931588154,82.96073828585034
2023-09-06,16.473404121371914,82.93671732131621
2023-09-07,16.47368339799263,82.9446997780833
2023-09-08,16.47007348624325,82.94668940760842
2023-09-11,16.462815210595984,82.94684057016036
2023-09-12,16.447133286023742,82.94971465901982
2023-09-13,16.434293704023485,82.95233630733286
2023-09-14,16.44540862508547,82.91888076912458
2023-09-15,16.45213533610613,82.86578683786722
2023-09-18,16.444695731140747,82.83759863699137
2023-09-19,16.43734605915128,82.8382832917283
2023-09-20,16.427783951644713,82.82461494572809
2023-09-21,16.421474171579163,82.86832947595948
2023-09-22,16.41846635696771,82.84789757454263
2023-09-25,16.418594481635488,82.82583213651353
2023-09-26,16.403962423114514,82.81598835326568
2023-09-27,16.386240949228167,82.80820006944896
2023-09-28,16.38250907120309,82.82399012751466
2023-09-29,16.379846304836917,82.8325192210846
2023-10-02,16.43533179792889,82.79834017419375
2023-10-03,16.428824170451538,82.80886096419201
2023-10-04,16.459560296160504,82.75022736709458
2023-10-05,16.47194003087488,82.7087676766839
2023-10-06,16.470915505967852,82.72871176320548
2023-10-11,16.46097177817921,82.72948283929641
2023-10-12,16.459065530210403,82.70097493734664
2023-10-13,16.421530086596047,82.74947196669828
2023-10-16,16.41194434917798,82.70671775275561
2023-10-17,16.408990749665474,82.70062730968895
2023-10-18,16.40005433338018,82.67584797045942
2023-10-19,16.382805052896586,82.70380009584252
2023-10-20,16.425905352283454,82.71110342179068
2023-10-23,16.40364260111705,82.77399837160972
2023-10-24,16.41166857504214,82.72783062292937
2023-10-25,16.415796583958834,82.83940396305772
2023-10-26,16.410060876993583,82.7974917260922
2023-10-27,16.341297664431384,82.82800832236565
2023-10-30,16.342642928399144,82.84769790371817
2023-10-31,16.314846640337656,82.86802001829473
2023-11-01,16.304966417314372,82.80479785224585
2023-11-02,16.305546960212812,82.78866322143932
2023-11-03,16.277894857400067,82.83845619236118
2023-11-06,16.265693794763333,82.86121663194682
2023-11-07,16.18549328690174,82.90826761073808
2023-11-08,16.166326568886845,82.88940946587383
2023-11-09,16.145087926252767,82.88789106424534
2023-11-13,16.181970587201263,82.77458793175688
2023-11-14,16.33646948719821,82.74232063208783
2023-11-15,16.306025123068434,82.8093247087768
2023-11-16,16.290237052520908,82.78984193941335
2023-11-17,16.281485721655567,82.8046368608253
2023-11-20,16.27935829808608,82.82036575740183
2023-11-21,16.267235043382996,82.81721268499767
2023-11-22,16.263631400563185,82.82210068114485
2023-11-27,16.202542014158418,82.81108829370663
2023-11-28,16.204866662900365,82.81562279635867
2023-11-29,16.211147672228332,82.81708220684271
2023-11-30,16.194840863209738,82.82305896370056
2023-12-01,16.166033764088553,82.88204280284278
2023-12-04,16.153361734971305,82.86904699218282
2023-12-05,16.153153349564743,82.8562395117625
2023-12-06,16.071331495028026,82.76107087615256
2023-12-07,16.059776573480498,82.75427080892251
2023-12-08,16.05720562588463,82.76259087667253
2023-12-11,16.047523207676484,82.75053209139843
2023-12-12,16.071528587147878,82.75204040123292
2023-12-13,16.102989444207797,82.76763038353499
2023-12-14,16.18069510833665,82.71437718042841
2023-12-15,16.14905537719601,82.71430078149184
2023-12-18,16.15042451118301,82.73613573539423
2023-12-19,16.14294852258206,82.64392246611763
2023-12-20,16.13399018610616,82.59777013984383
2023-12-21,16.135419725505074,82.58863295968841
2023-12-22,16.12899093550418,82.59755944338393
2023-12-27,16.136058327722523,82.57953091475592
2023-12-28,16.11168569805518,82.54895174595718
2023-12-29,16.103877109486575,82.55675450514742
2024-01-02,16.13867678045683,82.63685975735507
2024-01-03,16.102812905433815,82.70097703857228
2024-01-04,16.061287693173135,82.69226831346415
2024-01-05,16.05135182515863,82.59513068950037
2024-01-08,16.03836713427237,82.642887592734
2024-01-09,16.043243379982684,82.67731718278152
2024-01-10,16.09263633719419,82.7665549471849
2024-01-11,16.050150215434954,82.8399145150669
2024-01-12,16.22433632268301,83.112004702181
2024-01-16,16.27756764057439,83.06962841089529
2024-01-17,16.166131003915943,82.70706426019267
2024-01-18,16.264512668724848,82.34873807166454
2024-01-19,16.14311347049697,81.7491410685046
2024-01-22,16.13948801726194,81.7422715383303
2024-01-23,16.131393677193127,81.59500388543384
2024-01-24,16.133340443349876,81.60734407020644
2024-01-25,16.13104535330557,81.66762070180056
2024-01-26,16.133776585024492,81.6872829582614
2024-01-29,16.136526827493235,81.70124884783355
2024-01-30,16.142692311950476,81.69386829024891
2024-01-31,16.15462434056245,81.696795997647
2024-02-01,16.157532492647952,81.61544059137299
2024-02-02,16.169304710527634,81.55912223647812
2024-02-05,16.166993896413683,81.52027779510827
2024-02-06,16.168641191006397,81.51194737989685
2024-02-07,16.148869028034518,81.59537334939105
2024-02-08,16.130791709171145,81.49986064994094
2024-02-09,16.116911743210093,81.45419800663943
2024-02-12,16.11293358869238,81.41938592431147
2024-02-13,16.137342528097363,81.39828091477045
2024-02-14,16.118080761889996,81.42152002534124
2024-02-15,16.132109042771248,81.44625885481128
2024-02-16,16.12935273459287,81.43940488532321
2024-02-20,16.13205115782154,81.42842526304094
2024-02-21,16.112743178630794,81.4237012614872
2024-02-22,16.071113861482825,81.42821025917168
2024-02-23,16.08173122876503,81.49745577626449
2024-02-26,16.074724613657917,81.5019248557999
2024-02-27,16.055758329842483,81.45906760945995
2024-02-28,16.048147653111535,81.3886766024055
2024-02-29,16.055759439523477,81.41701177481374
2024-03-01,16.049867473422097,81.45278261964718
2024-03-04,16.035118585231093,81.42401731394018
2024-03-05,16.031948488298976,81.39830561817179
2024-03-07,16.048851566055777,81.43529126902126
2024-03-08,16.02831553422243,81.5396579880436
2024-03-11,16.013502252696465,81.65278507027173
2024-03-12,16.009318021347877,81.7571144906891
2024-03-13,15.9912132598336,81.74015454615784
2024-03-14,15.982197809905077,81.78374662688421
2024-03-15,15.97380716807395,81.7606396438078
2024-03-18,15.954380320100118,81.77005883249988
2024-03-19,15.939433730092686,81.86032754530538
2024-03-21,15.931689090914572,81.90644449348953
2024-03-22,15.930691384196768,81.92842294356186
2024-03-25,15.926054042147989,81.90145377904133
2024-03-26,15.920782075627038,81.93316520612917
2024-03-27,15.931133540494002,81.93769020464637
2024-03-28,15.938907788202261,81.88125287532137
2024-04-01,15.945328512911297,81.85641345945004
2024-04-02,15.927318657920445,81.90514220847422
2024-04-04,15.903475310731721,81.88682121279727
2024-04-05,15.903003607230337,81.84926997445699
2024-04-08,15.899482632774578,81.84340105163402
2024-04-09,15.90614483815663,81.74717963270416
2024-04-10,15.906554821749511,81.70797738493151
2024-04-11,15.875998185795748,81.61638920771614
2024-04-12,15.918907825208247,81.56481391308225
2024-04-15,15.923967067943945,81.59425578725661
2024-04-16,15.920595326362363,81.6832570027548
2024-04-19,15.91383368688503,81.60656358127721
2024-04-22,15.926026377991676,81.58822969067602
2024-04-23,15.91510911421096,81.64692321452905
2024-04-24,15.911268264683423,81.57962205880018
2024-04-25,15.917873342048136,81.50858843352317
2024-04-26,15.914550188812346,81.50240663228922
2024-04-29,15.911662267041793,81.47494657080885
2024-04-30,15.912334637345241,81.42358810680564
2024-05-02,15.855414225140393,81.49070684812409
2024-05-03,15.8482349081416,81.57492893702033
2024-05-06,15.832446903651856,81.66581459707562
2024-05-07,15.825518088517976,81.69082669047799
2024-05-08,15.810712494533016,81.70335315529745
2024-05-09,15.810019299470657,81.70787156742136
2024-05-10,15.7951252119885,81.66923099114524
2024-05-13,15.79091215294802,81.62170759952808
2024-05-14,15.785079651009193,81.61704135668272
2024-05-16,15.754814610564782,81.79112211306604
2024-05-17,15.745443790666958,81.54020535147804
2024-05-20,15.726892901916667,81.55599388649595
2024-05-21,15.724125400555256,81.46513223219154
2024-05-22,15.628119116389483,81.73567312535067
2024-05-23,15.628271245534275,81.8678159316795
2024-05-24,15.60890362657763,81.915247076507
2024-05-28,15.61010895534786,81.90495160091984
2024-05-30,15.519906725396648,81.70317527703
2024-05-31,15.484465272662717,81.88462626192813
2024-06-03,15.524880317974743,81.88172076246656
2024-06-04,15.52701765995231,81.74938770444403
2024-06-05,15.524371080106633,81.74489764743674
2024-06-06,15.496358853169548,81.66269721756353
2024-06-07,15.513980447797135,81.52190791939674
2024-06-10,15.500413003633865,81.49306398040747
2024-06-11,15.469825355334521,81.4473812005903
2024-06-13,15.465547800293367,81.58738752779361
2024-06-14,15.473087742799615,81.65138172979279
2024-06-17,15.46287149028672,81.5740077277639
2024-06-18,15.45452574345445,81.65922920248846
2024-06-20,15.432292108374016,81.55745389794342
2024-06-21,15.437096908717995,81.48219343049745
2024-06-24,15.432277579259083,81.52116752152736
2024-06-25,15.428164328995667,81.44385467165817
2024-06-27,15.396079791189146,81.2944367758369
2024-06-28,15.409477282168401,81.17613895159644
2024-07-01,15.391242727501453,81.38587146822583
2024-07-02,15.38529699880078,81.37024707562355
2024-07-03,15.427679104014938,81.32919030364006
2024-07-05,15.378529065967372,81.30792536491435
2024-07-08,15.357459308640106,81.25997001434571
2024-07-09,15.345857160531754,81.36510314389746
2024-07-11,15.367178450694041,81.35405132217555
2024-07-12,15.355373034831091,81.42171495612537
2024-07-15,15.378879695193085,81.7143400505327
2024-07-16,15.380362789803762,81.58630019069548
2024-07-17,15.388665079031716,81.6873186137762
2024-07-18,15.391677898133768,81.66973943620577
2024-07-19,15.385023955965726,81.58698152909703
2024-07-22,15.385999414059551,81.56239004595216
2024-07-23,15.380181053236175,81.52151930731964
2024-07-25,15.371403474720147,81.49464410531286
2024-07-26,15.367137080620852,81.460738029972
2024-07-29,15.348141652095823,81.5408396837259
2024-07-30,15.352776769953902,81.54063745585404
2024-07-31,15.391600565469657,81.78769626117307
2024-08-01,15.385354605088667,81.6350833370341
2024-08-02,15.387525601459773,81.63796887629391
2024-08-05,15.398105404506865,81.46784115121389
2024-08-06,15.39485139551092,81.45942124540254
2024-08-08,15.407369268397586,81.51368962683642
2024-08-09,15.39402607275151,81.84156062468674
2024-08-12,15.373514821806614,81.65763806831161
2024-08-13,15.372898963248968,81.67962255768386
2024-08-14,15.374844675029534,81.78289093275666
2024-08-15,15.380681074562505,81.72822917492056
2024-08-16,15.383057579067675,81.74810085949197
2024-08-19,15.380394276090037,81.73550086135198
2024-08-20,15.383558503271614,81.65484854162507
2024-08-22,15.400013302086801,81.67604238415596
2024-08-23,15.43953135540835,81.4420833146619
2024-08-26,15.422548690484206,81.09690235313853
2024-08-27,15.39535049645345,80.95752198502699
2024-08-28,15.385750001457277,80.91957461282924
2024-08-29,15.371679561765625,80.74567752731377
2024-08-30,15.362614919716147,79.80768318412709
2024-09-03,15.385891757526618,79.61904607289524
2024-09-05,15.383174949937986,79.63963633736904
2024-09-06,15.393480840698626,79.99848352917776
2024-09-09,15.378352801575357,80.3245852041809
2024-09-10,15.3804599591151,79.87181951815484
2024-09-11,15.413083144160403,79.36924628987475
2024-09-12,15.40830348605621,79.5227610468348
2024-09-13,15.408721665787528,79.57219680969067
2024-09-16,15.409307462325339,79.4545526171938
2024-09-17,15.4192544716614,79.37610714705018
2024-09-19,15.407803000668071,79.40320507145823
2024-09-20,15.400967815790123,79.38850515105248
2024-09-23,15.39844115014315,79.40529177771768
2024-09-24,15.39912180398136,79.3799636370669
2024-09-25,15.400391068560563,79.34061243349993
2024-09-26,15.397300407097983,79.28760807116596
2024-09-27,15.386254837499536,79.36445973592357
2024-09-30,15.385578568289096,79.38455745353679
2024-10-01,15.372834512076286,79.3279582706636
2024-10-03,15.335638505750445,79.3068922578597
2024-10-04,15.337196732239056,79.51339578306887
2024-10-07,15.344912301103205,79.72055137765388
2024-10-08,15.382035479179068,79.86325923244789
2024-10-09,15.37409277834132,79.64509643002842
2024-10-10,15.370100085980201,79.4347914365189
2024-10-11,15.368396702713438,79.25208416023392
2024-10-17,15.354393603365576,79.20712653086271
2024-10-18,15.331981038632744,79.20841733182377
2024-10-21,15.318751657329862,79.27354042775609
2024-10-22,15.294509515707544,79.22205793379517
2024-10-23,15.287486238722373,79.5457461997911
2024-10-24,15.284311843863785,79.50594101021
2024-10-25,15.23104539431491,79.55954233310834
2024-10-28,15.190860690380825,79.62619056327878
2024-10-29,15.203819518226439,79.34662073012372
2024-11-01,15.131902342367217,80.16275403536594
2024-11-04,15.14077990281022,80.23808043753755
2024-11-05,15.14234602536176,80.61036155504162
2024-11-06,15.242318784363995,78.99259030424544
2024-11-07,15.20817256849658,78.68573440620877
2024-11-08,15.270575567424252,78.14332162336454
2024-11-12,15.242143024249858,79.15808406694221
2024-11-14,15.22541563729026,79.72416554745644
2024-11-15,15.213470488451275,80.37818818279071
2024-11-18,15.204325090166218,80.5294333239925
2024-11-19,15.203004536170347,80.46728671861683
2024-11-20,15.200538951502804,80.18755812036544
2024-11-21,15.190168010627136,80.35203542994834
2024-11-22,15.185027553250722,80.21379158954979
2024-11-25,15.187337952575852,80.07271798228544
2024-11-26,15.184370515917353,80.02036086084598
2024-12-02,15.191549969256698,79.43812838196452
2024-12-03,15.18547123188716,79.66092965380028
2024-12-04,15.193358064997383,79.47569617372358
2024-12-05,15.184981312719126,79.29353284354778
2024-12-06,15.187505503922885,79.27325808458254
2024-12-09,15.175549352253833,79.55334377904474
2024-12-10,15.178233946211858,79.39257226288842
2024-12-12,15.167462985701471,79.25200362053292
2024-12-13,15.160488684101692,79.33640267706826
2024-12-16,15.1677612493936,79.44794429367377
2024-12-17,15.164369065731117,79.41048734918652
2024-12-18,15.151024339596905,79.79111614918936
2024-12-19,15.144738238757771,79.12177738175097
2024-12-20,15.146486684390048,79.48293049056939
2024-12-23,15.14285667784542,79.20502570030986
2024-12-26,15.142482692614134,79.21329474869748
2024-12-27,15.14319923637264,79.19462031111229
2024-12-30,15.135709515089127,79.15659000452445
2024-12-31,15.135119670547889,79.11118068896657
2025-01-02,15.143688253366857,78.60604559644167
2025-01-03,15.141738285863063,78.2434492205506
2025-01-06,15.150015710357131,78.13631753904347
2025-01-07,15.124375574291212,78.33940657267812
2025-01-08,15.137320909303739,78.9075618108608
2025-01-10,15.075519327176531,79.48351447736236
2025-01-13,15.067801099571096,79.34211990804
2025-01-14,15.06490407187456,79.46858947135743
2025-01-15,15.066243086551179,79.07218170836693
2025-01-16,15.05842078500074,78.85894660673168
2025-01-17,15.048948646841357,78.64205019823525
2025-01-21,14.986878224959352,79.28232215274217
2025-01-22,15.002675103555344,81.13494938954314
2025-01-23,15.001472851226083,81.56908734403792
2025-01-24,14.99665364481011,81.52417379281654
2025-01-27,14.991739831431161,81.54719056312109
2025-01-28,14.988526877331646,81.52129999236607
2025-01-29,14.97665944284825,81.64304954615727
2025-01-30,14.976674732337733,81.60708607070987
2025-01-31,14.97480391673441,81.58703696307889
2025-02-03,14.964728221929787,81.46588249211165
2025-02-04,14.968542735034577,81.64008345699037
2025-02-05,14.943829870407818,81.97814467822614
2025-02-06,14.939426217319532,82.00728188299445
2025-02-07,14.931162980954271,81.95275016273328
2025-02-10,14.922517828784843,81.97811206405095
2025-02-11,14.911628276284436,81.95491779218128
2025-02-12,14.909587469354127,81.95842567624501
2025-02-13,14.902826662589183,82.05515103198273
2025-02-14,14.89120906229496,82.01546178966797
2025-02-18,14.891154083698735,82.16540458060167
2025-02-19,14.884724511213024,82.1588111488912
2025-02-20,14.86774803516077,82.16893031819475
2025-02-21,14.926061500085922,81.73902032736005
2025-02-24,14.935022980223453,81.7223202153038
2025-02-25,14.911452592069127,81.71516587456239
2025-02-26,14.899665368181747,81.7052622665948
2025-02-27,14.896794306373687,81.79141990060238
2025-02-28,14.86060003606906,81.73667711376288
2025-03-03,14.855431046330322,81.74274423652464
2025-03-04,14.856529875268945,81.69971071986387
2025-03-05,14.836544624512168,81.71669826531705
2025-03-06,14.833655383692701,81.74718000383128
2025-03-07,14.835730936961703,81.81230464044708
2025-03-10,14.822360905167628,81.81762016344891
2025-03-11,14.822459381626452,81.8297575366102
2025-03-12,14.824323783206314,81.87161207140973
2025-03-13,14.827554278138185,81.90703644049428
2025-03-14,14.827027640524623,81.97381581009373
2025-03-17,14.842937434236777,82.00167362439879
2025-03-18,14.839880854981372,82.02221348406526
2025-03-19,14.839582691842216,82.11978915993551
2025-03-20,14.843542918602074,82.09287871168965
2025-03-21,14.848113237000224,82.0374142690445
2025-03-24,14.839632683898193,82.0281844779999
2025-03-25,14.839091669661522,82.02401627383551
2025-03-26,14.84426253157518,82.03838189790417
2025-03-27,14.839711963593091,81.91302780586307
2025-03-28,14.831609293190414,81.60514105163834
2025-03-31,14.844799587630542,81.7028640546427
2025-04-01,14.846219075433472,81.72155650857388
2025-04-02,14.846803089492392,81.54069635861391
2025-04-03,14.843285501270845,81.95107013469132
2025-04-04,14.94762927957852,82.7292773001502
2025-04-07,14.956552228953543,82.71956638693273
2025-04-08,14.966726095155503,82.6199044318206
2025-04-09,15.025983360430276,82.1414552273724
2025-04-10,15.036435630210043,82.44828112655526
2025-04-11,15.028760558386326,82.43651455464335
2025-04-14,15.027950013272248,82.53709755844216
2025-04-15,14.996275627866659,82.63191870425425
2025-04-17,14.972860568370075,82.52819645764103
2025-04-21,14.960341355309614,82.56615212354387
2025-04-22,14.974330747124487,82.50475478818335
2025-04-23,14.976386027112435,82.57697432735075
2025-04-24,14.97495616095709,82.56790124900587
2025-04-25,14.977117123152425,82.57121930737702
2025-04-28,14.97560520672027,82.56758798219396
2025-04-29,14.967351735216225,82.54322427290926
2025-05-01,14.962589987382557,82.56412757468654
2025-05-02,14.959764318949942,82.57876442161046
2025-05-05,14.950065951909538,82.58600823452853
2025-05-06,14.95069054646582,82.57777672720783
2025-05-07,14.940862017891495,82.58588848597942
2025-05-08,14.9478473187874,82.61199931137608
2025-05-09,14.955051928324803,82.60968771919366
2025-05-12,14.965225792813794,82.59304734601919
2025-05-13,15.00191446999426,82.64444976588942
2025-05-15,14.969243635941373,82.60089970499264
2025-05-16,14.958767750214971,82.6266533638581
2025-05-19,14.946194017825576,82.62402036368526
2025-05-20,14.924979360406443,82.62535533119039
2025-05-21,14.926965563123598,82.65630941935376
2025-05-22,14.919531231856867,82.66180413851565
2025-05-23,14.917901065271874,82.67870979423138
2025-05-27,14.909911058142159,82.68183433454831
2025-05-29,14.90116280457583,82.68856805664684
2025-05-30,14.898165365735657,82.70792197896296
2025-06-02,14.904199076509764,82.72709559570063
2025-06-03,14.903076205784846,82.71846693479272
2025-06-04,14.896288946795666,82.71911766675713
2025-06-05,14.89599035401031,82.72130016024008
2025-06-06,14.897674721451063,82.66864322533849
2025-06-09,14.901869404925364,82.6649431594288
2025-06-10,14.895350244386677,82.7069924522701
2025-06-12,14.893316979813301,82.7379706116649
2025-06-13,14.887388658829718,82.89259708672348
2025-06-16,14.876600856738861,82.89769851007968
2025-06-17,14.837330091663858,82.92224854278652
2025-06-18,14.83460720998444,82.90349876456246
2025-06-20,14.837879162499057,82.89752720071745
2025-06-23,14.835312088210273,82.85850357908494
2025-06-24,14.798747287043357,82.83137692734854
2025-06-26,14.796904921359047,82.84074246333843
2025-06-27,14.788718704468495,82.87114974285514
2025-06-30,14.780747137437622,82.90503035057255
2025-07-01,14.778601468017424,82.97836319762413
2025-07-02,14.80910050757275,83.06958897076699
2025-07-03,14.820728827709884,83.11464926380303
2025-07-07,14.800707620670813,83.09997046350315
2025-07-08,14.799134430359354,83.11278267974464
2025-07-10,14.782290890412527,83.13028098994928
2025-07-11,14.77785351005525,83.14839061758055
2025-07-14,14.776370884719059,83.14939778760349
2025-07-15,14.773951181590498,83.14422786583083
2025-07-16,14.774735115124008,83.15179300707337
2025-07-17,14.771751622815025,83.15620297053071
2025-07-18,14.76195482548189,83.2022742087462
2025-07-21,14.762184273008247,83.20113380205152
2025-07-22,14.751301282347399,83.2014725842864
2025-07-24,14.7487657434493,83.19769138954594
2025-07-25,14.741460923242933,83.20008743591049
2025-07-28,14.73719732505144,83.18152972084518
2025-07-29,14.723186801619134,83.17064494324642
2025-07-30,14.724063045818466,83.15305298752747
2025-07-31,14.726635369510474,83.13219355649984
2025-08-01,14.726949497578593,83.10388033631969
2025-08-04,14.723782426929569,83.09782151511179
2025-08-05,14.723796001346301,83.09113289871497
2025-08-07,14.722907048319763,83.09057368446906
2025-08-08,14.71882747781709,83.07619994548584
2025-08-11,14.697958167828906,83.07663978141983
2025-08-12,14.697167510342432,83.11660977081763
2025-08-13,14.689625960411249,83.11352525380087
2025-08-14,14.685024732833233,83.11962099827147
2025-08-15,14.656502231320548,83.11689960798324
2025-08-18,14.679341994123218,83.10204324719415
2025-08-19,14.672325954714927,83.11876518835817
2025-08-21,14.653032591229417,83.0644170383215
2025-08-22,14.662247798920921,83.02574366595326
2025-08-25,14.619515850595022,83.05988843369877
2025-08-26,14.61528599662724,83.07075348178938
2025-08-27,14.60723820098265,83.0778127436132
2025-08-28,14.600931541552065,83.06458890804845
2025-08-29,14.584041030522377,83.04959827916862
2025-09-02,14.556799208663987,83.04153120626361
2025-09-04,14.55669720805727,83.07555464594881
2025-09-05,14.542015692430343,83.05546134407984
2025-09-08,14.533439383023694,83.05828595701823
2025-09-09,14.529187191002224,83.04639637783033
2025-09-10,14.52027974646414,83.04436072972939
2025-09-11,14.52676322573144,83.03645751296541
2025-09-12,14.521055276241354,83.03697747395437
2025-09-15,14.531339743126592,83.03033726345882
2025-09-16,14.523005813498768,83.03770103732572
2025-09-18,14.518870968143313,83.045600806759
2025-09-19,14.512889983862317,83.0472140517926
2025-09-22,14.512140609619495,83.0500114468918
2025-09-23,14.50708769344399,83.03931261223605
2025-09-24,14.504754046940041,83.03735863298981
2025-09-25,14.494516342638342,83.04420085448122
2025-09-26,14.490309369815968,83.07143916302172
2025-09-29,14.463476361593353,83.09374572358249
2025-09-30,14.461296774343335,83.09166315619933
2025-10-02,14.459264426170352,83.09332630163907
2025-10-03,14.459245573616583,83.0937560441546
2025-10-06,14.45673896432349,83.10222058646488
2025-10-07,14.460071963579072,83.11078274907348
2025-10-08,14.462992707870978,83.12075738919914
2025-10-09,14.455123837291831,83.11264389475495
2025-10-10,14.475444491902959,83.11048201100594
2025-10-16,14.466941480456516,83.1117897989449
2025-10-17,14.477396601757583,83.11248603591842
2025-10-20,14.467705004211862,83.11818846515834
2025-10-21,14.459885109390994,83.13140305890585
2025-10-22,14.456576176961159,83.12771471631005
2025-10-23,14.461479639464056,83.18061006696978
2025-10-24,14.458257583261632,83.19330206611237
2025-10-27,14.456042991110873,83.19571275395141
2025-10-28,14.434146265500717,83.2235366189589
2025-10-30,14.434447184797694,83.23479729760166
2025-10-31,14.429052041260201,83.2914858231489
2025-11-03,14.424660134343892,83.27914602293474
2025-11-04,14.429097988641285,83.3073153250474
2025-11-05,14.433587681902646,83.32580637778571
2025-11-06,14.42914780010424,83.33034060397941
2025-11-07,14.429511806337247,83.33092725780992
2025-11-10,14.4298088797126,83.33025661006292
2025-11-14,14.452415910710195,83.33346465749628
2025-11-17,14.450503974530834,83.32669732204269
2025-11-18,14.43526010985594,83.326797066771
2025-11-19,14.443679184483571,83.32909531952308
2025-11-20,14.4476776890059,83.32929882463858
2025-11-21,14.443453594680808,83.32020610013303
2025-11-24,14.44602245679878,83.34316381644679
2025-11-25,14.443517581613655,83.34120220639485
2025-12-01,14.447135943787673,83.33509904093513
2025-12-02,14.437914412592745,83.33429801821546
2025-12-03,14.433145241172785,83.34819839923287
2025-12-04,14.433539873917475,83.342371822588
2025-12-05,14.430222373861668,83.34165243061405
2025-12-08,14.427650741240416,83.33146671680937
2025-12-09,14.431158328038851,83.35724164043997
2025-12-11,14.432504865906104,83.36328818864285
2025-12-12,14.43615738601339,83.32712696584504
2025-12-15,14.429980930275699,83.33648568295642
2025-12-16,14.436853315647665,83.34650690611468
2025-12-17,14.430883730132274,83.35542533446633
2025-12-18,14.433584298625654,83.36255254243929
2025-12-19,14.433828281978656,83.34203033884371
2025-12-22,14.424413699605099,83.36496622454096
2025-12-23,14.41677802780094,83.37170189771595
