date,band,TCI_band
2021-08-10,short,16.253407360948064
2021-08-11,short,16.036309877445035
2021-08-12,short,15.961030847658728
2021-08-13,short,15.843853958130126
2021-08-16,short,15.84395187383393
2021-08-17,short,15.837563187328575
2021-08-18,short,15.876648060725463
2021-08-19,short,15.824739828128543
2021-08-20,short,15.914826646190477
2021-08-23,short,16.1473911699606
2021-08-24,short,16.260495491765784
2021-08-25,short,16.181421192069262
2021-08-26,short,15.959673400715056
2021-08-27,short,15.98954866349331
2021-08-30,short,16.018353856413256
2021-08-31,short,15.997059027564527
2021-09-01,short,15.997961406586143
2021-09-02,short,16.027108406624023
2021-09-03,short,15.879892824674736
2021-09-07,short,15.677802128217158
2021-09-08,short,15.592956718358286
2021-09-09,short,15.6674252219127
2021-09-10,short,15.484518044886812
2021-09-13,short,15.544258550552948
2021-09-14,short,15.483991419946591
2021-09-15,short,15.460269917283398
2021-09-16,short,15.479602717599855
2021-09-17,short,15.30110001471248
2021-09-20,short,15.311168484604687
2021-09-21,short,15.098034473528003
2021-09-22,short,15.181163950186194
2021-09-23,short,15.213587740152215
2021-09-24,short,15.176727618536148
2021-09-27,short,15.294237264156882
2021-09-28,short,15.291261203037456
2021-09-29,short,15.373315964160915
2021-09-30,short,15.300500364494061
2021-10-01,short,15.312245654706695
2021-10-04,short,15.604454173196862
2021-10-05,short,16.7106784855341
2021-10-06,short,16.84523964789159
2021-10-07,short,16.857087791209654
2021-10-08,short,16.627232423450664
2021-10-11,short,16.157941102667895
2021-10-12,short,16.401092943283903
2021-10-13,short,16.434533737716976
2021-10-14,short,16.400716499338916
2021-10-15,short,16.302867172135006
2021-10-18,short,16.18048835341192
2021-10-19,short,16.362661666703087
2021-10-20,short,16.148614774114247
2021-10-21,short,16.220881292340124
2021-10-22,short,16.173775862507814
2021-10-25,short,16.02198145955566
2021-10-26,short,16.053333249355052
2021-10-27,short,15.937003154474874
2021-10-28,short,16.009964843142
2021-10-29,short,15.754665581026472
2021-11-01,short,15.71109807894598
2021-11-02,short,14.696717339030016
2021-11-03,short,15.081376644851085
2021-11-04,short,15.054494032763595
2021-11-05,short,15.015874457636622
2021-11-08,short,14.943840117865514
2021-11-09,short,14.962404225134359
2021-11-10,short,15.300269360754745
2021-11-12,short,15.510852357979806
2021-11-15,short,15.456061242100418
2021-11-18,short,15.357871853654805
2021-11-19,short,15.187718890811444
2021-11-22,short,15.11277097019923
2021-11-23,short,14.902035438658194
2021-11-24,short,14.864862242387687
2021-11-29,short,14.525090151663582
2021-11-30,short,15.010031454458348
2021-12-01,short,15.043850508227885
2021-12-02,short,14.915479522498401
2021-12-03,short,14.821742052929599
2021-12-06,short,14.615069177782724
2021-12-07,short,14.633254215031267
2021-12-08,short,14.719590255182831
2021-12-09,short,14.874826230665983
2021-12-10,short,14.889899069222244
2021-12-13,short,14.886200502596239
2021-12-14,short,15.146660747451278
2021-12-15,short,15.104202864603451
2021-12-16,short,14.910017847333298
2021-12-17,short,14.892734461741005
2021-12-20,short,15.00991086899711
2021-12-21,short,15.3744704464009
2021-12-22,short,15.458163250466916
2021-12-23,short,15.308787351240653
2021-12-27,short,15.159994271390843
2021-12-28,short,15.144248257643236
2021-12-29,short,15.101762771852046
2021-12-30,short,15.10879336346674
2022-01-03,short,15.181582243977402
2022-01-04,short,15.348651927900997
2022-01-05,short,15.44398026565644
2022-01-06,short,15.734550478570156
2022-01-07,short,15.644868385348056
2022-01-10,short,15.594113696022513
2022-01-11,short,15.686858443096023
2022-01-12,short,15.778554358194944
2022-01-13,short,15.758758056340033
2022-01-14,short,15.68282302049812
2022-01-18,short,15.657308500678786
2022-01-19,short,15.613116025893163
2022-01-20,short,15.561608173068663
2022-01-21,short,15.92869911639815
2022-01-24,short,15.839543301297406
2022-01-25,short,15.722299743577148
2022-01-26,short,15.711571116918227
2022-01-27,short,15.740925111610684
2022-01-28,short,15.651372417022353
2022-01-31,short,16.266218999658093
2022-02-01,short,16.29650546815314
2022-02-02,short,16.114450288655405
2022-02-03,short,16.13475337392279
2022-02-04,short,15.984834270373938
2022-02-07,short,15.814542966651212
2022-02-09,short,15.63498477052921
2022-02-10,short,15.568130360684961
2022-02-11,short,15.619888846175732
2022-02-14,short,15.420889378118849
2022-02-15,short,15.527524081215764
2022-02-16,short,15.254360247743762
2022-02-17,short,15.251236897635815
2022-02-18,short,15.18322988069852
2022-02-22,short,15.126383015561004
2022-02-23,short,15.1325799499661
2022-02-24,short,15.6862805340852
2022-02-25,short,15.82658406390586
2022-02-28,short,16.030460437258302
2022-03-01,short,16.733632779946817
2022-03-02,short,19.142058203253345
2022-03-03,short,19.40060786043307
2022-03-04,short,19.69365584297616
2022-03-07,short,19.60786920417172
2022-03-08,short,19.856285613467378
2022-03-09,short,19.755247562610975
2022-03-10,short,19.918975844399625
2022-03-11,short,19.90759657222971
2022-03-14,short,20.207909866611498
2022-03-15,short,19.747514791097235
2022-03-16,short,19.895441383470324
2022-03-17,short,19.35068700692931
2022-03-18,short,19.194127283243848
2022-03-21,short,18.824787275043718
2022-03-22,short,18.81337377229634
2022-04-06,short,20.041393833877816
2022-04-07,short,19.870564219840208
2022-04-08,short,19.86607870674617
2022-04-11,short,19.762123319101864
2022-04-12,short,19.891106719838934
2022-04-13,short,19.824184496335818
2022-04-14,short,19.715938414547775
2022-04-18,short,19.62306215302536
2022-04-19,short,19.225346146998294
2022-04-20,short,18.861634166601362
2022-04-21,short,19.01658392225171
2022-04-22,short,18.970951938918905
2022-04-25,short,18.86852556427287
2022-04-26,short,18.74890164946844
2022-04-27,short,18.615290124816244
2022-04-28,short,18.576826717081634
2022-04-29,short,18.53643972492345
2022-05-02,short,18.17063393631898
2022-05-03,short,17.92447729563769
2022-05-04,short,18.236591335137092
2022-05-05,short,18.266313886639058
2022-05-06,short,18.175397104986605
2022-05-09,short,18.43418820030803
2022-05-10,short,18.274772460392
2022-05-12,short,18.187685896480236
2022-05-13,short,18.375936545262505
2022-05-16,short,18.329113615438928
2022-05-17,short,18.36734992703947
2022-05-18,short,18.285594837273027
2022-05-19,short,18.450900781860685
2022-05-20,short,18.353831290207324
2022-05-23,short,18.336903328852458
2022-05-24,short,18.236145845972334
2022-05-25,short,18.253232502915154
2022-05-26,short,18.248445466508127
2022-05-27,short,18.09840450719915
2022-05-31,short,18.0675562152245
2022-06-01,short,18.04551825583975
2022-06-02,short,18.090233222515668
2022-06-03,short,18.69081813606968
2022-06-06,short,19.040036375189516
2022-06-07,short,18.982581559270283
2022-06-08,short,18.93829488398266
2022-06-09,short,20.268848611433782
2022-06-10,short,18.813145394922156
2022-06-13,short,18.662046498512137
2022-06-14,short,19.254533268394322
2022-06-15,short,19.09364047470001
2022-06-16,short,19.174906991214574
2022-06-17,short,18.891260464294902
2022-06-21,short,18.793789601290985
2022-06-22,short,18.665587994667835
2022-06-23,short,18.594060513228555
2022-06-24,short,18.37423269834117
2022-06-27,short,18.29628745099971
2022-06-28,short,18.147665569501072
2022-06-29,short,18.222211366434426
2022-06-30,short,18.077031384219936
2022-07-01,short,18.055165935191905
2022-07-05,short,17.795219747277923
2022-07-06,short,17.706250768889372
2022-07-07,short,17.90902678557444
2022-07-08,short,17.874612443826834
2022-07-11,short,17.870961306876932
2022-07-12,short,17.502059072288585
2022-07-13,short,17.456019406597694
2022-07-14,short,17.395346214438888
2022-07-15,short,17.36860700417364
2022-07-18,short,17.227948343364535
2022-07-19,short,17.15611568511498
2022-07-20,short,17.108023133788237
2022-07-21,short,17.03137204833062
2022-07-22,short,16.902717498095637
2022-07-25,short,16.91790437470546
2022-07-26,short,16.903467772198553
2022-07-27,short,16.98583839134086
2022-07-28,short,17.074454138042427
2022-07-29,short,17.08034349548696
2022-08-01,short,17.149932728460005
2022-08-02,short,17.134854427072145
2022-08-03,short,17.298974296349343
2022-08-04,short,17.265870187533874
2022-08-05,short,17.226028967950963
2022-08-08,short,17.212406237045457
2022-08-09,short,17.24159917828582
2022-08-10,short,17.419326929747843
2022-08-11,short,17.559983088379028
2022-08-12,short,17.53044683245439
2022-08-15,short,17.489916492439807
2022-08-16,short,17.411886421678304
2022-08-17,short,17.33672960676866
2022-08-18,short,17.256485984580507
2022-08-19,short,17.299000380593935
2022-08-22,short,17.28467521396477
2022-08-23,short,17.24171064334403
2022-08-24,short,17.208924768589572
2022-08-25,short,17.213094071716437
2022-08-26,short,17.10054039471758
2022-08-29,short,17.03280590856494
2022-08-30,short,17.258004068752417
2022-08-31,short,17.24305506078367
2022-09-01,short,17.383930240285753
2022-09-02,short,17.555310446042693
2022-09-06,short,17.411462953661328
2022-09-07,short,17.362531847162398
2022-09-08,short,17.541787396793712
2022-09-09,short,17.441802997671317
2022-09-12,short,17.377421543422514
2022-09-13,short,17.26671360159283
2022-09-14,short,17.178510874912234
2022-09-15,short,17.30233246992347
2022-09-16,short,17.35955639883146
2022-09-19,short,17.31756463799555
2022-09-20,short,17.42829632186174
2022-09-21,short,17.356372945917872
2022-09-22,short,17.39168201497127
2022-09-23,short,18.10624699636068
2022-09-26,short,18.065938547841522
2022-09-27,short,17.75490726941293
2022-09-28,short,17.75064367296405
2022-09-29,short,17.945933889288074
2022-09-30,short,18.048932036327262
2022-10-03,short,17.622266230383655
2022-10-04,short,17.84542959105328
2022-10-05,short,17.844152049580703
2022-10-06,short,17.769341786400247
2022-10-07,short,17.450445545354086
2022-10-12,short,17.660352572624095
2022-10-13,short,17.64093068827566
2022-10-14,short,17.65366536722206
2022-10-17,short,17.438914288502456
2022-10-18,short,17.331665445843345
2022-10-19,short,17.220978976116374
2022-10-20,short,17.15439979110302
2022-10-21,short,17.303729188058032
2022-10-24,short,17.13060177056809
2022-10-25,short,17.21117128223767
2022-10-26,short,17.416159609579648
2022-10-27,short,17.3052579614577
2022-10-28,short,17.269185288506492
2022-10-31,short,17.129599534847568
2022-11-01,short,17.273677006484395
2022-11-02,short,17.135830188285052
2022-11-03,short,17.053936965059535
2022-11-04,short,17.409502432656097
2022-11-07,short,17.28589677087345
2022-11-08,short,17.131439543518354
2022-11-09,short,17.33751989058671
2022-11-10,short,17.82132679811154
2022-11-14,short,17.88083784926651
2022-11-15,short,17.80564002007809
2022-11-16,short,17.849535581931093
2022-11-17,short,17.711589220259544
2022-11-18,short,17.601148851289263
2022-11-21,short,17.587082821574672
2022-11-22,short,17.544137854802376
2022-11-23,short,17.417312069734834
2022-11-28,short,17.244116563204084
2022-11-29,short,17.107540871612287
2022-11-30,short,17.631646110916392
2022-12-01,short,17.277848744281147
2022-12-02,short,16.918583478192755
2022-12-05,short,17.01108044758078
2022-12-06,short,16.91119976720152
2022-12-07,short,16.93434254135831
2022-12-08,short,16.890899329429335
2022-12-09,short,16.891769152855755
2022-12-12,short,17.117563004586838
2022-12-13,short,17.353533401416836
2022-12-14,short,17.23659276273064
2022-12-15,short,17.339823420112413
2022-12-16,short,17.513566043655175
2022-12-19,short,17.5040480056266
2022-12-20,short,17.444208348085397
2022-12-21,short,17.5016612461894
2022-12-22,short,17.585730052823852
2022-12-27,short,17.611571787610046
2022-12-28,short,17.354635271093333
2022-12-29,short,17.268336007516194
2022-12-30,short,17.171532536936137
2023-01-03,short,17.220217293139427
2023-01-04,short,16.957830532299557
2023-01-05,short,16.92513369071915
2023-01-06,short,16.98974529171291
2023-01-09,short,17.08383126034653
2023-01-10,short,16.948839336946207
2023-01-11,short,17.143845897874986
2023-01-12,short,17.170517934273505
2023-01-13,short,17.114251541000602
2023-01-17,short,17.11450225896064
2023-01-18,short,17.103676956761337
2023-01-19,short,17.118449142834532
2023-01-20,short,16.81449910047534
2023-01-23,short,16.813676394377882
2023-01-24,short,16.699263471732234
2023-01-25,short,16.71262737498559
2023-01-26,short,16.637123638664814
2023-01-27,short,16.469687178863087
2023-01-30,short,17.602117731146432
2023-01-31,short,17.35088535208925
2023-02-01,short,17.22396498069739
2023-02-02,short,17.22743922640126
2023-02-03,short,17.590294630511647
2023-02-06,short,17.59218893978172
2023-02-07,short,17.55276946930915
2023-02-08,short,17.44301648628662
2023-02-09,short,17.439335411670736
2023-02-10,short,17.337642974839174
2023-02-13,short,17.34182989736591
2023-02-14,short,17.313034784257486
2023-02-15,short,17.173055405850448
2023-02-16,short,17.262184771841465
2023-02-17,short,17.33626782624063
2023-02-21,short,17.335618977712585
2023-02-22,short,17.403391231359723
2023-02-23,short,17.462795600081574
2023-02-24,short,17.4841850288601
2023-02-27,short,17.250503851074352
2023-02-28,short,17.182154705072282
2023-03-01,short,17.25074412205085
2023-03-02,short,17.231654443393165
2023-03-03,short,17.329184707363066
2023-03-06,short,17.139907661811208
2023-03-07,short,17.31931036098435
2023-03-08,short,17.265597621287032
2023-03-09,short,17.26525270419114
2023-03-10,short,17.27149401933667
2023-03-13,short,17.285832150714935
2023-03-14,short,16.990358141919785
2023-03-15,short,17.46021542444573
2023-03-16,short,17.123777064872296
2023-03-17,short,17.2981381181559
2023-03-20,short,17.408869823587434
2023-03-21,short,17.180138706690524
2023-03-22,short,17.325397828519215
2023-03-23,short,17.23190166252088
2023-03-24,short,17.184122250481675
2023-03-27,short,17.13638664833017
2023-03-28,short,17.103689846638673
2023-03-29,short,17.080945243656448
2023-03-30,short,17.23652137316846
2023-03-31,short,17.515515921657748
2023-04-03,short,17.83002504771693
2023-04-04,short,17.730034512000902
2023-04-05,short,17.57536636954983
2023-04-06,short,17.50505211746368
2023-04-10,short,17.440464864406163
2023-04-11,short,17.487508556726254
2023-04-12,short,17.424201456329495
2023-04-13,short,17.33426481137593
2023-04-14,short,17.241621876228653
2023-04-17,short,17.05371209237498
2023-04-18,short,16.93034412978942
2023-04-19,short,16.806986284199287
2023-04-20,short,16.799427452243958
2023-04-21,short,16.78516935908065
2023-04-24,short,16.772133835180426
2023-04-25,short,16.931907371447625
2023-04-26,short,17.039818141056298
2023-04-27,short,17.064565409454797
2023-04-28,short,17.081561023943976
2023-05-01,short,17.112817401405398
2023-05-02,short,17.351472102346644
2023-05-03,short,17.626039887784714
2023-05-04,short,17.466266066700758
2023-05-05,short,17.781127827041804
2023-05-08,short,17.915365721848747
2023-05-09,short,17.944160621729953
2023-05-11,short,17.997912532077834
2023-05-12,short,18.036560824557977
2023-05-15,short,18.414367688981145
2023-05-16,short,18.41825377730164
2023-05-17,short,18.29029586714549
2023-05-18,short,18.77593646117063
2023-05-19,short,18.440508110330484
2023-05-22,short,18.70099531589467
2023-05-23,short,18.336556503145516
2023-05-24,short,18.226224537999173
2023-05-25,short,18.462420461308284
2023-05-26,short,19.107668257432977
2023-05-30,short,19.729678661228036
2023-05-31,short,19.588402999188748
2023-06-01,short,19.356056558613403
2023-06-02,short,19.49572127572991
2023-06-05,short,19.534133297723674
2023-06-06,short,19.46076615794982
2023-06-07,short,19.303112630313603
2023-06-08,short,19.12913223558155
2023-06-09,short,19.105983671422155
2023-06-12,short,19.081508053458986
2023-06-13,short,18.645882146408542
2023-06-14,short,18.441772914336656
2023-06-15,short,18.782824975844335
2023-06-16,short,18.502237888091884
2023-06-20,short,18.47723752823427
2023-06-21,short,18.34662259984061
2023-06-22,short,18.449135144070965
2023-06-23,short,18.18492047704107
2023-06-26,short,17.85837086462679
2023-06-27,short,17.577087825903686
2023-06-29,short,17.646572440372665
2023-06-30,short,17.991859341208833
2023-07-03,short,17.412932563378973
2023-07-05,short,17.236354263904957
2023-07-06,short,17.485274249210438
2023-07-07,short,17.193615812529305
2023-07-10,short,17.122779885808274
2023-07-11,short,17.07868632569827
2023-07-12,short,17.27147347192698
2023-07-13,short,17.373553019326277
2023-07-14,short,17.44218528209895
2023-07-17,short,17.221084510136052
2023-07-18,short,17.289466053639064
2023-07-19,short,17.276770832185907
2023-07-20,short,17.24423289961078
2023-07-21,short,17.175393094453664
2023-07-24,short,17.146829026608675
2023-07-25,short,17.15281336331965
2023-07-26,short,17.019052491725734
2023-07-27,short,16.91060411902227
2023-07-28,short,16.767518396128953
2023-07-31,short,16.791024053557255
2023-08-01,short,16.864570500856654
2023-08-02,short,17.39745099644181
2023-08-03,short,17.042562831226718
2023-08-04,short,17.012781789633795
2023-08-07,short,16.959464095868384
2023-08-08,short,16.978310456944644
2023-08-09,short,16.93229030390292
2023-08-10,short,16.873829654723618
2023-08-11,short,16.94837110895749
2023-08-14,short,16.822103561152442
2023-08-15,short,17.077117698836457
2023-08-16,short,17.430806641174286
2023-08-17,short,17.3472170090529
2023-08-18,short,17.347813413528797
2023-08-21,short,17.4059269143177
2023-08-23,short,16.90373689874399
2023-08-24,short,16.87963641818406
2023-08-25,short,16.90800257804662
2023-08-28,short,16.99923286385452
2023-08-29,short,16.94499199630376
2023-08-30,short,16.462079659957244
2023-08-31,short,16.293495829084616
2023-09-01,short,16.304541939597964
2023-09-05,short,15.978406213911683
2023-09-06,short,16.002529889904793
2023-09-07,short,16.016345797558966
2023-09-08,short,15.960865969313735
2023-09-11,short,15.919434333738536
2023-09-12,short,15.826917617240591
2023-09-13,short,15.674358911243283
2023-09-14,short,16.007809897109393
2023-09-15,short,15.790573601767884
2023-09-18,short,15.759075771016853
2023-09-19,short,15.721637478728516
2023-09-20,short,15.649660705496805
2023-09-21,short,15.64825823295351
2023-09-22,short,15.673434784257202
2023-09-25,short,15.637034109038874
2023-09-26,short,15.542430321789292
2023-09-27,short,15.439786333939301
2023-09-28,short,15.338999239581
2023-09-29,short,15.315770334947965
2023-10-02,short,16.047810984309496
2023-10-03,short,16.020257084331735
2023-10-04,short,16.09520678146608
2023-10-05,short,16.021112603251407
2023-10-06,short,16.17369955860708
2023-10-11,short,15.852771897526216
2023-10-12,short,15.982245619494998
2023-10-13,short,15.764034075746196
2023-10-16,short,15.5289861009524
2023-10-17,short,15.478353574642009
2023-10-18,short,15.379508207115046
2023-10-19,short,15.251419382809141
2023-10-20,short,15.539977235821917
2023-10-23,short,15.024167265328268
2023-10-24,short,15.268900525080218
2023-10-25,short,14.916363392811226
2023-10-26,short,14.819679520643604
2023-10-27,short,14.186631691244258
2023-10-30,short,14.315178569195192
2023-10-31,short,14.301845289489336
2023-11-01,short,14.339796955993165
2023-11-02,short,14.603712740634705
2023-11-03,short,14.434392279443026
2023-11-06,short,14.363780430066717
2023-11-07,short,14.939586026913142
2023-11-08,short,14.798295390571402
2023-11-09,short,14.309189248851169
2023-11-13,short,14.439969479225775
2023-11-14,short,15.728743357151956
2023-11-15,short,15.557814355504567
2023-11-16,short,15.389980061210602
2023-11-17,short,15.426946039627987
2023-11-20,short,15.37144224857507
2023-11-21,short,15.328183057183773
2023-11-22,short,15.231556163363669
2023-11-27,short,14.841797575818921
2023-11-28,short,14.887464642140676
2023-11-29,short,14.965289975747831
2023-11-30,short,14.962555181279763
2023-12-01,short,14.6016224483461
2023-12-04,short,14.545577672778412
2023-12-05,short,14.49889191222214
2023-12-06,short,14.16532927348205
2023-12-07,short,14.141745756985642
2023-12-08,short,14.1317251926201
2023-12-11,short,14.076888728106647
2023-12-12,short,14.301652727397368
2023-12-13,short,14.62427774386064
2023-12-14,short,15.306778045659618
2023-12-15,short,15.271039441722507
2023-12-18,short,15.280055808105601
2023-12-19,short,15.360731695106201
2023-12-20,short,15.258373531598417
2023-12-21,short,15.297181392088893
2023-12-22,short,15.301629639734236
2023-12-27,short,15.41607470064263
2023-12-28,short,15.30490124637935
2023-12-29,short,15.264461972407531
2024-01-02,short,15.914930595185012
2024-01-03,short,15.417917691742218
2024-01-04,short,15.146776943395784
2024-01-05,short,15.166452582565986
2024-01-08,short,15.167497549843944
2024-01-09,short,15.053321301971133
2024-01-10,short,15.686339656930272
2024-01-11,short,15.495566143804078
2024-01-12,short,17.80810173182732
2024-01-16,short,19.924220797254794
2024-01-17,short,20.328025504238003
2024-01-18,short,20.13202630813896
2024-01-19,short,20.02521119601165
2024-01-22,short,19.953460297078493
2024-01-23,short,19.815980794338486
2024-01-24,short,19.706517721704852
2024-01-25,short,19.71765482895189
2024-01-26,short,19.6991186102296
2024-01-29,short,19.56861542537132
2024-01-30,short,19.596500996738268
2024-01-31,short,19.690569185481554
2024-02-01,short,19.51781226337342
2024-02-02,short,19.54855405308365
2024-02-05,short,19.434120720745767
2024-02-06,short,19.488642373544053
2024-02-07,short,19.33326064069874
2024-02-08,short,19.248572474154912
2024-02-09,short,19.150295732994607
2024-02-12,short,19.194366886074352
2024-02-13,short,19.234562778154828
2024-02-14,short,19.043828225453222
2024-02-15,short,18.97999111733958
2024-02-16,short,18.929196547962913
2024-02-20,short,18.930820809268624
2024-02-21,short,18.809247597407108
2024-02-22,short,18.51477161771952
2024-02-23,short,18.620766633134775
2024-02-26,short,18.760901797139184
2024-02-27,short,18.715668920273192
2024-02-28,short,18.62656741236218
2024-02-29,short,18.734220677897742
2024-03-01,short,18.758717510794195
2024-03-04,short,18.61718675843859
2024-03-05,short,18.601089802293085
2024-03-07,short,18.58138505724715
2024-03-08,short,18.453307584345918
2024-03-11,short,18.344397630491
2024-03-12,short,18.252264958261872
2024-03-13,short,18.0537955055262
2024-03-14,short,18.026241845902888
2024-03-15,short,18.019550853267106
2024-03-18,short,17.960608542156137
2024-03-19,short,17.92997078145667
2024-03-21,short,17.851168240973266
2024-03-22,short,17.821934790468788
2024-03-25,short,17.835449484439692
2024-03-26,short,17.808644357619613
2024-03-27,short,17.776402837147725
2024-03-28,short,17.844115591394416
2024-04-01,short,17.761504271840135
2024-04-02,short,17.63540115969579
2024-04-04,short,17.49680443078726
2024-04-05,short,17.400937406844793
2024-04-08,short,17.411315980704767
2024-04-09,short,17.58018938968463
2024-04-10,short,17.620345812595115
2024-04-11,short,17.593965290392543
2024-04-12,short,18.00815427161653
2024-04-15,short,18.017532814752315
2024-04-16,short,17.892045232579125
2024-04-19,short,17.82232675937421
2024-04-22,short,17.869828611633874
2024-04-23,short,17.778674259808042
2024-04-24,short,17.764344861583435
2024-04-25,short,17.79401679401292
2024-04-26,short,17.759830945412755
2024-04-29,short,17.96904380410436
2024-04-30,short,17.85108869322251
2024-05-02,short,17.805616142934287
2024-05-03,short,17.601545874903024
2024-05-06,short,17.440581295078186
2024-05-07,short,17.469444762781762
2024-05-08,short,17.365756489056952
2024-05-09,short,17.39577746744003
2024-05-10,short,17.151826290296697
2024-05-13,short,17.12179635261586
2024-05-14,short,17.073798601149065
2024-05-16,short,16.398339276607988
2024-05-17,short,16.347123228326495
2024-05-20,short,16.318646157297234
2024-05-21,short,16.312628361936884
2024-05-22,short,15.48435481457551
2024-05-23,short,15.430140757536245
2024-05-24,short,15.407430967845746
2024-05-28,short,15.226110882389728
2024-05-30,short,15.184795450851311
2024-05-31,short,14.841412616178749
2024-06-03,short,14.799306304345853
2024-06-04,short,14.825537381126898
2024-06-05,short,14.673500215830794
2024-06-06,short,14.651129134244798
2024-06-07,short,14.756227706769257
2024-06-10,short,14.67091028043339
2024-06-11,short,14.56871139404287
2024-06-13,short,14.597799836035449
2024-06-14,short,14.634858830012718
2024-06-17,short,14.528881606169174
2024-06-18,short,14.487575682652087
2024-06-20,short,14.391391197928536
2024-06-21,short,14.442197366743093
2024-06-24,short,14.45276142783382
2024-06-25,short,14.46795290221714
2024-06-27,short,14.227510679908656
2024-06-28,short,14.269749069515626
2024-07-01,short,14.38269309894711
2024-07-02,short,14.292081799450253
2024-07-03,short,14.60561807853558
2024-07-05,short,14.28087207058284
2024-07-08,short,14.009435680915772
2024-07-09,short,13.905814717768711
2024-07-11,short,14.003947820756215
2024-07-12,short,13.97397989918388
2024-07-15,short,14.053164091368766
2024-07-16,short,13.940968577189002
2024-07-17,short,14.062923465815155
2024-07-18,short,14.050099970440215
2024-07-19,short,14.031685113541661
2024-07-22,short,14.067091729475843
2024-07-23,short,14.113246692678766
2024-07-25,short,14.011234833276982
2024-07-26,short,13.978388485657339
2024-07-29,short,13.80408189477049
2024-07-30,short,13.868300790054226
2024-07-31,short,14.15859355472829
2024-08-01,short,14.21555937661926
2024-08-02,short,14.150154654535717
2024-08-05,short,14.174376197138884
2024-08-06,short,14.164597504507222
2024-08-08,short,14.178564894601644
2024-08-09,short,14.126017918407891
2024-08-12,short,13.985604308231265
2024-08-13,short,14.155111198534447
2024-08-14,short,14.241701742650624
2024-08-15,short,14.27809672840173
2024-08-16,short,14.315782670814238
2024-08-19,short,14.15751717129558
2024-08-20,short,14.217032561946857
2024-08-22,short,14.35202855679868
2024-08-23,short,15.036570324767885
2024-08-26,short,15.089922522504045
2024-08-27,short,14.950310835629542
2024-08-28,short,14.974454893607307
2024-08-29,short,14.956313250200784
2024-08-30,short,14.900152121270992
2024-09-03,short,15.31871080883416
2024-09-05,short,15.24178035177919
2024-09-06,short,15.543741533435442
2024-09-09,short,15.40119136587044
2024-09-10,short,15.367369911225873
2024-09-11,short,15.77788891392052
2024-09-12,short,15.507571741270056
2024-09-13,short,15.534156958931334
2024-09-16,short,15.516515995439667
2024-09-17,short,15.580115882436852
2024-09-19,short,15.473604980439953
2024-09-20,short,15.451894040863664
2024-09-23,short,15.492374955300448
2024-09-24,short,15.541189887540128
2024-09-25,short,15.46501360728279
2024-09-26,short,15.37234995592116
2024-09-27,short,15.30227463046819
2024-09-30,short,15.352350334379915
2024-10-01,short,15.103243260880816
2024-10-03,short,14.69553289947826
2024-10-04,short,15.133196159589014
2024-10-07,short,15.042141809844784
2024-10-08,short,15.785601287573419
2024-10-09,short,15.876129859405657
2024-10-10,short,15.723301241182375
2024-10-11,short,15.47329044117466
2024-10-17,short,15.204499570708151
2024-10-18,short,15.013304724384207
2024-10-21,short,14.978574534780742
2024-10-22,short,14.74879150648085
2024-10-23,short,14.689013996330752
2024-10-24,short,14.724810082768338
2024-10-25,short,14.231992944785512
2024-10-28,short,14.03420385441755
2024-10-29,short,14.09935532639698
2024-11-01,short,13.856296588110277
2024-11-04,short,14.142369485077552
2024-11-05,short,14.215659867514887
2024-11-06,short,15.268609189385225
2024-11-07,short,15.42722253661689
2024-11-08,short,15.523269646084458
2024-11-12,short,15.188111010504826
2024-11-14,short,15.2029597634694
2024-11-15,short,14.994241675096958
2024-11-18,short,15.181708668342651
2024-11-19,short,15.113651917969596
2024-11-20,short,15.00747014144226
2024-11-21,short,14.903509392822002
2024-11-22,short,14.842198335134858
2024-11-25,short,14.690133909279675
2024-11-26,short,14.71178828262446
2024-12-02,short,14.624511429445988
2024-12-03,short,14.481224150949856
2024-12-04,short,14.578423335683775
2024-12-05,short,14.389271589819751
2024-12-06,short,14.367486955352112
2024-12-09,short,14.27135243677848
2024-12-10,short,14.273080411911431
2024-12-12,short,14.207826233101324
2024-12-13,short,14.155883094700206
2024-12-16,short,14.183310872992612
2024-12-17,short,14.049019634260409
2024-12-18,short,13.993358800224788
2024-12-19,short,13.957365282489397
2024-12-20,short,13.983051365373854
2024-12-23,short,13.929583646120383
2024-12-26,short,13.957236346499675
2024-12-27,short,13.928173277553299
2024-12-30,short,13.931975744549845
2024-12-31,short,13.928227779274513
2025-01-02,short,13.946587256042525
2025-01-03,short,13.833968830846667
2025-01-06,short,13.87442793962856
2025-01-07,short,13.604616168811484
2025-01-08,short,13.767293102156145
2025-01-10,short,13.8085261040164
2025-01-13,short,13.874375127446342
2025-01-14,short,13.886920608504832
2025-01-15,short,13.781634157942676
2025-01-16,short,13.734396648851998
2025-01-17,short,13.713063780576968
2025-01-21,short,14.053585112807847
2025-01-22,short,14.558069953509724
2025-01-23,short,14.415586723293245
2025-01-24,short,14.409472803617385
2025-01-27,short,14.455580548306898
2025-01-28,short,14.353055752123623
2025-01-29,short,14.197032548690041
2025-01-30,short,14.177399127389643
2025-01-31,short,14.089962475291296
2025-02-03,short,14.106803578298127
2025-02-04,short,14.1725735147931
2025-02-05,short,13.80113124417636
2025-02-06,short,13.77932665206807
2025-02-07,short,13.73791867977449
2025-02-10,short,13.711773429476011
2025-02-11,short,13.537266363732954
2025-02-12,short,13.43517381235292
2025-02-13,short,13.48317377323381
2025-02-14,short,13.44632051334429
2025-02-18,short,13.604080150015307
2025-02-19,short,13.664362706865708
2025-02-20,short,13.678615345352702
2025-02-21,short,14.431301609357945
2025-02-24,short,14.375367648829524
2025-02-25,short,14.025441800100984
2025-02-26,short,13.977834101790089
2025-02-27,short,13.928845895722418
2025-02-28,short,13.549902739151719
2025-03-03,short,13.535071447061796
2025-03-04,short,13.593780018221878
2025-03-05,short,13.725706745905654
2025-03-06,short,13.546268264905791
2025-03-07,short,13.576011782648019
2025-03-10,short,13.530055048853589
2025-03-11,short,13.52284960585492
2025-03-12,short,13.540499329433885
2025-03-13,short,13.56273458592735
2025-03-14,short,13.539689000186172
2025-03-17,short,13.652540588900896
2025-03-18,short,13.569838806286876
2025-03-19,short,13.556006627976728
2025-03-20,short,13.360556848581476
2025-03-21,short,13.426285417343005
2025-03-24,short,13.430224747584873
2025-03-25,short,13.43005401475701
2025-03-26,short,13.41992417424107
2025-03-27,short,13.305570766098981
2025-03-28,short,13.17370465569214
2025-03-31,short,13.673004481158367
2025-04-01,short,13.443894039474761
2025-04-02,short,13.269071453148058
2025-04-03,short,13.42185292326955
2025-04-04,short,16.11508102645422
2025-04-07,short,16.083695011305508
2025-04-08,short,16.146518911998367
2025-04-09,short,17.33265795646061
2025-04-10,short,18.098241019217273
2025-04-11,short,18.8692733659049
2025-04-14,short,18.752484636968557
2025-04-15,short,18.743158480980792
2025-04-17,short,18.569848462939927
2025-04-21,short,18.41365240689758
2025-04-22,short,18.689228128658915
2025-04-23,short,18.791437660425753
2025-04-24,short,18.799763961209635
2025-04-25,short,18.755762855486978
2025-04-28,short,18.791653470914724
2025-04-29,short,18.800231248758127
2025-05-01,short,18.80812180350374
2025-05-02,short,18.67595459953368
2025-05-05,short,18.607660926039348
2025-05-06,short,18.625411631159768
2025-05-07,short,18.492854016228694
2025-05-08,short,18.715714950587806
2025-05-09,short,18.836596653864632
2025-05-12,short,18.909085243683137
2025-05-13,short,19.353306259324455
2025-05-15,short,18.890766167121853
2025-05-16,short,18.74528624329767
2025-05-19,short,18.654015022685144
2025-05-20,short,18.763399458998332
2025-05-21,short,18.821428509981796
2025-05-22,short,18.8331503231778
2025-05-23,short,18.80565440964141
2025-05-27,short,18.74145570842641
2025-05-29,short,18.702133573352143
2025-05-30,short,18.672729293487844
2025-06-02,short,18.858889612965726
2025-06-03,short,18.874259806292702
2025-06-04,short,18.77980237169889
2025-06-05,short,18.76137813341711
2025-06-06,short,18.74024823681508
2025-06-09,short,18.743683237748673
2025-06-10,short,18.84867207673987
2025-06-12,short,18.86680940338304
2025-06-13,short,18.267500709616808
2025-06-16,short,18.110451306526254
2025-06-17,short,16.79371077127819
2025-06-18,short,16.526201381137923
2025-06-20,short,16.523512647209504
2025-06-23,short,15.947920902656127
2025-06-24,short,15.268678426451308
2025-06-26,short,15.307404101420445
2025-06-27,short,15.185730701143683
2025-06-30,short,15.011107909685308
2025-07-01,short,14.742651114792446
2025-07-02,short,15.104447864907135
2025-07-03,short,15.198293438370436
2025-07-07,short,14.824306173020545
2025-07-08,short,14.831367335147888
2025-07-10,short,14.613132782284614
2025-07-11,short,14.519468586398622
2025-07-14,short,14.522640178463993
2025-07-15,short,14.516339275384041
2025-07-16,short,14.563438110379726
2025-07-17,short,14.539819881732475
2025-07-18,short,14.479821774022449
2025-07-21,short,14.470751117033236
2025-07-22,short,14.35244701101476
2025-07-24,short,14.337782001062388
2025-07-25,short,14.332364931407406
2025-07-28,short,14.304008821143327
2025-07-29,short,14.152627004214784
2025-07-30,short,14.144669503335384
2025-07-31,short,14.17890079400386
2025-08-01,short,14.168438359476056
2025-08-04,short,14.11424950946317
2025-08-05,short,14.148681347265173
2025-08-07,short,14.131587107464952
2025-08-08,short,14.014602121026163
2025-08-11,short,13.801635430970123
2025-08-12,short,13.736028711034749
2025-08-13,short,13.63398569169567
2025-08-14,short,13.583100738024768
2025-08-15,short,13.305712615989515
2025-08-18,short,13.523510424937248
2025-08-19,short,13.532160084594048
2025-08-21,short,13.411932067699714
2025-08-22,short,13.562332090874861
2025-08-25,short,13.482358031052778
2025-08-26,short,13.343669492369846
2025-08-27,short,13.306771200097993
2025-08-28,short,13.298853969802508
2025-08-29,short,13.079501079254726
2025-09-02,short,12.968759032896173
2025-09-04,short,13.19618649555567
2025-09-05,short,13.191525975005428
2025-09-08,short,12.991174250672296
2025-09-09,short,12.966083026982176
2025-09-10,short,12.811925014515111
2025-09-11,short,12.883291322564427
2025-09-12,short,12.85409839256414
2025-09-15,short,13.031848722770215
2025-09-16,short,13.005094013696104
2025-09-18,short,12.947259558266902
2025-09-19,short,12.834689255356523
2025-09-22,short,12.815248442442206
2025-09-23,short,12.776091241436083
2025-09-24,short,12.666349200406557
2025-09-25,short,12.530399295398999
2025-09-26,short,12.494382515916564
2025-09-29,short,12.44237190830298
2025-09-30,short,12.208308289687958
2025-10-02,short,12.516157244201395
2025-10-03,short,12.474365083278371
2025-10-06,short,12.433763922755796
2025-10-07,short,12.450637544969956
2025-10-08,short,12.47191119015497
2025-10-09,short,12.409101920426528
2025-10-10,short,12.584004203787117
2025-10-16,short,12.482318133318492
2025-10-17,short,12.683684646242492
2025-10-20,short,12.659672339245674
2025-10-21,short,12.573161000264577
2025-10-22,short,12.536883391433397
2025-10-23,short,12.583520971103175
2025-10-24,short,12.534876910359932
2025-10-27,short,12.552611144850971
2025-10-28,short,12.326055231783775
2025-10-30,short,12.27683479677294
2025-10-31,short,12.112914056154636
2025-11-03,short,12.041127653357156
2025-11-04,short,11.974417462344661
2025-11-05,short,12.181443160319683
2025-11-06,short,12.16473563102331
2025-11-07,short,12.160353302054281
2025-11-10,short,12.149884239336984
2025-11-14,short,12.635432815760794
2025-11-17,short,12.640112374008728
2025-11-18,short,12.5815287431141
2025-11-19,short,12.552902544945615
2025-11-20,short,12.63058893546821
2025-11-21,short,12.541916613414912
2025-11-24,short,12.55141875416255
2025-11-25,short,12.553871093014797
2025-12-01,short,12.397387162824183
2025-12-02,short,12.31016783967639
2025-12-03,short,12.280037128538462
2025-12-04,short,12.19978062280999
2025-12-05,short,12.128475169937587
2025-12-08,short,12.05543800299487
2025-12-09,short,12.130080387638126
2025-12-11,short,12.290589871843357
2025-12-12,short,12.429951096889662
2025-12-15,short,12.41529528730687
2025-12-16,short,12.427619320252347
2025-12-17,short,12.384374537389855
2025-12-18,short,12.440860702241062
2025-12-19,short,12.465003689693427
2025-12-22,short,12.27502273450608
2025-12-23,short,12.228135254088519
2021-08-10,medium,8.61796633513102e-06
2021-08-11,medium,7.73309647642972e-06
2021-08-12,medium,4.821117459946035e-06
2021-08-13,medium,4.546224900776599e-06
2021-08-16,medium,4.634085779832466e-06
2021-08-17,medium,5.321592091358464e-06
2021-08-18,medium,6.2935755361788395e-06
2021-08-19,medium,6.021840125206042e-06
2021-08-20,medium,8.817251856405572e-06
2021-08-23,medium,1.0251626930483134e-05
2021-08-24,medium,9.719770301596134e-06
2021-08-25,medium,9.29423742641613e-06
2021-08-26,medium,7.3822041025429296e-06
2021-08-27,medium,8.153555187410423e-06
2021-08-30,medium,7.4828647073156705e-06
2021-08-31,medium,7.675338996677509e-06
2021-09-01,medium,7.449243976634112e-06
2021-09-02,medium,7.55643212860473e-06
2021-09-03,medium,6.436198685099458e-06
2021-09-07,medium,6.1679363899954226e-06
2021-09-08,medium,5.63619004170864e-06
2021-09-09,medium,6.1946645499020725e-06
2021-09-10,medium,4.068055658556487e-06
2021-09-13,medium,4.039861198808952e-06
2021-09-14,medium,3.6261233878284327e-06
2021-09-15,medium,3.310624774269537e-06
2021-09-16,medium,3.6269306814013003e-06
2021-09-17,medium,3.509231983103405e-06
2021-09-20,medium,1.7889866457007604e-06
2021-09-21,medium,1.1205410148309802e-06
2021-09-22,medium,1.120088253367013e-06
2021-09-23,medium,1.8782667921666555e-06
2021-09-24,medium,1.2660801874595508e-06
2021-09-27,medium,1.029972198521083e-06
2021-09-28,medium,1.0291518307436094e-06
2021-09-29,medium,1.1258446057193351e-06
2021-09-30,medium,1.2578600688070437e-06
2021-10-01,medium,7.691700835132847e-07
2021-10-04,medium,9.67610003654071e-07
2021-10-05,medium,0.00010830572300482126
2021-10-06,medium,7.632532226382497e-06
2021-10-07,medium,9.78596124722995e-07
2021-10-08,medium,3.537575725176622e-07
2021-10-11,medium,3.41594026888284e-07
2021-10-12,medium,3.2148190223032907e-07
2021-10-13,medium,1.166140896413565e-06
2021-10-14,medium,9.85330145324159e-07
2021-10-15,medium,6.586603764608058e-07
2021-10-18,medium,8.17748555366967e-07
2021-10-19,medium,1.2668891456477763e-06
2021-10-20,medium,9.203873138932049e-07
2021-10-21,medium,7.721033990183218e-07
2021-10-22,medium,8.409022586936359e-07
2021-10-25,medium,1.4241350663717632e-06
2021-10-26,medium,1.1135049315765787e-06
2021-10-27,medium,1.4691393867785903e-06
2021-10-28,medium,1.5723042041420413e-06
2021-10-29,medium,1.3748434064751002e-06
2021-11-01,medium,2.0162537444023385e-06
2021-11-02,medium,1.7813792150334755e-06
2021-11-03,medium,2.420903637616594e-06
2021-11-04,medium,1.5572153937082893e-06
2021-11-05,medium,1.4754776954735736e-06
2021-11-08,medium,1.3384133989805612e-06
2021-11-09,medium,1.1471380281878072e-06
2021-11-10,medium,1.5494419072701555e-06
2021-11-12,medium,2.483563826617234e-06
2021-11-15,medium,9.960294184605008e-07
2021-11-18,medium,7.531796197757032e-07
2021-11-19,medium,1.5611057082257236e-06
2021-11-22,medium,1.097891949172083e-06
2021-11-23,medium,1.0504464252320833e-06
2021-11-24,medium,1.0775666098314568e-06
2021-11-29,medium,1.2219215234382779e-06
2021-11-30,medium,5.765936928014508e-07
2021-12-01,medium,9.731691820602125e-07
2021-12-02,medium,8.262308111123279e-07
2021-12-03,medium,7.833980922766247e-07
2021-12-06,medium,8.671709460066139e-07
2021-12-07,medium,1.4648392119418466e-06
2021-12-08,medium,1.644091198953781e-06
2021-12-09,medium,1.201069075983472e-06
2021-12-10,medium,8.526031812518703e-07
2021-12-13,medium,8.434344232555339e-07
2021-12-14,medium,6.316632196442325e-07
2021-12-15,medium,4.765102832205748e-07
2021-12-16,medium,4.820499623176468e-07
2021-12-17,medium,4.191314036530109e-07
2021-12-20,medium,7.17432648489583e-07
2021-12-21,medium,2.383174606068762e-07
2021-12-22,medium,3.2843189181696626e-07
2021-12-23,medium,3.7365863718939694e-07
2021-12-27,medium,4.497706579648564e-07
2021-12-28,medium,4.2214428362777293e-07
2021-12-29,medium,4.0074478393269287e-07
2021-12-30,medium,4.897829172216226e-07
2022-01-03,medium,3.779718186600268e-07
2022-01-04,medium,4.188319463661445e-07
2022-01-05,medium,4.1109327119496186e-07
2022-01-06,medium,4.928522704643224e-07
2022-01-07,medium,3.7651374363042635e-07
2022-01-10,medium,3.1913610692364114e-07
2022-01-11,medium,1.9452179573711462e-07
2022-01-12,medium,2.8589669413684374e-07
2022-01-13,medium,2.849516568745159e-07
2022-01-14,medium,1.857117396444392e-07
2022-01-18,medium,1.0829473178764047e-07
2022-01-19,medium,1.898478228017168e-07
2022-01-20,medium,8.275317723936505e-08
2022-01-21,medium,9.017094484655137e-08
2022-01-24,medium,8.825426634447148e-08
2022-01-25,medium,8.648432138613814e-08
2022-01-26,medium,8.97673483603353e-08
2022-01-27,medium,9.908275643109783e-08
2022-01-28,medium,1.2558637897813188e-07
2022-01-31,medium,5.319204071439992e-08
2022-02-01,medium,4.8236661535267335e-08
2022-02-02,medium,2.3363809577402635e-08
2022-02-03,medium,1.4978153087104616e-08
2022-02-04,medium,1.1784164335147272e-08
2022-02-07,medium,3.0447569315518596e-08
2022-02-09,medium,2.2841547127377972e-07
2022-02-10,medium,1.6256145576474063e-07
2022-02-11,medium,1.760845196911976e-07
2022-02-14,medium,1.4035509037661043e-07
2022-02-15,medium,1.0263220960105219e-07
2022-02-16,medium,9.316643017820439e-08
2022-02-17,medium,9.709809876066468e-08
2022-02-18,medium,1.2297626472032559e-07
2022-02-22,medium,8.715667102860798e-08
2022-02-23,medium,8.395836454798662e-08
2022-02-24,medium,6.550075422989437e-08
2022-02-25,medium,2.684948505965981e-07
2022-02-28,medium,1.4546779079161674e-06
2022-03-01,medium,2.85929953298946e-06
2022-03-02,medium,0.002772792678903251
2022-03-03,medium,2.7004445793005972e-06
2022-03-04,medium,1.3424264001259488e-06
2022-03-07,medium,1.1969565386260328e-06
2022-03-08,medium,1.4654619750767753e-06
2022-03-09,medium,3.826129024933752e-06
2022-03-10,medium,1.6976484141894535e-06
2022-03-11,medium,1.5979869071077744e-06
2022-03-14,medium,8.945346530413782e-07
2022-03-15,medium,1.657642833510976e-06
2022-03-16,medium,9.87226902527088e-06
2022-03-17,medium,1.8113533997311067e-06
2022-03-18,medium,1.4154757733409127e-06
2022-03-21,medium,1.3557541286640267e-06
2022-03-22,medium,7.175777333947161e-07
2022-04-06,medium,2.775894929702391e-06
2022-04-07,medium,9.251497838596322e-07
2022-04-08,medium,7.814040924934054e-07
2022-04-11,medium,7.132091160709275e-07
2022-04-12,medium,5.842820756945052e-07
2022-04-13,medium,5.031260657580847e-07
2022-04-14,medium,5.553134604556317e-07
2022-04-18,medium,7.792495434626846e-07
2022-04-19,medium,4.882491346814276e-07
2022-04-20,medium,6.865280700663824e-07
2022-04-21,medium,3.08445829447221e-07
2022-04-22,medium,3.4343620168169963e-07
2022-04-25,medium,4.0344743960502976e-07
2022-04-26,medium,1.3087504135517023e-07
2022-04-27,medium,1.2712488744661973e-07
2022-04-28,medium,1.1354968278920255e-07
2022-04-29,medium,1.1803633851884353e-07
2022-05-02,medium,1.0594606948112889e-07
2022-05-03,medium,2.6288347683336553e-07
2022-05-04,medium,2.9740095131468826e-07
2022-05-05,medium,2.796953075365235e-07
2022-05-06,medium,2.7772513111105513e-07
2022-05-09,medium,2.8491423195077757e-07
2022-05-10,medium,4.93684852964151e-07
2022-05-12,medium,2.9481068816130555e-07
2022-05-13,medium,4.920794937715322e-07
2022-05-16,medium,4.991152519192555e-07
2022-05-17,medium,6.497538824072216e-07
2022-05-18,medium,5.115633697815802e-07
2022-05-19,medium,3.850489352049091e-06
2022-05-20,medium,2.4699833333061576e-06
2022-05-23,medium,3.02911337841909e-06
2022-05-24,medium,2.4655105732991035e-06
2022-05-25,medium,2.487592240704483e-06
2022-05-26,medium,2.3814196484444715e-06
2022-05-27,medium,3.319984342744465e-06
2022-05-31,medium,2.554699715194255e-06
2022-06-01,medium,2.5218894818879855e-06
2022-06-02,medium,1.9606110938506267e-06
2022-06-03,medium,9.210877582438077e-07
2022-06-06,medium,6.681987055617555e-05
2022-06-07,medium,1.2469469931387366e-05
2022-06-08,medium,1.0759529503747153e-05
2022-06-09,medium,4.77440864823759e-06
2022-06-10,medium,1.3479485009392907e-07
2022-06-13,medium,1.232301909690518e-07
2022-06-14,medium,2.130919484859427e-06
2022-06-15,medium,1.2989741273451713e-06
2022-06-16,medium,1.0660693147419955e-06
2022-06-17,medium,6.314350670502917e-07
2022-06-21,medium,7.246927014713397e-07
2022-06-22,medium,6.272177543483262e-07
2022-06-23,medium,4.914918902204541e-07
2022-06-24,medium,4.054455283925049e-07
2022-06-27,medium,4.111131506626959e-07
2022-06-28,medium,5.470626518594478e-07
2022-06-29,medium,5.171610422481391e-07
2022-06-30,medium,5.45813240185814e-07
2022-07-01,medium,1.094791644830402e-06
2022-07-05,medium,5.3136693675281056e-06
2022-07-06,medium,2.924568035912117e-06
2022-07-07,medium,2.7013765647606815e-06
2022-07-08,medium,2.8406352126135002e-06
2022-07-11,medium,2.456736328823728e-06
2022-07-12,medium,2.229657662133476e-06
2022-07-13,medium,2.160173818131092e-06
2022-07-14,medium,2.2220933611651043e-06
2022-07-15,medium,4.561059931109732e-06
2022-07-18,medium,4.223957792296504e-06
2022-07-19,medium,4.2894169062055614e-06
2022-07-20,medium,5.852949026860902e-06
2022-07-21,medium,2.6379768342132037e-06
2022-07-22,medium,3.260581122126567e-06
2022-07-25,medium,3.3945806822291488e-06
2022-07-26,medium,3.075124782466844e-06
2022-07-27,medium,2.7398431323266445e-06
2022-07-28,medium,2.852582424707795e-06
2022-07-29,medium,2.868641906632168e-06
2022-08-01,medium,3.009380679844834e-06
2022-08-02,medium,2.9178595473701415e-06
2022-08-03,medium,2.964922118675722e-06
2022-08-04,medium,3.0240394538632685e-06
2022-08-05,medium,3.0624506877474323e-06
2022-08-08,medium,3.0841418800141405e-06
2022-08-09,medium,3.023449132464794e-06
2022-08-10,medium,2.9363420842275507e-06
2022-08-11,medium,2.949912440454051e-06
2022-08-12,medium,3.2576210099967132e-06
2022-08-15,medium,2.855171494841734e-06
2022-08-16,medium,2.734614770561636e-06
2022-08-17,medium,2.8090710702393976e-06
2022-08-18,medium,3.0055414413209685e-06
2022-08-19,medium,3.638236489933682e-06
2022-08-22,medium,4.126517262448221e-06
2022-08-23,medium,4.6684213393401605e-06
2022-08-24,medium,4.468323301743673e-06
2022-08-25,medium,4.767988386080798e-06
2022-08-26,medium,3.936364515161e-06
2022-08-29,medium,5.08932050139789e-06
2022-08-30,medium,7.036134470349852e-06
2022-08-31,medium,4.915595949609721e-06
2022-09-01,medium,4.19099588761106e-06
2022-09-02,medium,1.0678794997934064e-05
2022-09-06,medium,1.2099988115049153e-05
2022-09-07,medium,9.972197909770251e-06
2022-09-08,medium,8.942458219497146e-06
2022-09-09,medium,9.964734733770125e-06
2022-09-12,medium,8.067038240007182e-06
2022-09-13,medium,9.909745150864178e-06
2022-09-14,medium,7.426362213777411e-06
2022-09-15,medium,6.772170202904365e-06
2022-09-16,medium,7.174361746917468e-06
2022-09-19,medium,6.935071392776132e-06
2022-09-20,medium,7.350810157902036e-06
2022-09-21,medium,6.3298629334713555e-06
2022-09-22,medium,7.010467797138425e-06
2022-09-23,medium,6.6031812947588855e-06
2022-09-26,medium,7.100013159508788e-06
2022-09-27,medium,3.1595123275017047e-06
2022-09-28,medium,4.3686578184611504e-06
2022-09-29,medium,4.499429458186389e-06
2022-09-30,medium,4.532691179948678e-06
2022-10-03,medium,4.4844468950487994e-06
2022-10-04,medium,1.1777949781662122e-06
2022-10-05,medium,1.429827383279313e-06
2022-10-06,medium,1.7776818897234582e-06
2022-10-07,medium,1.5097265937489484e-06
2022-10-12,medium,1.9449984222933987e-06
2022-10-13,medium,2.2828442764652202e-06
2022-10-14,medium,2.138567622152224e-06
2022-10-17,medium,2.4203869842139194e-06
2022-10-18,medium,2.74227110101638e-06
2022-10-19,medium,3.0109647047956586e-06
2022-10-20,medium,2.664119057183778e-06
2022-10-21,medium,2.5912475281895845e-06
2022-10-24,medium,2.2307893082802604e-06
2022-10-25,medium,3.4322664221200137e-06
2022-10-26,medium,5.503306464278468e-06
2022-10-27,medium,5.158594156176141e-06
2022-10-28,medium,5.252946424350518e-06
2022-10-31,medium,4.824278402572192e-06
2022-11-01,medium,4.61910662145279e-06
2022-11-02,medium,4.41916180796876e-06
2022-11-03,medium,4.709407806059896e-06
2022-11-04,medium,1.5039244377255351e-05
2022-11-07,medium,1.0512011911921524e-05
2022-11-08,medium,8.619460807030239e-06
2022-11-09,medium,1.1188862301497854e-05
2022-11-10,medium,9.919485975663858e-06
2022-11-14,medium,3.2409754742479555e-06
2022-11-15,medium,3.2184091920475646e-06
2022-11-16,medium,3.5990796623209333e-06
2022-11-17,medium,3.097424586960326e-06
2022-11-18,medium,3.0633409491345285e-06
2022-11-21,medium,2.9435642115915877e-06
2022-11-22,medium,2.920839806176094e-06
2022-11-23,medium,2.9206726329028766e-06
2022-11-28,medium,2.5915036597523977e-06
2022-11-29,medium,2.048316380639213e-06
2022-11-30,medium,2.0580468226601265e-06
2022-12-01,medium,1.9081227352537143e-06
2022-12-02,medium,1.431655927085244e-06
2022-12-05,medium,3.007853039543867e-06
2022-12-06,medium,2.6477087082528875e-06
2022-12-07,medium,2.9463550709661475e-06
2022-12-08,medium,2.6077472363347253e-06
2022-12-09,medium,2.392631343050358e-06
2022-12-12,medium,3.0031662301580547e-06
2022-12-13,medium,5.696385324597453e-06
2022-12-14,medium,4.317850733025104e-06
2022-12-15,medium,4.5773728273380765e-06
2022-12-16,medium,4.741488859195509e-06
2022-12-19,medium,5.444091526775647e-06
2022-12-20,medium,5.93089311774865e-06
2022-12-21,medium,3.605289554975968e-06
2022-12-22,medium,4.370922175461929e-06
2022-12-27,medium,9.589251132867446e-06
2022-12-28,medium,4.754837041316486e-06
2022-12-29,medium,5.967068149981519e-06
2022-12-30,medium,6.602689964411181e-06
2023-01-03,medium,7.214897380868133e-06
2023-01-04,medium,7.0596979309461284e-06
2023-01-05,medium,5.848781430016328e-06
2023-01-06,medium,5.611239988781657e-06
2023-01-09,medium,4.962576034839305e-06
2023-01-10,medium,4.832974339557183e-06
2023-01-11,medium,4.825364666659101e-06
2023-01-12,medium,5.636415676758555e-06
2023-01-13,medium,6.305370289189362e-06
2023-01-17,medium,6.640094208718386e-06
2023-01-18,medium,6.430480864314237e-06
2023-01-19,medium,7.73350321904606e-06
2023-01-20,medium,7.448703102070763e-06
2023-01-23,medium,8.614955163840634e-06
2023-01-24,medium,7.309580620407058e-06
2023-01-25,medium,7.797243170837174e-06
2023-01-26,medium,8.095937639275992e-06
2023-01-27,medium,1.0120042087860545e-05
2023-01-30,medium,9.795089764851686e-05
2023-01-31,medium,2.891416064789931e-05
2023-02-01,medium,2.6461792913623435e-05
2023-02-02,medium,3.388356819563682e-05
2023-02-03,medium,1.6789718003167312e-05
2023-02-06,medium,2.0270099111594295e-05
2023-02-07,medium,1.6292289785248057e-05
2023-02-08,medium,1.8017082913587004e-05
2023-02-09,medium,1.7065315199271513e-05
2023-02-10,medium,1.589167278334268e-05
2023-02-13,medium,1.6599645313528713e-05
2023-02-14,medium,1.5478790328001665e-05
2023-02-15,medium,1.572927972464293e-05
2023-02-16,medium,2.084184988216613e-05
2023-02-17,medium,1.6622600087450428e-05
2023-02-21,medium,1.689287412750815e-05
2023-02-22,medium,1.1129163084689768e-05
2023-02-23,medium,5.842922813168544e-06
2023-02-24,medium,7.455339597992e-06
2023-02-27,medium,5.326915760835346e-06
2023-02-28,medium,6.457906621369237e-06
2023-03-01,medium,7.158275353181659e-06
2023-03-02,medium,7.343452154211151e-06
2023-03-03,medium,8.23168884039084e-06
2023-03-06,medium,8.624996359795996e-06
2023-03-07,medium,8.452595645684189e-06
2023-03-08,medium,8.989671760700688e-06
2023-03-09,medium,9.922145029841642e-06
2023-03-10,medium,1.0547610086264012e-05
2023-03-13,medium,1.047635988515831e-05
2023-03-14,medium,1.15518701719752e-05
2023-03-15,medium,1.3975464406696991e-05
2023-03-16,medium,1.6421712988558155e-05
2023-03-17,medium,1.5899766177816444e-05
2023-03-20,medium,1.493649244956685e-05
2023-03-21,medium,1.4299553164047587e-05
2023-03-22,medium,1.6358482474169176e-05
2023-03-23,medium,1.7540025589566942e-05
2023-03-24,medium,1.6720546881855013e-05
2023-03-27,medium,1.7907682536172332e-05
2023-03-28,medium,1.4335715305749961e-05
2023-03-29,medium,1.4267084987084047e-05
2023-03-30,medium,1.3799557402400191e-05
2023-03-31,medium,1.9908678968593293e-05
2023-04-03,medium,1.9888233417039027e-05
2023-04-04,medium,2.1082016821319473e-05
2023-04-05,medium,1.9500420297679116e-05
2023-04-06,medium,1.7140569215828455e-05
2023-04-10,medium,1.7295163643527727e-05
2023-04-11,medium,1.6350404997217214e-05
2023-04-12,medium,1.6115827367229098e-05
2023-04-13,medium,1.770757567163149e-05
2023-04-14,medium,1.7803660505594543e-05
2023-04-17,medium,1.4405262341316903e-05
2023-04-18,medium,1.3198415613706873e-05
2023-04-19,medium,1.2874312383509033e-05
2023-04-20,medium,1.4019149782782637e-05
2023-04-21,medium,1.4205178963915204e-05
2023-04-24,medium,1.3807239262271057e-05
2023-04-25,medium,1.2896274915648833e-05
2023-04-26,medium,2.2747345496953103e-05
2023-04-27,medium,1.2845599420206747e-05
2023-04-28,medium,1.2465432637319887e-05
2023-05-01,medium,7.317932244215618e-06
2023-05-02,medium,1.3365480731629265e-05
2023-05-03,medium,3.0262621667324843e-05
2023-05-04,medium,2.8065893448550627e-05
2023-05-05,medium,2.562177579293382e-05
2023-05-08,medium,3.7620015826570756e-05
2023-05-09,medium,4.680045050323246e-05
2023-05-11,medium,3.15686470930046e-05
2023-05-12,medium,2.340291379201173e-05
2023-05-15,medium,2.151027294166385e-05
2023-05-16,medium,1.4524113960182027e-05
2023-05-17,medium,1.3559114745018112e-05
2023-05-18,medium,9.446140665317502e-06
2023-05-19,medium,1.037303550143708e-05
2023-05-22,medium,9.794873846430896e-06
2023-05-23,medium,9.041317188639654e-06
2023-05-24,medium,1.1419302844967691e-05
2023-05-25,medium,3.7975303472878202e-06
2023-05-26,medium,6.434112675479867e-06
2023-05-30,medium,4.045297544821473e-06
2023-05-31,medium,1.4161673302352518e-05
2023-06-01,medium,1.1773722079400935e-05
2023-06-02,medium,1.2469813584054e-05
2023-06-05,medium,7.984237872973518e-06
2023-06-06,medium,7.9014928384491e-06
2023-06-07,medium,7.10070113651175e-06
2023-06-08,medium,5.717403427022016e-06
2023-06-09,medium,5.702365935999523e-06
2023-06-12,medium,1.1746387815089449e-05
2023-06-13,medium,6.377189273755133e-06
2023-06-14,medium,7.481900839119392e-06
2023-06-15,medium,8.949764029198823e-06
2023-06-16,medium,9.911037188216428e-06
2023-06-20,medium,9.71550055560846e-06
2023-06-21,medium,9.839766724329107e-06
2023-06-22,medium,1.0181377560809814e-05
2023-06-23,medium,1.0573236318080773e-05
2023-06-26,medium,1.0693491426468962e-05
2023-06-27,medium,1.1983628282117804e-05
2023-06-29,medium,9.880884053867931e-06
2023-06-30,medium,6.631413060468129e-06
2023-07-03,medium,5.954938662814073e-06
2023-07-05,medium,6.00818497736479e-06
2023-07-06,medium,6.287184593476568e-06
2023-07-07,medium,5.9787235508024215e-06
2023-07-10,medium,5.666012727294146e-06
2023-07-11,medium,5.4813834270008765e-06
2023-07-12,medium,5.3359281540549965e-06
2023-07-13,medium,5.453174479417858e-06
2023-07-14,medium,4.896949599180209e-06
2023-07-17,medium,4.608480029222846e-06
2023-07-18,medium,4.762794186883634e-06
2023-07-19,medium,4.655027871925655e-06
2023-07-20,medium,4.629365093260028e-06
2023-07-21,medium,4.572789451517543e-06
2023-07-24,medium,4.600619164832586e-06
2023-07-25,medium,4.4654131350442875e-06
2023-07-26,medium,4.472015743504932e-06
2023-07-27,medium,3.812022229613404e-06
2023-07-28,medium,3.3100626361919443e-06
2023-07-31,medium,3.327631135085946e-06
2023-08-01,medium,3.323675901836856e-06
2023-08-02,medium,3.241013205607938e-06
2023-08-03,medium,2.8968775349805984e-06
2023-08-04,medium,2.9138627283893968e-06
2023-08-07,medium,2.9327470313956202e-06
2023-08-08,medium,2.709159114076894e-06
2023-08-09,medium,2.57108430024533e-06
2023-08-10,medium,2.673198763586574e-06
2023-08-11,medium,2.053128984538621e-06
2023-08-14,medium,3.3766303753619036e-07
2023-08-15,medium,2.1520549934624244e-07
2023-08-16,medium,3.0741595059771314e-06
2023-08-17,medium,7.501816125027358e-07
2023-08-18,medium,7.978053946753099e-07
2023-08-21,medium,1.0091665954123533e-06
2023-08-23,medium,8.234013956512079e-07
2023-08-24,medium,8.433618915680534e-07
2023-08-25,medium,6.287244742988435e-07
2023-08-28,medium,8.17438085499212e-07
2023-08-29,medium,3.8589774875452945e-07
2023-08-30,medium,4.958679908861921e-07
2023-08-31,medium,4.805810074580459e-07
2023-09-01,medium,4.3791404527390106e-07
2023-09-05,medium,4.040866904944034e-07
2023-09-06,medium,2.3201869602272371e-07
2023-09-07,medium,1.545754769776365e-07
2023-09-08,medium,1.464388670604671e-07
2023-09-11,medium,1.3629731402931437e-07
2023-09-12,medium,1.3863714849936624e-07
2023-09-13,medium,2.2822371115822507e-07
2023-09-14,medium,1.5301860389663971e-07
2023-09-15,medium,1.4056042599769503e-07
2023-09-18,medium,1.3795567908950353e-07
2023-09-19,medium,9.195479765057212e-08
2023-09-20,medium,1.1427082189960203e-07
2023-09-21,medium,1.087055857296519e-07
2023-09-22,medium,8.574624792219688e-08
2023-09-25,medium,9.906592646271266e-08
2023-09-26,medium,9.996918361353715e-08
2023-09-27,medium,1.0618317498877054e-07
2023-09-28,medium,1.1253495715788399e-07
2023-09-29,medium,1.152322229137962e-07
2023-10-02,medium,1.2025868423045274e-07
2023-10-03,medium,1.5710827209001606e-07
2023-10-04,medium,2.85641461392264e-07
2023-10-05,medium,9.912543702525012e-07
2023-10-06,medium,4.3343925768822883e-07
2023-10-11,medium,3.0945938005823335e-07
2023-10-12,medium,3.880572829431241e-07
2023-10-13,medium,3.1342603875602576e-07
2023-10-16,medium,2.532917630447314e-07
2023-10-17,medium,2.663637135440351e-07
2023-10-18,medium,2.6349188750986746e-07
2023-10-19,medium,2.4340623782105433e-07
2023-10-20,medium,2.919021162815586e-07
2023-10-23,medium,3.9894597714626996e-07
2023-10-24,medium,2.5280615810915214e-07
2023-10-25,medium,2.691258493111994e-07
2023-10-26,medium,3.429644075610537e-07
2023-10-27,medium,4.098271797070265e-07
2023-10-30,medium,5.064044401819434e-07
2023-10-31,medium,3.9937822336788174e-07
2023-11-01,medium,4.0119847078572007e-07
2023-11-02,medium,2.1398473291157913e-07
2023-11-03,medium,3.029085869692224e-07
2023-11-06,medium,3.358151820993851e-07
2023-11-07,medium,5.59963442546058e-07
2023-11-08,medium,1.5674856037148522e-06
2023-11-09,medium,1.2518460852690046e-06
2023-11-13,medium,1.3442935009686566e-06
2023-11-14,medium,3.965644625581556e-06
2023-11-15,medium,3.1898396925601784e-06
2023-11-16,medium,2.415506404386885e-06
2023-11-17,medium,9.988889638438114e-07
2023-11-20,medium,1.0655133963154335e-06
2023-11-21,medium,1.0905383787759972e-06
2023-11-22,medium,9.55657924249012e-07
2023-11-27,medium,9.557158373986615e-07
2023-11-28,medium,6.478451008506786e-07
2023-11-29,medium,8.925996423900519e-07
2023-11-30,medium,8.791501262967382e-07
2023-12-01,medium,8.377878247110247e-07
2023-12-04,medium,8.322167858202974e-07
2023-12-05,medium,8.377837440355636e-07
2023-12-06,medium,7.968260351350125e-07
2023-12-07,medium,7.873146096611172e-07
2023-12-08,medium,1.0029899008052746e-06
2023-12-11,medium,9.139769864916278e-07
2023-12-12,medium,1.0408461185213546e-06
2023-12-13,medium,2.652214227176163e-07
2023-12-14,medium,3.00525951764372e-07
2023-12-15,medium,3.276235953758059e-07
2023-12-18,medium,3.5961640426768175e-07
2023-12-19,medium,4.6329546780299093e-07
2023-12-20,medium,5.482691726181197e-07
2023-12-21,medium,5.221342542796788e-07
2023-12-22,medium,5.313754878562153e-07
2023-12-27,medium,4.911371774911095e-07
2023-12-28,medium,4.5160955883601706e-07
2023-12-29,medium,3.4630833066898224e-07
2024-01-02,medium,3.287087543497936e-07
2024-01-03,medium,2.445033805849534e-07
2024-01-04,medium,2.459023315707653e-07
2024-01-05,medium,5.90739365847023e-07
2024-01-08,medium,1.2674085361418674e-06
2024-01-09,medium,8.673672109821005e-07
2024-01-10,medium,2.0004780224127374e-06
2024-01-11,medium,5.272441588854675e-07
2024-01-12,medium,1.4672638062254668e-05
2024-01-16,medium,1.20772986680649
2024-01-17,medium,0.00031681177223997267
2024-01-18,medium,0.000314619224592341
2024-01-19,medium,0.0003131088394133768
2024-01-22,medium,0.000299012279577959
2024-01-23,medium,0.00028674936280256077
2024-01-24,medium,0.0002960968217849266
2024-01-25,medium,0.00028277692985981696
2024-01-26,medium,0.0002911593354172016
2024-01-29,medium,0.00028810049058006676
2024-01-30,medium,0.00028943845768415803
2024-01-31,medium,0.00028116984621499603
2024-02-01,medium,0.0002806334081037404
2024-02-02,medium,0.00028984151302667804
2024-02-05,medium,0.0002911320785312542
2024-02-06,medium,0.0002799789965754508
2024-02-07,medium,0.0002768560685919612
2024-02-08,medium,0.00027481379709907213
2024-02-09,medium,0.00028571669989869986
2024-02-12,medium,0.0002666931987143258
2024-02-13,medium,0.0003033847529972592
2024-02-14,medium,0.0003175261773552549
2024-02-15,medium,0.00031197514524897857
2024-02-16,medium,0.0003079779963980677
2024-02-20,medium,0.0003075995159646956
2024-02-21,medium,0.0003077295948608761
2024-02-22,medium,0.0002954806467732882
2024-02-23,medium,0.000289647316896038
2024-02-26,medium,0.0003081653136894821
2024-02-27,medium,0.00030717802661896194
2024-02-28,medium,0.00030558527460508084
2024-02-29,medium,0.0002831326170370906
2024-03-01,medium,0.0003103553394325194
2024-03-04,medium,0.0003040213605995448
2024-03-05,medium,0.0003047600761448381
2024-03-07,medium,0.0003019677208563855
2024-03-08,medium,0.0002862347088898422
2024-03-11,medium,0.0002829500745248637
2024-03-12,medium,0.000285410128564884
2024-03-13,medium,0.0002622610267316713
2024-03-14,medium,0.0001928420846960639
2024-03-15,medium,0.00019680156307002512
2024-03-18,medium,0.0001775815598024515
2024-03-19,medium,0.00016948940339351704
2024-03-21,medium,0.00016752674034726484
2024-03-22,medium,0.0001685706259613192
2024-03-25,medium,0.0001656752928039227
2024-03-26,medium,0.00016575609764613234
2024-03-27,medium,0.00016010100950309726
2024-03-28,medium,0.00015687072299431322
2024-04-01,medium,0.00014618396096055387
2024-04-02,medium,0.00014731487105566822
2024-04-04,medium,0.00014900915366460117
2024-04-05,medium,0.0001642170500670595
2024-04-08,medium,0.00017748691146261285
2024-04-09,medium,0.0001486401224402104
2024-04-10,medium,0.00014793088110306505
2024-04-11,medium,0.00013348817526542332
2024-04-12,medium,9.896781961471609e-05
2024-04-15,medium,9.310690915841268e-05
2024-04-16,medium,9.201464874872944e-05
2024-04-19,medium,9.389191804427127e-05
2024-04-22,medium,8.945253488859767e-05
2024-04-23,medium,8.317459768043317e-05
2024-04-24,medium,8.679355741029913e-05
2024-04-25,medium,8.448490161824243e-05
2024-04-26,medium,8.64263012359297e-05
2024-04-29,medium,8.87523884737712e-05
2024-04-30,medium,7.920304369390871e-05
2024-05-02,medium,7.558330958150773e-05
2024-05-03,medium,7.143728936814108e-05
2024-05-06,medium,6.0735362116059415e-05
2024-05-07,medium,5.4324791482709434e-05
2024-05-08,medium,5.506197436802534e-05
2024-05-09,medium,5.549520986236283e-05
2024-05-10,medium,5.373747649592926e-05
2024-05-13,medium,5.54668792227799e-05
2024-05-14,medium,5.678782177516302e-05
2024-05-16,medium,6.711634880348365e-05
2024-05-17,medium,4.7185437071823906e-05
2024-05-20,medium,5.4510036237429166e-05
2024-05-21,medium,5.2084630343824214e-05
2024-05-22,medium,5.738103441348777e-05
2024-05-23,medium,9.191267316418035e-05
2024-05-24,medium,0.00031501997187511314
2024-05-28,medium,0.00033260299047624116
2024-05-30,medium,0.0008444733336262097
2024-05-31,medium,0.0003200909629342628
2024-06-03,medium,0.00043676692197155287
2024-06-04,medium,0.0003524354604016676
2024-06-05,medium,0.0003541305657103703
2024-06-06,medium,0.00032770333151924575
2024-06-07,medium,0.00039684583401560343
2024-06-10,medium,0.00022450284665568554
2024-06-11,medium,0.0002273649217690545
2024-06-13,medium,0.0002778103362717133
2024-06-14,medium,0.0002795256546581786
2024-06-17,medium,0.00025909529361378046
2024-06-18,medium,0.00023031697014455838
2024-06-20,medium,0.0002324665921037102
2024-06-21,medium,0.0002344819877398927
2024-06-24,medium,0.00023170404439672211
2024-06-25,medium,0.00026241882929889095
2024-06-27,medium,0.0002988720791228068
2024-06-28,medium,0.0003001436376639779
2024-07-01,medium,0.0002833448660599771
2024-07-02,medium,0.00028610431329833554
2024-07-03,medium,0.00027579301619383645
2024-07-05,medium,0.00021667253368930556
2024-07-08,medium,0.00021932937780455575
2024-07-09,medium,0.0002377924925331152
2024-07-11,medium,0.000257585571334894
2024-07-12,medium,0.00023464363047575308
2024-07-15,medium,0.0002424072167368914
2024-07-16,medium,0.00024155600690632022
2024-07-17,medium,0.00023912922830220018
2024-07-18,medium,0.00024099739813025872
2024-07-19,medium,0.00024161911263180012
2024-07-22,medium,0.00022477588460792486
2024-07-23,medium,0.00022749149811472622
2024-07-25,medium,0.00022902159462681387
2024-07-26,medium,0.00023310614466605774
2024-07-29,medium,0.00021560863205473632
2024-07-30,medium,0.00023717565723097207
2024-07-31,medium,0.00023889560901700415
2024-08-01,medium,0.00024493989364740635
2024-08-02,medium,0.0002476874089583894
2024-08-05,medium,0.0002500391287319482
2024-08-06,medium,0.00024905514397494376
2024-08-08,medium,0.0002500721307615596
2024-08-09,medium,0.00020467842351242112
2024-08-12,medium,0.00014000415478004734
2024-08-13,medium,0.00012901042277247427
2024-08-14,medium,0.00013095295648293925
2024-08-15,medium,0.00013943470111839513
2024-08-16,medium,0.00011682692753793416
2024-08-19,medium,0.00011195731056770006
2024-08-20,medium,0.0001113705398846976
2024-08-22,medium,0.0001091788705270861
2024-08-23,medium,0.00029575046660395773
2024-08-26,medium,0.0007667411320022816
2024-08-27,medium,0.0010396840375703435
2024-08-28,medium,0.0008305174200661328
2024-08-29,medium,0.0008344526029330168
2024-08-30,medium,0.0008141680239182281
2024-09-03,medium,0.0008025806326459947
2024-09-05,medium,0.0007761799226957229
2024-09-06,medium,0.0007763449435142229
2024-09-09,medium,0.0005432217225546657
2024-09-10,medium,0.0005059366472661572
2024-09-11,medium,0.0005502159879270486
2024-09-12,medium,0.0005071070209844442
2024-09-13,medium,0.0005032308603808782
2024-09-16,medium,0.0005057152698253443
2024-09-17,medium,0.0005152054582419778
2024-09-19,medium,0.0004683908180938361
2024-09-20,medium,0.00046845411759761316
2024-09-23,medium,0.00046778209616314676
2024-09-24,medium,0.0004842307211015636
2024-09-25,medium,0.00045341959609200506
2024-09-26,medium,0.000434677225648693
2024-09-27,medium,0.0003926282656704241
2024-09-30,medium,0.00044500647203908654
2024-10-01,medium,0.0004270883950333153
2024-10-03,medium,0.0004312562413894686
2024-10-04,medium,0.00044653685207840564
2024-10-07,medium,0.00039662487325533777
2024-10-08,medium,0.00043310086031897194
2024-10-09,medium,0.000482224334034518
2024-10-10,medium,0.0004771884405124361
2024-10-11,medium,0.000445528596917173
2024-10-17,medium,0.0004629753818047215
2024-10-18,medium,0.0003952339151483089
2024-10-21,medium,0.00036468758663050295
2024-10-22,medium,0.00034021329664496355
2024-10-23,medium,0.00033102779644806295
2024-10-24,medium,0.0003225055687079453
2024-10-25,medium,0.0003179853342263773
2024-10-28,medium,0.0003171432101182066
2024-10-29,medium,0.00028565062730806875
2024-11-01,medium,0.0001993300489341514
2024-11-04,medium,0.0002503098219530546
2024-11-05,medium,0.00019786268484083512
2024-11-06,medium,0.0001452583762113058
2024-11-07,medium,0.00016538421665786672
2024-11-08,medium,9.211402513116339e-05
2024-11-12,medium,0.0001492825747545715
2024-11-14,medium,9.226337113832676e-05
2024-11-15,medium,8.954528710835689e-05
2024-11-18,medium,0.00013374830964592394
2024-11-19,medium,0.00011098319208441316
2024-11-20,medium,0.00011165335149405837
2024-11-21,medium,0.00010652472427105773
2024-11-22,medium,0.0001400201968570639
2024-11-25,medium,0.000143244199858791
2024-11-26,medium,0.00012873531031279339
2024-12-02,medium,0.00015063520077395606
2024-12-03,medium,0.00011755843799929528
2024-12-04,medium,0.00011136677500694405
2024-12-05,medium,0.00010902617613407415
2024-12-06,medium,0.00012547001790978382
2024-12-09,medium,0.00012113488135622614
2024-12-10,medium,0.0001216717158421912
2024-12-12,medium,0.0001221519515433012
2024-12-13,medium,0.0001177592040515003
2024-12-16,medium,0.00010939808724178721
2024-12-17,medium,0.00010813022574122576
2024-12-18,medium,0.00010218535747053414
2024-12-19,medium,0.00011371235721976192
2024-12-20,medium,0.00012449211193564557
2024-12-23,medium,0.00011390457799859864
2024-12-26,medium,0.00011368425203340415
2024-12-27,medium,0.00011292065726480783
2024-12-30,medium,0.00011381534965125251
2024-12-31,medium,0.00011405195336978593
2025-01-02,medium,0.0001125562988926069
2025-01-03,medium,0.0001098473178227965
2025-01-06,medium,0.00010863132455106016
2025-01-07,medium,0.00010859252704730549
2025-01-08,medium,0.00010280517981634153
2025-01-10,medium,0.00010698411604840754
2025-01-13,medium,0.00011339038342271305
2025-01-14,medium,0.00011331685199743041
2025-01-15,medium,0.00011343286923265918
2025-01-16,medium,0.00011813125919729931
2025-01-17,medium,0.00048259093144786954
2025-01-21,medium,0.006964169814007638
2025-01-22,medium,0.0009568804187060938
2025-01-23,medium,0.0009092755249130923
2025-01-24,medium,0.000907172069927407
2025-01-27,medium,0.0008737991684086543
2025-01-28,medium,0.000844920830215648
2025-01-29,medium,0.0008239083759795768
2025-01-30,medium,0.0008268956891952897
2025-01-31,medium,0.000826469652205015
2025-02-03,medium,0.0004071194513411375
2025-02-04,medium,0.0006891261424762511
2025-02-05,medium,0.0003772249759014023
2025-02-06,medium,0.0003792681167902846
2025-02-07,medium,0.0004088795666992947
2025-02-10,medium,0.00045435206395584555
2025-02-11,medium,0.00039006130052457417
2025-02-12,medium,0.00036221249744795614
2025-02-13,medium,0.00029684709501959114
2025-02-14,medium,0.0002797540806601867
2025-02-18,medium,0.000251048891690547
2025-02-19,medium,0.00016051509144491722
2025-02-20,medium,0.00017963606845394908
2025-02-21,medium,0.00010554148798593254
2025-02-24,medium,8.482141353692071e-05
2025-02-25,medium,8.01950680776193e-05
2025-02-26,medium,7.863003330574978e-05
2025-02-27,medium,7.857895018893871e-05
2025-02-28,medium,7.473139646192554e-05
2025-03-03,medium,7.439556860019115e-05
2025-03-04,medium,6.696132312026565e-05
2025-03-05,medium,6.404019788112291e-05
2025-03-06,medium,6.571232099733048e-05
2025-03-07,medium,6.62012923446529e-05
2025-03-10,medium,6.124627326591883e-05
2025-03-11,medium,6.458344912093021e-05
2025-03-12,medium,6.26199613127462e-05
2025-03-13,medium,6.176715095329261e-05
2025-03-14,medium,6.338418557372653e-05
2025-03-17,medium,6.109471665703217e-05
2025-03-18,medium,6.133311161627303e-05
2025-03-19,medium,8.709579255777968e-05
2025-03-20,medium,5.6576415445389816e-05
2025-03-21,medium,6.08172223478082e-05
2025-03-24,medium,5.6310856797507306e-05
2025-03-25,medium,5.8583911965626135e-05
2025-03-26,medium,5.177599850982398e-05
2025-03-27,medium,2.7189460548061178e-05
2025-03-28,medium,1.7935006121068747e-05
2025-03-31,medium,2.8029376530849467e-05
2025-04-01,medium,1.2009512511086347e-05
2025-04-02,medium,7.741681357186339e-06
2025-04-03,medium,7.4827498564753184e-06
2025-04-04,medium,1.9677852093038243e-05
2025-04-07,medium,6.886406950479898e-06
2025-04-08,medium,7.840460867958338e-06
2025-04-09,medium,1.1422940439403306e-05
2025-04-10,medium,5.170842571314793e-05
2025-04-11,medium,0.0001449320366785875
2025-04-14,medium,6.744256133486488e-05
2025-04-15,medium,6.982259874293899e-05
2025-04-17,medium,6.728306537589292e-05
2025-04-21,medium,6.738430032950786e-05
2025-04-22,medium,8.175181880404812e-05
2025-04-23,medium,8.805938638685076e-05
2025-04-24,medium,9.529369409492685e-05
2025-04-25,medium,7.653885943079996e-05
2025-04-28,medium,9.004748860080501e-05
2025-04-29,medium,7.472947987468426e-05
2025-05-01,medium,7.008466469419883e-05
2025-05-02,medium,7.117171863197827e-05
2025-05-05,medium,7.559666724016901e-05
2025-05-06,medium,7.628387133252045e-05
2025-05-07,medium,6.590451478918038e-05
2025-05-08,medium,6.517791900385778e-05
2025-05-09,medium,5.4943754898592136e-05
2025-05-12,medium,5.262862199215297e-05
2025-05-13,medium,5.1425096653616524e-05
2025-05-15,medium,4.066049698567828e-05
2025-05-16,medium,3.775601090072613e-05
2025-05-19,medium,3.798171045805682e-05
2025-05-20,medium,3.537326255196386e-05
2025-05-21,medium,3.5879256965656415e-05
2025-05-22,medium,3.060946964880639e-05
2025-05-23,medium,3.057526183142343e-05
2025-05-27,medium,3.186439625800152e-05
2025-05-29,medium,3.355020707584576e-05
2025-05-30,medium,3.171855204885008e-05
2025-06-02,medium,3.3273040504148414e-05
2025-06-03,medium,3.675347292800116e-05
2025-06-04,medium,3.147255656808084e-05
2025-06-05,medium,3.18621882810447e-05
2025-06-06,medium,3.660695623133685e-05
2025-06-09,medium,6.434782194710738e-05
2025-06-10,medium,6.518411747225801e-05
2025-06-12,medium,7.479946109883822e-05
2025-06-13,medium,8.388862546035302e-05
2025-06-16,medium,0.00011545899219973755
2025-06-17,medium,7.311783913611166e-05
2025-06-18,medium,6.781358239881365e-05
2025-06-20,medium,7.948870558012163e-05
2025-06-23,medium,0.00010427515125190171
2025-06-24,medium,9.282201067540934e-05
2025-06-26,medium,9.319630790549904e-05
2025-06-27,medium,7.71373382237888e-05
2025-06-30,medium,9.086586632810949e-05
2025-07-01,medium,7.246822461301029e-05
2025-07-02,medium,8.627987030611123e-05
2025-07-03,medium,5.238203606043454e-05
2025-07-07,medium,4.523659303926856e-05
2025-07-08,medium,4.651154507434838e-05
2025-07-10,medium,4.534211425478121e-05
2025-07-11,medium,4.6235425153322026e-05
2025-07-14,medium,4.650871712375606e-05
2025-07-15,medium,4.727503515296924e-05
2025-07-16,medium,4.854183695922243e-05
2025-07-17,medium,3.61185780403534e-05
2025-07-18,medium,3.837369519119688e-05
2025-07-21,medium,3.7580524754600364e-05
2025-07-22,medium,3.7541349038858436e-05
2025-07-24,medium,4.282045612085026e-05
2025-07-25,medium,4.989858853033448e-05
2025-07-28,medium,4.821399087706611e-05
2025-07-29,medium,4.784357270564135e-05
2025-07-30,medium,4.682821175773153e-05
2025-07-31,medium,4.6884141662454174e-05
2025-08-01,medium,4.4013450658894635e-05
2025-08-04,medium,4.511982661023133e-05
2025-08-05,medium,4.769222638085976e-05
2025-08-07,medium,4.6728409675458566e-05
2025-08-08,medium,5.0007434400114916e-05
2025-08-11,medium,4.126969136644692e-05
2025-08-12,medium,3.7975061549388126e-05
2025-08-13,medium,3.6980199482173044e-05
2025-08-14,medium,3.903158509475297e-05
2025-08-15,medium,3.908873001587534e-05
2025-08-18,medium,4.079740667848649e-05
2025-08-19,medium,3.744236878915662e-05
2025-08-21,medium,3.6022835439048096e-05
2025-08-22,medium,2.860082887964534e-05
2025-08-25,medium,2.9458383314601795e-05
2025-08-26,medium,2.158833229561064e-05
2025-08-27,medium,1.8939728517943186e-05
2025-08-28,medium,1.9260089155222672e-05
2025-08-29,medium,2.127786128008902e-05
2025-09-02,medium,1.7327622252481426e-05
2025-09-04,medium,2.4545802261115735e-05
2025-09-05,medium,1.725884965179107e-05
2025-09-08,medium,1.7503855490171733e-05
2025-09-09,medium,1.6944027025029193e-05
2025-09-10,medium,1.71740051386043e-05
2025-09-11,medium,1.375987404390531e-05
2025-09-12,medium,1.391989060722376e-05
2025-09-15,medium,1.3666379902464333e-05
2025-09-16,medium,1.3415054913081743e-05
2025-09-18,medium,1.2465720202575449e-05
2025-09-19,medium,1.410484744058177e-05
2025-09-22,medium,1.3231489109801688e-05
2025-09-23,medium,1.3230540793726422e-05
2025-09-24,medium,1.440993637667261e-05
2025-09-25,medium,1.4737000385427475e-05
2025-09-26,medium,1.5065016869173707e-05
2025-09-29,medium,1.9600096452675686e-05
2025-09-30,medium,1.4460232421376228e-05
2025-10-02,medium,1.17494037483339e-05
2025-10-03,medium,1.2757875673740481e-05
2025-10-06,medium,1.3204568220767201e-05
2025-10-07,medium,1.263214922498548e-05
2025-10-08,medium,1.298752367193297e-05
2025-10-09,medium,1.3262742199608978e-05
2025-10-10,medium,1.391649217640121e-05
2025-10-16,medium,1.911083591333908e-05
2025-10-17,medium,2.7744927680230066e-05
2025-10-20,medium,3.4291316747328684e-05
2025-10-21,medium,1.912415427599906e-05
2025-10-22,medium,1.559135774175319e-05
2025-10-23,medium,1.643388749910671e-05
2025-10-24,medium,1.4586643424607436e-05
2025-10-27,medium,1.4336839675209061e-05
2025-10-28,medium,1.301273521675727e-05
2025-10-30,medium,9.446219771090316e-06
2025-10-31,medium,1.2281281087498783e-05
2025-11-03,medium,1.363588981547947e-05
2025-11-04,medium,1.3575177154492827e-05
2025-11-05,medium,1.4061237854888788e-05
2025-11-06,medium,1.0921947004100808e-05
2025-11-07,medium,1.0630424413107546e-05
2025-11-10,medium,1.03244463197758e-05
2025-11-14,medium,1.1397502922859073e-05
2025-11-17,medium,1.2314219189426655e-05
2025-11-18,medium,1.2704809988313488e-05
2025-11-19,medium,1.3399627617336465e-05
2025-11-20,medium,1.3031983740080387e-05
2025-11-21,medium,1.3346757327563287e-05
2025-11-24,medium,1.3354178230406346e-05
2025-11-25,medium,1.3567195551472173e-05
2025-12-01,medium,1.1496571710003327e-05
2025-12-02,medium,1.0016806817886107e-05
2025-12-03,medium,1.042608516766351e-05
2025-12-04,medium,9.566782966802588e-06
2025-12-05,medium,8.22033369205367e-06
2025-12-08,medium,8.277919263601391e-06
2025-12-09,medium,8.143856746351189e-06
2025-12-11,medium,7.639253816473872e-06
2025-12-12,medium,6.250350614100547e-06
2025-12-15,medium,5.953905892550252e-06
2025-12-16,medium,5.513983258992324e-06
2025-12-17,medium,7.69637686107163e-06
2025-12-18,medium,1.0468050842218646e-05
2025-12-19,medium,1.4000090635261259e-05
2025-12-22,medium,1.384855385784493e-05
2025-12-23,medium,1.41128502334949e-05
2021-08-10,long,0.0
2021-08-11,long,0.0
2021-08-12,long,0.0
2021-08-13,long,0.0
2021-08-16,long,0.0
2021-08-17,long,0.0
2021-08-18,long,0.0
2021-08-19,long,0.0
2021-08-20,long,0.0
2021-08-23,long,0.0
2021-08-24,long,0.0
2021-08-25,long,0.0
2021-08-26,long,0.0
2021-08-27,long,0.0
2021-08-30,long,0.0
2021-08-31,long,0.0
2021-09-01,long,0.0
2021-09-02,long,0.0
2021-09-03,long,0.0
2021-09-07,long,0.0
2021-09-08,long,0.0
2021-09-09,long,0.0
2021-09-10,long,0.0
2021-09-13,long,0.0
2021-09-14,long,0.0
2021-09-15,long,0.0
2021-09-16,long,0.0
2021-09-17,long,0.0
2021-09-20,long,0.0
2021-09-21,long,0.0
2021-09-22,long,0.0
2021-09-23,long,0.0
2021-09-24,long,0.0
2021-09-27,long,0.0
2021-09-28,long,0.0
2021-09-29,long,0.0
2021-09-30,long,0.0
2021-10-01,long,0.0
2021-10-04,long,0.0
2021-10-05,long,0.0
2021-10-06,long,0.0
2021-10-07,long,0.0
2021-10-08,long,0.0
2021-10-11,long,0.0
2021-10-12,long,0.0
2021-10-13,long,0.0
2021-10-14,long,0.0
2021-10-15,long,0.0
2021-10-18,long,0.0
2021-10-19,long,0.0
2021-10-20,long,0.0
2021-10-21,long,0.0
2021-10-22,long,0.0
2021-10-25,long,0.0
2021-10-26,long,0.0
2021-10-27,long,0.0
2021-10-28,long,0.0
2021-10-29,long,0.0
2021-11-01,long,0.0
2021-11-02,long,0.0
2021-11-03,long,0.0
2021-11-04,long,0.0
2021-11-05,long,0.0
2021-11-08,long,0.0
2021-11-09,long,0.0
2021-11-10,long,0.0
2021-11-12,long,0.0
2021-11-15,long,0.0
2021-11-18,long,0.0
2021-11-19,long,0.0
2021-11-22,long,0.0
2021-11-23,long,0.0
2021-11-24,long,0.0
2021-11-29,long,0.0
2021-11-30,long,0.0
2021-12-01,long,0.0
2021-12-02,long,0.0
2021-12-03,long,0.0
2021-12-06,long,0.0
2021-12-07,long,0.0
2021-12-08,long,0.0
2021-12-09,long,0.0
2021-12-10,long,0.0
2021-12-13,long,0.0
2021-12-14,long,0.0
2021-12-15,long,0.0
2021-12-16,long,0.0
2021-12-17,long,0.0
2021-12-20,long,0.0
2021-12-21,long,0.0
2021-12-22,long,0.0
2021-12-23,long,0.0
2021-12-27,long,0.0
2021-12-28,long,0.0
2021-12-29,long,0.0
2021-12-30,long,0.0
2022-01-03,long,0.0
2022-01-04,long,0.0
2022-01-05,long,0.0
2022-01-06,long,0.0
2022-01-07,long,0.0
2022-01-10,long,0.0
2022-01-11,long,0.0
2022-01-12,long,0.0
2022-01-13,long,0.0
2022-01-14,long,0.0
2022-01-18,long,0.0
2022-01-19,long,0.0
2022-01-20,long,0.0
2022-01-21,long,0.0
2022-01-24,long,0.0
2022-01-25,long,0.0
2022-01-26,long,0.0
2022-01-27,long,0.0
2022-01-28,long,0.0
2022-01-31,long,0.0
2022-02-01,long,0.0
2022-02-02,long,0.0
2022-02-03,long,0.0
2022-02-04,long,0.0
2022-02-07,long,0.0
2022-02-09,long,0.0
2022-02-10,long,0.0
2022-02-11,long,0.0
2022-02-14,long,0.0
2022-02-15,long,0.0
2022-02-16,long,0.0
2022-02-17,long,0.0
2022-02-18,long,0.0
2022-02-22,long,0.0
2022-02-23,long,0.0
2022-02-24,long,0.0
2022-02-25,long,0.0
2022-02-28,long,0.0
2022-03-01,long,0.0
2022-03-02,long,0.0
2022-03-03,long,0.0
2022-03-04,long,0.0
2022-03-07,long,0.0
2022-03-08,long,0.0
2022-03-09,long,0.0
2022-03-10,long,0.0
2022-03-11,long,0.0
2022-03-14,long,0.0
2022-03-15,long,0.0
2022-03-16,long,0.0
2022-03-17,long,0.0
2022-03-18,long,0.0
2022-03-21,long,0.0
2022-03-22,long,0.0
2022-04-06,long,0.0
2022-04-07,long,0.0
2022-04-08,long,0.0
2022-04-11,long,0.0
2022-04-12,long,0.0
2022-04-13,long,0.0
2022-04-14,long,0.0
2022-04-18,long,0.0
2022-04-19,long,0.0
2022-04-20,long,0.0
2022-04-21,long,0.0
2022-04-22,long,0.0
2022-04-25,long,0.0
2022-04-26,long,0.0
2022-04-27,long,0.0
2022-04-28,long,0.0
2022-04-29,long,0.0
2022-05-02,long,0.0
2022-05-03,long,0.0
2022-05-04,long,0.0
2022-05-05,long,0.0
2022-05-06,long,0.0
2022-05-09,long,0.0
2022-05-10,long,0.0
2022-05-12,long,0.0
2022-05-13,long,0.0
2022-05-16,long,0.0
2022-05-17,long,0.0
2022-05-18,long,0.0
2022-05-19,long,0.0
2022-05-20,long,0.0
2022-05-23,long,0.0
2022-05-24,long,0.0
2022-05-25,long,0.0
2022-05-26,long,0.0
2022-05-27,long,0.0
2022-05-31,long,0.0
2022-06-01,long,0.0
2022-06-02,long,0.0
2022-06-03,long,0.0
2022-06-06,long,0.0
2022-06-07,long,0.0
2022-06-08,long,0.0
2022-06-09,long,0.0
2022-06-10,long,0.0
2022-06-13,long,0.0
2022-06-14,long,0.0
2022-06-15,long,0.0
2022-06-16,long,0.0
2022-06-17,long,0.0
2022-06-21,long,0.0
2022-06-22,long,0.0
2022-06-23,long,0.0
2022-06-24,long,0.0
2022-06-27,long,0.0
2022-06-28,long,0.0
2022-06-29,long,0.0
2022-06-30,long,0.0
2022-07-01,long,0.0
2022-07-05,long,0.0
2022-07-06,long,0.0
2022-07-07,long,0.0
2022-07-08,long,0.0
2022-07-11,long,0.0
2022-07-12,long,0.0
2022-07-13,long,0.0
2022-07-14,long,0.0
2022-07-15,long,0.0
2022-07-18,long,0.0
2022-07-19,long,0.0
2022-07-20,long,0.0
2022-07-21,long,0.0
2022-07-22,long,0.0
2022-07-25,long,0.0
2022-07-26,long,0.0
2022-07-27,long,0.0
2022-07-28,long,0.0
2022-07-29,long,0.0
2022-08-01,long,0.0
2022-08-02,long,0.0
2022-08-03,long,0.0
2022-08-04,long,0.0
2022-08-05,long,0.0
2022-08-08,long,0.0
2022-08-09,long,0.0
2022-08-10,long,0.0
2022-08-11,long,0.0
2022-08-12,long,0.0
2022-08-15,long,0.0
2022-08-16,long,0.0
2022-08-17,long,0.0
2022-08-18,long,0.0
2022-08-19,long,0.0
2022-08-22,long,0.0
2022-08-23,long,0.0
2022-08-24,long,0.0
2022-08-25,long,0.0
2022-08-26,long,0.0
2022-08-29,long,0.0
2022-08-30,long,0.0
2022-08-31,long,0.0
2022-09-01,long,0.0
2022-09-02,long,0.0
2022-09-06,long,0.0
2022-09-07,long,0.0
2022-09-08,long,0.0
2022-09-09,long,0.0
2022-09-12,long,0.0
2022-09-13,long,0.0
2022-09-14,long,0.0
2022-09-15,long,0.0
2022-09-16,long,0.0
2022-09-19,long,0.0
2022-09-20,long,0.0
2022-09-21,long,0.0
2022-09-22,long,0.0
2022-09-23,long,0.0
2022-09-26,long,0.0
2022-09-27,long,0.0
2022-09-28,long,0.0
2022-09-29,long,0.0
2022-09-30,long,0.0
2022-10-03,long,0.0
2022-10-04,long,0.0
2022-10-05,long,0.0
2022-10-06,long,0.0
2022-10-07,long,0.0
2022-10-12,long,0.0
2022-10-13,long,0.0
2022-10-14,long,0.0
2022-10-17,long,0.0
2022-10-18,long,0.0
2022-10-19,long,0.0
2022-10-20,long,0.0
2022-10-21,long,0.0
2022-10-24,long,0.0
2022-10-25,long,0.0
2022-10-26,long,0.0
2022-10-27,long,0.0
2022-10-28,long,0.0
2022-10-31,long,0.0
2022-11-01,long,0.0
2022-11-02,long,0.0
2022-11-03,long,0.0
2022-11-04,long,0.0
2022-11-07,long,0.0
2022-11-08,long,0.0
2022-11-09,long,0.0
2022-11-10,long,0.0
2022-11-14,long,0.0
2022-11-15,long,0.0
2022-11-16,long,0.0
2022-11-17,long,0.0
2022-11-18,long,0.0
2022-11-21,long,0.0
2022-11-22,long,0.0
2022-11-23,long,0.0
2022-11-28,long,0.0
2022-11-29,long,0.0
2022-11-30,long,0.0
2022-12-01,long,0.0
2022-12-02,long,0.0
2022-12-05,long,0.0
2022-12-06,long,0.0
2022-12-07,long,0.0
2022-12-08,long,0.0
2022-12-09,long,0.0
2022-12-12,long,0.0
2022-12-13,long,0.0
2022-12-14,long,0.0
2022-12-15,long,0.0
2022-12-16,long,0.0
2022-12-19,long,0.0
2022-12-20,long,0.0
2022-12-21,long,0.0
2022-12-22,long,0.0
2022-12-27,long,0.0
2022-12-28,long,0.0
2022-12-29,long,0.0
2022-12-30,long,0.0
2023-01-03,long,0.0
2023-01-04,long,0.0
2023-01-05,long,0.0
2023-01-06,long,0.0
2023-01-09,long,0.0
2023-01-10,long,0.0
2023-01-11,long,0.0
2023-01-12,long,0.0
2023-01-13,long,0.0
2023-01-17,long,0.0
2023-01-18,long,0.0
2023-01-19,long,0.0
2023-01-20,long,0.0
2023-01-23,long,0.0
2023-01-24,long,0.0
2023-01-25,long,0.0
2023-01-26,long,0.0
2023-01-27,long,0.0
2023-01-30,long,0.0
2023-01-31,long,0.0
2023-02-01,long,0.0
2023-02-02,long,0.0
2023-02-03,long,0.0
2023-02-06,long,0.0
2023-02-07,long,0.0
2023-02-08,long,0.0
2023-02-09,long,0.0
2023-02-10,long,0.0
2023-02-13,long,0.0
2023-02-14,long,0.0
2023-02-15,long,0.0
2023-02-16,long,0.0
2023-02-17,long,0.0
2023-02-21,long,0.0
2023-02-22,long,0.0
2023-02-23,long,0.0
2023-02-24,long,0.0
2023-02-27,long,0.0
2023-02-28,long,0.0
2023-03-01,long,0.0
2023-03-02,long,0.0
2023-03-03,long,0.0
2023-03-06,long,0.0
2023-03-07,long,0.0
2023-03-08,long,0.0
2023-03-09,long,0.0
2023-03-10,long,0.0
2023-03-13,long,0.0
2023-03-14,long,0.0
2023-03-15,long,0.0
2023-03-16,long,0.0
2023-03-17,long,0.0
2023-03-20,long,0.0
2023-03-21,long,0.0
2023-03-22,long,0.0
2023-03-23,long,0.0
2023-03-24,long,0.0
2023-03-27,long,0.0
2023-03-28,long,0.0
2023-03-29,long,0.0
2023-03-30,long,0.0
2023-03-31,long,0.0
2023-04-03,long,0.0
2023-04-04,long,0.0
2023-04-05,long,0.0
2023-04-06,long,0.0
2023-04-10,long,0.0
2023-04-11,long,0.0
2023-04-12,long,0.0
2023-04-13,long,0.0
2023-04-14,long,0.0
2023-04-17,long,0.0
2023-04-18,long,0.0
2023-04-19,long,0.0
2023-04-20,long,0.0
2023-04-21,long,0.0
2023-04-24,long,0.0
2023-04-25,long,0.0
2023-04-26,long,0.0
2023-04-27,long,0.0
2023-04-28,long,0.0
2023-05-01,long,0.0
2023-05-02,long,0.0
2023-05-03,long,0.0
2023-05-04,long,0.0
2023-05-05,long,0.0
2023-05-08,long,0.0
2023-05-09,long,0.0
2023-05-11,long,0.0
2023-05-12,long,0.0
2023-05-15,long,0.0
2023-05-16,long,0.0
2023-05-17,long,0.0
2023-05-18,long,0.0
2023-05-19,long,0.0
2023-05-22,long,0.0
2023-05-23,long,0.0
2023-05-24,long,0.0
2023-05-25,long,0.0
2023-05-26,long,0.0
2023-05-30,long,0.0
2023-05-31,long,0.0
2023-06-01,long,0.0
2023-06-02,long,0.0
2023-06-05,long,0.0
2023-06-06,long,0.0
2023-06-07,long,0.0
2023-06-08,long,0.0
2023-06-09,long,0.0
2023-06-12,long,0.0
2023-06-13,long,0.0
2023-06-14,long,0.0
2023-06-15,long,0.0
2023-06-16,long,0.0
2023-06-20,long,0.0
2023-06-21,long,0.0
2023-06-22,long,0.0
2023-06-23,long,0.0
2023-06-26,long,0.0
2023-06-27,long,0.0
2023-06-29,long,0.0
2023-06-30,long,0.0
2023-07-03,long,0.0
2023-07-05,long,0.0
2023-07-06,long,0.0
2023-07-07,long,0.0
2023-07-10,long,0.0
2023-07-11,long,0.0
2023-07-12,long,0.0
2023-07-13,long,0.0
2023-07-14,long,0.0
2023-07-17,long,0.0
2023-07-18,long,0.0
2023-07-19,long,0.0
2023-07-20,long,0.0
2023-07-21,long,0.0
2023-07-24,long,0.0
2023-07-25,long,0.0
2023-07-26,long,0.0
2023-07-27,long,0.0
2023-07-28,long,0.0
2023-07-31,long,0.0
2023-08-01,long,0.0
2023-08-02,long,0.0
2023-08-03,long,0.0
2023-08-04,long,0.0
2023-08-07,long,0.0
2023-08-08,long,0.0
2023-08-09,long,0.0
2023-08-10,long,0.0
2023-08-11,long,0.0
2023-08-14,long,0.0
2023-08-15,long,0.0
2023-08-16,long,0.0
2023-08-17,long,0.0
2023-08-18,long,0.0
2023-08-21,long,0.0
2023-08-23,long,0.0
2023-08-24,long,0.0
2023-08-25,long,0.0
2023-08-28,long,0.0
2023-08-29,long,0.0
2023-08-30,long,0.0
2023-08-31,long,0.0
2023-09-01,long,0.0
2023-09-05,long,0.0
2023-09-06,long,0.0
2023-09-07,long,0.0
2023-09-08,long,0.0
2023-09-11,long,0.0
2023-09-12,long,0.0
2023-09-13,long,0.0
2023-09-14,long,0.0
2023-09-15,long,0.0
2023-09-18,long,0.0
2023-09-19,long,0.0
2023-09-20,long,0.0
2023-09-21,long,0.0
2023-09-22,long,0.0
2023-09-25,long,0.0
2023-09-26,long,0.0
2023-09-27,long,0.0
2023-09-28,long,0.0
2023-09-29,long,0.0
2023-10-02,long,0.0
2023-10-03,long,0.0
2023-10-04,long,0.0
2023-10-05,long,0.0
2023-10-06,long,0.0
2023-10-11,long,0.0
2023-10-12,long,0.0
2023-10-13,long,0.0
2023-10-16,long,0.0
2023-10-17,long,0.0
2023-10-18,long,0.0
2023-10-19,long,0.0
2023-10-20,long,0.0
2023-10-23,long,0.0
2023-10-24,long,0.0
2023-10-25,long,0.0
2023-10-26,long,0.0
2023-10-27,long,0.0
2023-10-30,long,0.0
2023-10-31,long,0.0
2023-11-01,long,0.0
2023-11-02,long,0.0
2023-11-03,long,0.0
2023-11-06,long,0.0
2023-11-07,long,0.0
2023-11-08,long,0.0
2023-11-09,long,0.0
2023-11-13,long,0.0
2023-11-14,long,0.0
2023-11-15,long,0.0
2023-11-16,long,0.0
2023-11-17,long,0.0
2023-11-20,long,0.0
2023-11-21,long,0.0
2023-11-22,long,0.0
2023-11-27,long,0.0
2023-11-28,long,0.0
2023-11-29,long,0.0
2023-11-30,long,0.0
2023-12-01,long,0.0
2023-12-04,long,0.0
2023-12-05,long,0.0
2023-12-06,long,0.0
2023-12-07,long,0.0
2023-12-08,long,0.0
2023-12-11,long,0.0
2023-12-12,long,0.0
2023-12-13,long,0.0
2023-12-14,long,0.0
2023-12-15,long,0.0
2023-12-18,long,0.0
2023-12-19,long,0.0
2023-12-20,long,0.0
2023-12-21,long,0.0
2023-12-22,long,0.0
2023-12-27,long,0.0
2023-12-28,long,0.0
2023-12-29,long,0.0
2024-01-02,long,0.0
2024-01-03,long,0.0
2024-01-04,long,0.0
2024-01-05,long,0.0
2024-01-08,long,0.0
2024-01-09,long,0.0
2024-01-10,long,0.0
2024-01-11,long,0.0
2024-01-12,long,0.0
2024-01-16,long,0.0
2024-01-17,long,0.0
2024-01-18,long,0.0
2024-01-19,long,0.0
2024-01-22,long,0.0
2024-01-23,long,0.0
2024-01-24,long,0.0
2024-01-25,long,0.0
2024-01-26,long,0.0
2024-01-29,long,0.0
2024-01-30,long,0.0
2024-01-31,long,0.0
2024-02-01,long,0.0
2024-02-02,long,0.0
2024-02-05,long,0.0
2024-02-06,long,0.0
2024-02-07,long,0.0
2024-02-08,long,0.0
2024-02-09,long,0.0
2024-02-12,long,0.0
2024-02-13,long,0.0
2024-02-14,long,0.0
2024-02-15,long,0.0
2024-02-16,long,0.0
2024-02-20,long,0.0
2024-02-21,long,0.0
2024-02-22,long,0.0
2024-02-23,long,0.0
2024-02-26,long,0.0
2024-02-27,long,0.0
2024-02-28,long,0.0
2024-02-29,long,0.0
2024-03-01,long,0.0
2024-03-04,long,0.0
2024-03-05,long,0.0
2024-03-07,long,0.0
2024-03-08,long,0.0
2024-03-11,long,0.0
2024-03-12,long,0.0
2024-03-13,long,0.0
2024-03-14,long,0.0
2024-03-15,long,0.0
2024-03-18,long,0.0
2024-03-19,long,0.0
2024-03-21,long,0.0
2024-03-22,long,0.0
2024-03-25,long,0.0
2024-03-26,long,0.0
2024-03-27,long,0.0
2024-03-28,long,0.0
2024-04-01,long,0.0
2024-04-02,long,0.0
2024-04-04,long,0.0
2024-04-05,long,0.0
2024-04-08,long,0.0
2024-04-09,long,0.0
2024-04-10,long,0.0
2024-04-11,long,0.0
2024-04-12,long,0.0
2024-04-15,long,0.0
2024-04-16,long,0.0
2024-04-19,long,0.0
2024-04-22,long,0.0
2024-04-23,long,0.0
2024-04-24,long,0.0
2024-04-25,long,0.0
2024-04-26,long,0.0
2024-04-29,long,0.0
2024-04-30,long,0.0
2024-05-02,long,0.0
2024-05-03,long,0.0
2024-05-06,long,0.0
2024-05-07,long,0.0
2024-05-08,long,0.0
2024-05-09,long,0.0
2024-05-10,long,0.0
2024-05-13,long,0.0
2024-05-14,long,0.0
2024-05-16,long,0.0
2024-05-17,long,0.0
2024-05-20,long,0.0
2024-05-21,long,0.0
2024-05-22,long,0.0
2024-05-23,long,0.0
2024-05-24,long,0.0
2024-05-28,long,0.0
2024-05-30,long,0.0
2024-05-31,long,0.0
2024-06-03,long,0.0
2024-06-04,long,0.0
2024-06-05,long,0.0
2024-06-06,long,0.0
2024-06-07,long,0.0
2024-06-10,long,0.0
2024-06-11,long,0.0
2024-06-13,long,0.0
2024-06-14,long,0.0
2024-06-17,long,0.0
2024-06-18,long,0.0
2024-06-20,long,0.0
2024-06-21,long,0.0
2024-06-24,long,0.0
2024-06-25,long,0.0
2024-06-27,long,0.0
2024-06-28,long,0.0
2024-07-01,long,0.0
2024-07-02,long,0.0
2024-07-03,long,0.0
2024-07-05,long,0.0
2024-07-08,long,0.0
2024-07-09,long,0.0
2024-07-11,long,0.0
2024-07-12,long,0.0
2024-07-15,long,0.0
2024-07-16,long,0.0
2024-07-17,long,0.0
2024-07-18,long,0.0
2024-07-19,long,0.0
2024-07-22,long,0.0
2024-07-23,long,0.0
2024-07-25,long,0.0
2024-07-26,long,0.0
2024-07-29,long,0.0
2024-07-30,long,0.0
2024-07-31,long,0.0
2024-08-01,long,0.0
2024-08-02,long,0.0
2024-08-05,long,0.0
2024-08-06,long,0.0
2024-08-08,long,0.0
2024-08-09,long,0.0
2024-08-12,long,0.0
2024-08-13,long,0.0
2024-08-14,long,0.0
2024-08-15,long,0.0
2024-08-16,long,0.0
2024-08-19,long,0.0
2024-08-20,long,0.0
2024-08-22,long,0.0
2024-08-23,long,0.0
2024-08-26,long,0.0
2024-08-27,long,0.0
2024-08-28,long,0.0
2024-08-29,long,0.0
2024-08-30,long,0.0
2024-09-03,long,0.0
2024-09-05,long,0.0
2024-09-06,long,0.0
2024-09-09,long,0.0
2024-09-10,long,0.0
2024-09-11,long,0.0
2024-09-12,long,0.0
2024-09-13,long,0.0
2024-09-16,long,0.0
2024-09-17,long,0.0
2024-09-19,long,0.0
2024-09-20,long,0.0
2024-09-23,long,0.0
2024-09-24,long,0.0
2024-09-25,long,0.0
2024-09-26,long,0.0
2024-09-27,long,0.0
2024-09-30,long,0.0
2024-10-01,long,0.0
2024-10-03,long,0.0
2024-10-04,long,0.0
2024-10-07,long,0.0
2024-10-08,long,0.0
2024-10-09,long,0.0
2024-10-10,long,0.0
2024-10-11,long,0.0
2024-10-17,long,0.0
2024-10-18,long,0.0
2024-10-21,long,0.0
2024-10-22,long,0.0
2024-10-23,long,0.0
2024-10-24,long,0.0
2024-10-25,long,0.0
2024-10-28,long,0.0
2024-10-29,long,0.0
2024-11-01,long,0.0
2024-11-04,long,0.0
2024-11-05,long,0.0
2024-11-06,long,0.0
2024-11-07,long,0.0
2024-11-08,long,0.0
2024-11-12,long,0.0
2024-11-14,long,0.0
2024-11-15,long,0.0
2024-11-18,long,0.0
2024-11-19,long,0.0
2024-11-20,long,0.0
2024-11-21,long,0.0
2024-11-22,long,0.0
2024-11-25,long,0.0
2024-11-26,long,0.0
2024-12-02,long,0.0
2024-12-03,long,0.0
2024-12-04,long,0.0
2024-12-05,long,0.0
2024-12-06,long,0.0
2024-12-09,long,0.0
2024-12-10,long,0.0
2024-12-12,long,0.0
2024-12-13,long,0.0
2024-12-16,long,0.0
2024-12-17,long,0.0
2024-12-18,long,0.0
2024-12-19,long,0.0
2024-12-20,long,0.0
2024-12-23,long,0.0
2024-12-26,long,0.0
2024-12-27,long,0.0
2024-12-30,long,0.0
2024-12-31,long,0.0
2025-01-02,long,0.0
2025-01-03,long,0.0
2025-01-06,long,0.0
2025-01-07,long,0.0
2025-01-08,long,0.0
2025-01-10,long,0.0
2025-01-13,long,0.0
2025-01-14,long,0.0
2025-01-15,long,0.0
2025-01-16,long,0.0
2025-01-17,long,0.0
2025-01-21,long,0.0
2025-01-22,long,0.0
2025-01-23,long,0.0
2025-01-24,long,0.0
2025-01-27,long,0.0
2025-01-28,long,0.0
2025-01-29,long,0.0
2025-01-30,long,0.0
2025-01-31,long,0.0
2025-02-03,long,0.0
2025-02-04,long,0.0
2025-02-05,long,0.0
2025-02-06,long,0.0
2025-02-07,long,0.0
2025-02-10,long,0.0
2025-02-11,long,0.0
2025-02-12,long,0.0
2025-02-13,long,0.0
2025-02-14,long,0.0
2025-02-18,long,0.0
2025-02-19,long,0.0
2025-02-20,long,0.0
2025-02-21,long,0.0
2025-02-24,long,0.0
2025-02-25,long,0.0
2025-02-26,long,0.0
2025-02-27,long,0.0
2025-02-28,long,0.0
2025-03-03,long,0.0
2025-03-04,long,0.0
2025-03-05,long,0.0
2025-03-06,long,0.0
2025-03-07,long,0.0
2025-03-10,long,0.0
2025-03-11,long,0.0
2025-03-12,long,0.0
2025-03-13,long,0.0
2025-03-14,long,0.0
2025-03-17,long,0.0
2025-03-18,long,0.0
2025-03-19,long,0.0
2025-03-20,long,0.0
2025-03-21,long,0.0
2025-03-24,long,0.0
2025-03-25,long,0.0
2025-03-26,long,0.0
2025-03-27,long,0.0
2025-03-28,long,0.0
2025-03-31,long,0.0
2025-04-01,long,0.0
2025-04-02,long,0.0
2025-04-03,long,0.0
2025-04-04,long,0.0
2025-04-07,long,0.0
2025-04-08,long,0.0
2025-04-09,long,0.0
2025-04-10,long,0.0
2025-04-11,long,0.0
2025-04-14,long,0.0
2025-04-15,long,0.0
2025-04-17,long,0.0
2025-04-21,long,0.0
2025-04-22,long,0.0
2025-04-23,long,0.0
2025-04-24,long,0.0
2025-04-25,long,0.0
2025-04-28,long,0.0
2025-04-29,long,0.0
2025-05-01,long,0.0
2025-05-02,long,0.0
2025-05-05,long,0.0
2025-05-06,long,0.0
2025-05-07,long,0.0
2025-05-08,long,0.0
2025-05-09,long,0.0
2025-05-12,long,0.0
2025-05-13,long,0.0
2025-05-15,long,0.0
2025-05-16,long,0.0
2025-05-19,long,0.0
2025-05-20,long,0.0
2025-05-21,long,0.0
2025-05-22,long,0.0
2025-05-23,long,0.0
2025-05-27,long,0.0
2025-05-29,long,0.0
2025-05-30,long,0.0
2025-06-02,long,0.0
2025-06-03,long,0.0
2025-06-04,long,0.0
2025-06-05,long,0.0
2025-06-06,long,0.0
2025-06-09,long,0.0
2025-06-10,long,0.0
2025-06-12,long,0.0
2025-06-13,long,0.0
2025-06-16,long,0.0
2025-06-17,long,0.0
2025-06-18,long,0.0
2025-06-20,long,0.0
2025-06-23,long,0.0
2025-06-24,long,0.0
2025-06-26,long,0.0
2025-06-27,long,0.0
2025-06-30,long,0.0
2025-07-01,long,0.0
2025-07-02,long,0.0
2025-07-03,long,0.0
2025-07-07,long,0.0
2025-07-08,long,0.0
2025-07-10,long,0.0
2025-07-11,long,0.0
2025-07-14,long,0.0
2025-07-15,long,0.0
2025-07-16,long,0.0
2025-07-17,long,0.0
2025-07-18,long,0.0
2025-07-21,long,0.0
2025-07-22,long,0.0
2025-07-24,long,0.0
2025-07-25,long,0.0
2025-07-28,long,0.0
2025-07-29,long,0.0
2025-07-30,long,0.0
2025-07-31,long,0.0
2025-08-01,long,0.0
2025-08-04,long,0.0
2025-08-05,long,0.0
2025-08-07,long,0.0
2025-08-08,long,0.0
2025-08-11,long,0.0
2025-08-12,long,0.0
2025-08-13,long,0.0
2025-08-14,long,0.0
2025-08-15,long,0.0
2025-08-18,long,0.0
2025-08-19,long,0.0
2025-08-21,long,0.0
2025-08-22,long,0.0
2025-08-25,long,0.0
2025-08-26,long,0.0
2025-08-27,long,0.0
2025-08-28,long,0.0
2025-08-29,long,0.0
2025-09-02,long,0.0
2025-09-04,long,0.0
2025-09-05,long,0.0
2025-09-08,long,0.0
2025-09-09,long,0.0
2025-09-10,long,0.0
2025-09-11,long,0.0
2025-09-12,long,0.0
2025-09-15,long,0.0
2025-09-16,long,0.0
2025-09-18,long,0.0
2025-09-19,long,0.0
2025-09-22,long,0.0
2025-09-23,long,0.0
2025-09-24,long,0.0
2025-09-25,long,0.0
2025-09-26,long,0.0
2025-09-29,long,0.0
2025-09-30,long,0.0
2025-10-02,long,0.0
2025-10-03,long,0.0
2025-10-06,long,0.0
2025-10-07,long,0.0
2025-10-08,long,0.0
2025-10-09,long,0.0
2025-10-10,long,0.0
2025-10-16,long,0.0
2025-10-17,long,0.0
2025-10-20,long,0.0
2025-10-21,long,0.0
2025-10-22,long,0.0
2025-10-23,long,0.0
2025-10-24,long,0.0
2025-10-27,long,0.0
2025-10-28,long,0.0
2025-10-30,long,0.0
2025-10-31,long,0.0
2025-11-03,long,0.0
2025-11-04,long,0.0
2025-11-05,long,0.0
2025-11-06,long,0.0
2025-11-07,long,0.0
2025-11-10,long,0.0
2025-11-14,long,0.0
2025-11-17,long,0.0
2025-11-18,long,0.0
2025-11-19,long,0.0
2025-11-20,long,0.0
2025-11-21,long,0.0
2025-11-24,long,0.0
2025-11-25,long,0.0
2025-12-01,long,0.0
2025-12-02,long,0.0
2025-12-03,long,0.0
2025-12-04,long,0.0
2025-12-05,long,0.0
2025-12-08,long,0.0
2025-12-09,long,0.0
2025-12-11,long,0.0
2025-12-12,long,0.0
2025-12-15,long,0.0
2025-12-16,long,0.0
2025-12-17,long,0.0
2025-12-18,long,0.0
2025-12-19,long,0.0
2025-12-22,long,0.0
2025-12-23,long,0.0
