date,TCI,TCI_lead1,HSS_t1_q75,split_flag
2021-08-09,23.732886939380823,23.636191306242736,1,train
2021-08-10,23.636191306242736,23.473666114620087,1,train
2021-08-11,23.473666114620087,23.469830552444822,1,train
2021-08-12,23.469830552444822,23.27744836290173,1,train
2021-08-13,23.27744836290173,23.17494857104633,1,train
2021-08-16,23.17494857104633,23.096489374530226,1,train
2021-08-17,23.096489374530226,23.09300224428556,1,train
2021-08-18,23.09300224428556,23.032423188318493,1,train
2021-08-19,23.032423188318493,23.102462380045864,1,train
2021-08-20,23.102462380045864,23.13994306313063,1,train
2021-08-23,23.13994306313063,23.1342874560294,1,train
2021-08-24,23.1342874560294,23.113679960194947,1,train
2021-08-25,23.113679960194947,23.06639032167913,1,train
2021-08-26,23.06639032167913,23.06051062600609,1,train
2021-08-27,23.06051062600609,22.958945304489816,1,train
2021-08-30,22.958945304489816,22.91372205114689,1,train
2021-08-31,22.91372205114689,22.90206536073658,1,train
2021-09-01,22.90206536073658,22.913653864197197,1,train
2021-09-02,22.913653864197197,22.86309274693156,1,train
2021-09-03,22.86309274693156,22.673390884502428,1,train
2021-09-07,22.673390884502428,22.634623292627182,1,train
2021-09-08,22.634623292627182,22.576095175590968,1,train
2021-09-09,22.576095175590968,22.461277533950256,1,train
2021-09-10,22.461277533950256,22.38794471306388,1,train
2021-09-13,22.38794471306388,22.351837099784465,1,train
2021-09-14,22.351837099784465,22.38230324955953,1,train
2021-09-15,22.38230324955953,22.333547087375752,1,train
2021-09-16,22.333547087375752,22.256135672857035,1,train
2021-09-17,22.256135672857035,22.244045581008333,1,train
2021-09-20,22.244045581008333,22.1960564829907,1,train
2021-09-21,22.1960564829907,22.161122424796208,1,train
2021-09-22,22.161122424796208,22.09818793210712,1,train
2021-09-23,22.09818793210712,21.9653627763763,1,train
2021-09-24,21.9653627763763,22.239123318073727,1,train
2021-09-27,22.239123318073727,22.233508510639087,1,train
2021-09-28,22.233508510639087,21.770056019395646,1,train
2021-09-29,21.770056019395646,21.219303349424656,1,train
2021-09-30,21.219303349424656,21.12513943709793,1,train
2021-10-01,21.12513943709793,21.26742372986015,1,train
2021-10-04,21.26742372986015,21.51457255026642,1,train
2021-10-05,21.51457255026642,21.895889383780208,1,train
2021-10-06,21.895889383780208,21.96070888765842,1,train
2021-10-07,21.96070888765842,21.33503107080109,1,train
2021-10-08,21.33503107080109,21.048328709173006,1,train
2021-10-11,21.048328709173006,21.116889173305,1,train
2021-10-12,21.116889173305,21.09917013612317,1,train
2021-10-13,21.09917013612317,21.00101631797829,1,train
2021-10-14,21.00101631797829,20.763210722727813,1,train
2021-10-15,20.763210722727813,20.69231850006877,1,train
2021-10-18,20.69231850006877,20.739659126071388,1,train
2021-10-19,20.739659126071388,20.651784263905917,1,train
2021-10-20,20.651784263905917,20.632114201382453,1,train
2021-10-21,20.632114201382453,20.589820158990246,1,train
2021-10-22,20.589820158990246,20.41997376677592,1,train
2021-10-25,20.41997376677592,20.374145952301767,1,train
2021-10-26,20.374145952301767,20.36837195923081,1,train
2021-10-27,20.36837195923081,20.43872053593908,1,train
2021-10-28,20.43872053593908,20.240181915642943,1,train
2021-10-29,20.240181915642943,21.255701255932635,1,train
2021-11-01,21.255701255932635,20.815493271575804,1,train
2021-11-02,20.815493271575804,20.659160390308216,1,train
2021-11-03,20.659160390308216,19.879667596334997,1,train
2021-11-04,19.879667596334997,19.885795290187943,1,train
2021-11-05,19.885795290187943,19.80612003712445,1,train
2021-11-08,19.80612003712445,19.7305080546217,1,train
2021-11-09,19.7305080546217,19.81411285441409,1,train
2021-11-10,19.81411285441409,19.91863128468275,1,train
2021-11-12,19.91863128468275,19.902837169057364,1,train
2021-11-15,19.902837169057364,19.8898795587778,1,train
2021-11-18,19.8898795587778,19.8285561920278,1,train
2021-11-19,19.8285561920278,19.706303047115004,1,train
2021-11-22,19.706303047115004,19.71107000891642,1,train
2021-11-23,19.71107000891642,19.65086426115391,1,train
2021-11-24,19.65086426115391,19.732155440616594,1,train
2021-11-29,19.732155440616594,19.66282438315773,1,train
2021-11-30,19.66282438315773,19.71684869535192,1,train
2021-12-01,19.71684869535192,19.62637645746382,1,train
2021-12-02,19.62637645746382,19.4370918206764,1,train
2021-12-03,19.4370918206764,19.358283368094856,1,train
2021-12-06,19.358283368094856,19.20447117048448,1,train
2021-12-07,19.20447117048448,19.23607839195265,1,train
2021-12-08,19.23607839195265,19.301511845866607,1,train
2021-12-09,19.301511845866607,19.286009942640625,1,train
2021-12-10,19.286009942640625,19.234396712440105,1,train
2021-12-13,19.234396712440105,19.241433424285383,1,train
2021-12-14,19.241433424285383,19.22293927111212,1,train
2021-12-15,19.22293927111212,19.177698911284317,1,train
2021-12-16,19.177698911284317,19.176490019842326,1,train
2021-12-17,19.176490019842326,19.052825772193135,1,train
2021-12-20,19.052825772193135,19.032971425122422,1,train
2021-12-21,19.032971425122422,19.07513002976328,1,train
2021-12-22,19.07513002976328,18.908958646211936,1,train
2021-12-23,18.908958646211936,18.79885111856973,0,train
2021-12-27,18.79885111856973,18.798168162145057,0,train
2021-12-28,18.798168162145057,18.776540277516126,0,train
2021-12-29,18.776540277516126,18.66673194090378,0,train
2021-12-30,18.66673194090378,18.701618027689012,0,train
2022-01-03,18.701618027689012,18.78868456369081,0,train
2022-01-04,18.78868456369081,18.91239188342144,1,train
2022-01-05,18.91239188342144,18.985318503989525,1,train
2022-01-06,18.985318503989525,18.986756731115616,1,train
2022-01-07,18.986756731115616,18.835183618854515,0,train
2022-01-10,18.835183618854515,18.85657329756688,1,train
2022-01-11,18.85657329756688,18.85374670171216,1,train
2022-01-12,18.85374670171216,18.817937116368025,0,train
2022-01-13,18.817937116368025,18.79857278098724,0,train
2022-01-14,18.79857278098724,18.82998767194145,0,train
2022-01-18,18.82998767194145,18.82086416311021,0,train
2022-01-19,18.82086416311021,18.82853839020973,0,train
2022-01-20,18.82853839020973,18.88472722387052,1,train
2022-01-21,18.88472722387052,18.848349281559905,1,train
2022-01-24,18.848349281559905,18.832413025855978,0,train
2022-01-25,18.832413025855978,18.81951286570548,0,train
2022-01-26,18.81951286570548,18.81138887514813,0,train
2022-01-27,18.81138887514813,18.73126118579348,0,train
2022-01-28,18.73126118579348,18.86658656074527,1,train
2022-01-31,18.86658656074527,18.86271770226481,1,train
2022-02-01,18.86271770226481,18.86544510246429,1,train
2022-02-02,18.86544510246429,18.957083851020418,1,train
2022-02-03,18.957083851020418,18.888311682765348,1,train
2022-02-04,18.888311682765348,18.85851971968391,1,train
2022-02-07,18.85851971968391,18.818482618870945,0,train
2022-02-09,18.818482618870945,18.81194927612709,0,train
2022-02-10,18.81194927612709,18.86788705629826,1,train
2022-02-11,18.86788705629826,18.82969642123709,0,train
2022-02-14,18.82969642123709,18.93132208024276,1,train
2022-02-15,18.93132208024276,18.78258153887087,0,train
2022-02-16,18.78258153887087,18.81359383586784,0,train
2022-02-17,18.81359383586784,18.64659384960583,0,train
2022-02-18,18.64659384960583,18.626860127817977,0,train
2022-02-22,18.626860127817977,18.618710687310035,0,train
2022-02-23,18.618710687310035,18.74240324114943,0,train
2022-02-24,18.74240324114943,18.66450867146217,0,train
2022-02-25,18.66450867146217,18.747950399422106,0,train
2022-02-28,18.747950399422106,19.10960655873962,1,train
2022-03-01,19.10960655873962,20.52600570413777,1,train
2022-03-02,20.52600570413777,20.325481176696933,1,train
2022-03-03,20.325481176696933,20.6574038303393,1,train
2022-03-04,20.6574038303393,20.415236615705425,1,train
2022-03-07,20.415236615705425,20.60370440751217,1,train
2022-03-08,20.60370440751217,20.367655720797508,1,train
2022-03-09,20.367655720797508,20.40078953102878,1,train
2022-03-10,20.40078953102878,20.35662167176448,1,train
2022-03-11,20.35662167176448,20.633195424349108,1,train
2022-03-14,20.633195424349108,20.717946003342394,1,train
2022-03-15,20.717946003342394,20.77798033309553,1,train
2022-03-16,20.77798033309553,20.49379648525468,1,train
2022-03-17,20.49379648525468,20.39287483347105,1,train
2022-03-18,20.39287483347105,20.296865646461683,1,train
2022-03-21,20.296865646461683,20.25830439537272,1,train
2022-03-22,20.25830439537272,20.537754210053937,1,train
2022-04-06,20.537754210053937,20.47996280560572,1,train
2022-04-07,20.47996280560572,20.544231460831558,1,train
2022-04-08,20.544231460831558,20.50089032085001,1,train
2022-04-11,20.50089032085001,20.55338645392101,1,train
2022-04-12,20.55338645392101,20.500061493454528,1,train
2022-04-13,20.500061493454528,20.472420526036853,1,train
2022-04-14,20.472420526036853,20.456189362924512,1,train
2022-04-18,20.456189362924512,20.34300627023661,1,train
2022-04-19,20.34300627023661,20.175224545050195,1,train
2022-04-20,20.175224545050195,20.31366678683188,1,train
2022-04-21,20.31366678683188,20.272154507866983,1,train
2022-04-22,20.272154507866983,20.28190966541731,1,train
2022-04-25,20.28190966541731,20.20721195969736,1,train
2022-04-26,20.20721195969736,20.141795573926835,1,train
2022-04-27,20.141795573926835,20.134740476182632,1,train
2022-04-28,20.134740476182632,20.11769898366239,1,train
2022-04-29,20.11769898366239,20.00207469301062,1,train
2022-05-02,20.00207469301062,19.9278536750696,1,train
2022-05-03,19.9278536750696,20.00005842535142,1,train
2022-05-04,20.00005842535142,20.012830799198987,1,train
2022-05-05,20.012830799198987,19.96079894508854,1,train
2022-05-06,19.96079894508854,20.19881804145274,1,train
2022-05-09,20.19881804145274,20.237641037768647,1,train
2022-05-10,20.237641037768647,19.98520041972842,1,train
2022-05-12,19.98520041972842,19.96033946260032,1,train
2022-05-13,19.96033946260032,19.94193556925111,1,train
2022-05-16,19.94193556925111,19.95594989665049,1,train
2022-05-17,19.95594989665049,19.92351743378061,1,train
2022-05-18,19.92351743378061,19.98436100791201,1,train
2022-05-19,19.98436100791201,19.94908762600557,1,train
2022-05-20,19.94908762600557,19.788503798762388,1,train
2022-05-23,19.788503798762388,19.80318615993818,1,train
2022-05-24,19.80318615993818,19.80368235455563,1,train
2022-05-25,19.80368235455563,19.794175184593733,1,train
2022-05-26,19.794175184593733,19.755093851784046,1,train
2022-05-27,19.755093851784046,19.73895106487952,1,train
2022-05-31,19.73895106487952,19.7140290829415,1,train
2022-06-01,19.7140290829415,19.75932345143535,1,train
2022-06-02,19.75932345143535,19.761474119859336,1,train
2022-06-03,19.761474119859336,19.756127202789653,1,train
2022-06-06,19.756127202789653,19.718483766292024,1,train
2022-06-07,19.718483766292024,19.66324812472493,1,train
2022-06-08,19.66324812472493,20.030763352967703,1,train
2022-06-09,20.030763352967703,19.63729925794624,1,train
2022-06-10,19.63729925794624,19.32517552673801,1,train
2022-06-13,19.32517552673801,19.47205928927458,1,train
2022-06-14,19.47205928927458,19.422660706787774,1,train
2022-06-15,19.422660706787774,19.164816968187104,1,train
2022-06-16,19.164816968187104,18.91214098027881,1,train
2022-06-17,18.91214098027881,18.91534088979752,1,train
2022-06-21,18.91534088979752,18.883734912218145,1,train
2022-06-22,18.883734912218145,18.864533347281164,1,train
2022-06-23,18.864533347281164,18.844380164952412,1,train
2022-06-24,18.844380164952412,18.797355052125976,0,train
2022-06-27,18.797355052125976,18.735929977974383,0,train
2022-06-28,18.735929977974383,18.721185594150704,0,train
2022-06-29,18.721185594150704,18.726761806324653,0,train
2022-06-30,18.726761806324653,18.71571919080076,0,train
2022-07-01,18.71571919080076,18.63787899428601,0,train
2022-07-05,18.63787899428601,18.576447696691943,0,train
2022-07-06,18.576447696691943,18.568335252814435,0,train
2022-07-07,18.568335252814435,18.626151638466112,0,train
2022-07-08,18.626151638466112,18.61158258239336,0,train
2022-07-11,18.61158258239336,18.585561894594274,0,train
2022-07-12,18.585561894594274,18.545969826194867,0,train
2022-07-13,18.545969826194867,18.3873209356053,0,train
2022-07-14,18.3873209356053,18.374928517507797,0,train
2022-07-15,18.374928517507797,18.364865426209494,0,train
2022-07-18,18.364865426209494,18.35183073222844,0,train
2022-07-19,18.35183073222844,18.344524492008794,0,train
2022-07-20,18.344524492008794,18.344324767354586,0,train
2022-07-21,18.344324767354586,18.313802045439807,0,train
2022-07-22,18.313802045439807,18.312107896733533,0,train
2022-07-25,18.312107896733533,18.27798810538409,0,train
2022-07-26,18.27798810538409,18.268984515134747,0,train
2022-07-27,18.268984515134747,18.30820762505736,0,train
2022-07-28,18.30820762505736,18.28996924846677,0,train
2022-07-29,18.28996924846677,18.30412825977611,0,train
2022-08-01,18.30412825977611,18.2853862393765,0,train
2022-08-02,18.2853862393765,18.33780826222345,0,train
2022-08-03,18.33780826222345,18.36791273059045,0,train
2022-08-04,18.36791273059045,18.403252258695776,0,train
2022-08-05,18.403252258695776,18.379836316362766,0,train
2022-08-08,18.379836316362766,18.380158486768217,0,train
2022-08-09,18.380158486768217,18.439717686546743,0,train
2022-08-10,18.439717686546743,18.39324629496137,0,train
2022-08-11,18.39324629496137,18.337170647222266,0,train
2022-08-12,18.337170647222266,18.300330892633266,0,train
2022-08-15,18.300330892633266,18.30581137923115,0,train
2022-08-16,18.30581137923115,18.28488965076458,0,train
2022-08-17,18.28488965076458,18.240454245979663,0,train
2022-08-18,18.240454245979663,18.24928063053468,0,train
2022-08-19,18.24928063053468,18.22972401283112,0,train
2022-08-22,18.22972401283112,18.21054978069148,0,train
2022-08-23,18.21054978069148,18.21752063599672,0,train
2022-08-24,18.21752063599672,18.210152048932585,0,train
2022-08-25,18.210152048932585,18.189715527388135,0,train
2022-08-26,18.189715527388135,18.161954249035915,0,train
2022-08-29,18.161954249035915,18.190904012204413,0,train
2022-08-30,18.190904012204413,18.02144031468549,0,train
2022-08-31,18.02144031468549,17.98114257372253,0,train
2022-09-01,17.98114257372253,17.95435143941909,0,train
2022-09-02,17.95435143941909,17.91859282609941,0,train
2022-09-06,17.91859282609941,17.891783998809988,0,train
2022-09-07,17.891783998809988,17.860170654985183,0,train
2022-09-08,17.860170654985183,17.788876641929185,0,train
2022-09-09,17.788876641929185,17.798303518994764,0,train
2022-09-12,17.798303518994764,17.750409365891784,0,train
2022-09-13,17.750409365891784,17.749428326935327,0,train
2022-09-14,17.749428326935327,17.80676729612285,0,train
2022-09-15,17.80676729612285,17.81691500667678,0,train
2022-09-16,17.81691500667678,17.81671396369283,0,train
2022-09-19,17.81671396369283,17.833849655691804,0,train
2022-09-20,17.833849655691804,17.839210281120664,0,train
2022-09-21,17.839210281120664,17.858755052154464,0,train
2022-09-22,17.858755052154464,17.984668215328966,0,train
2022-09-23,17.984668215328966,17.986913130666473,0,train
2022-09-26,17.986913130666473,17.889532927726894,0,train
2022-09-27,17.889532927726894,17.907259582231397,0,train
2022-09-28,17.907259582231397,17.95909988220291,0,train
2022-09-29,17.95909988220291,17.95544232885121,0,train
2022-09-30,17.95544232885121,17.851730955758207,0,train
2022-10-03,17.851730955758207,17.866223915064726,0,train
2022-10-04,17.866223915064726,17.8202563767209,0,train
2022-10-05,17.8202563767209,17.81914856546004,0,train
2022-10-06,17.81914856546004,17.767473077667304,0,train
2022-10-07,17.767473077667304,17.751343259498157,0,train
2022-10-12,17.751343259498157,17.6927404895153,0,train
2022-10-13,17.6927404895153,17.723611957334814,0,train
2022-10-14,17.723611957334814,17.667857489904204,0,train
2022-10-17,17.667857489904204,17.6457495253571,0,train
2022-10-18,17.6457495253571,17.6510078968534,0,train
2022-10-19,17.6510078968534,17.642428901996507,0,train
2022-10-20,17.642428901996507,17.623861689689193,0,train
2022-10-21,17.623861689689193,17.575189964324714,0,train
2022-10-24,17.575189964324714,17.603960140320144,0,train
2022-10-25,17.603960140320144,17.68307781783389,0,train
2022-10-26,17.68307781783389,17.6457775117957,0,train
2022-10-27,17.6457775117957,17.630035498296248,0,train
2022-10-28,17.630035498296248,17.607098236729982,0,train
2022-10-31,17.607098236729982,17.607326937461252,0,train
2022-11-01,17.607326937461252,17.587142626952655,0,train
2022-11-02,17.587142626952655,17.6019944923962,0,train
2022-11-03,17.6019944923962,17.587157315076837,0,train
2022-11-04,17.587157315076837,17.576235287976637,0,train
2022-11-07,17.576235287976637,17.474465770387816,0,train
2022-11-08,17.474465770387816,17.482676724771817,0,train
2022-11-09,17.482676724771817,17.780804879010873,0,train
2022-11-10,17.780804879010873,17.691712516413297,0,train
2022-11-14,17.691712516413297,17.69639902596952,0,train
2022-11-15,17.69639902596952,17.71123258895937,0,train
2022-11-16,17.71123258895937,17.66994170342594,0,train
2022-11-17,17.66994170342594,17.633173326850425,0,train
2022-11-18,17.633173326850425,17.63068560099996,0,train
2022-11-21,17.63068560099996,17.624323854498204,0,train
2022-11-22,17.624323854498204,17.600459863425534,0,train
2022-11-23,17.600459863425534,17.552721915872148,0,train
2022-11-28,17.552721915872148,17.544533868659165,0,train
2022-11-29,17.544533868659165,17.66360745327753,0,train
2022-11-30,17.66360745327753,17.64597874500535,0,train
2022-12-01,17.64597874500535,17.547313920443855,0,train
2022-12-02,17.547313920443855,17.50127087132086,0,train
2022-12-05,17.50127087132086,17.470615473378594,0,train
2022-12-06,17.470615473378594,17.45324883336132,0,train
2022-12-07,17.45324883336132,17.46345582729525,0,train
2022-12-08,17.46345582729525,17.47019435098999,0,train
2022-12-09,17.47019435098999,17.522478090515627,0,train
2022-12-12,17.522478090515627,17.571683585639654,0,train
2022-12-13,17.571683585639654,17.5623614694825,0,train
2022-12-14,17.5623614694825,17.57533095483231,0,train
2022-12-15,17.57533095483231,17.59251601059576,0,train
2022-12-16,17.59251601059576,17.59356700401368,0,train
2022-12-19,17.59356700401368,17.59584138634239,0,train
2022-12-20,17.59584138634239,17.628269079298864,0,train
2022-12-21,17.628269079298864,17.59161852798757,0,train
2022-12-22,17.59161852798757,17.535333145103284,0,train
2022-12-27,17.535333145103284,17.51519022041519,0,train
2022-12-28,17.51519022041519,17.50840126178117,0,train
2022-12-29,17.50840126178117,17.524190941588444,0,train
2022-12-30,17.524190941588444,17.52050494021851,0,train
2023-01-03,17.52050494021851,17.47242088254528,0,train
2023-01-04,17.47242088254528,17.47340655670769,0,train
2023-01-05,17.47340655670769,17.455871884675357,0,train
2023-01-06,17.455871884675357,17.467654271915535,0,train
2023-01-09,17.467654271915535,17.412871297086138,0,train
2023-01-10,17.412871297086138,17.443221048847146,0,train
2023-01-11,17.443221048847146,17.444637345957183,0,train
2023-01-12,17.444637345957183,17.42022388042792,0,train
2023-01-13,17.42022388042792,17.402626418233513,0,train
2023-01-17,17.402626418233513,17.398252280506586,0,train
2023-01-18,17.398252280506586,17.391698944639167,0,train
2023-01-19,17.391698944639167,17.368395987255937,0,train
2023-01-20,17.368395987255937,17.34827320037016,0,train
2023-01-23,17.34827320037016,17.343833190325967,0,train
2023-01-24,17.343833190325967,17.33697107068486,0,train
2023-01-25,17.33697107068486,17.355066755134896,0,train
2023-01-26,17.355066755134896,17.32152303038147,0,train
2023-01-27,17.32152303038147,17.403621800553267,0,train
2023-01-30,17.403621800553267,17.39322639017168,0,train
2023-01-31,17.39322639017168,17.427418452144927,0,train
2023-02-01,17.427418452144927,17.393916013476677,0,train
2023-02-02,17.393916013476677,17.473468449826676,0,train
2023-02-03,17.473468449826676,17.473048809360655,0,train
2023-02-06,17.473048809360655,17.43953710305092,0,train
2023-02-07,17.43953710305092,17.426263235029047,0,train
2023-02-08,17.426263235029047,17.412727753492266,0,train
2023-02-09,17.412727753492266,17.386832893404534,0,train
2023-02-10,17.386832893404534,17.376905294735945,0,train
2023-02-13,17.376905294735945,17.375684566407614,0,train
2023-02-14,17.375684566407614,17.360231925126925,0,train
2023-02-15,17.360231925126925,17.364990945282624,0,train
2023-02-16,17.364990945282624,17.38804718217303,0,train
2023-02-17,17.38804718217303,17.375904225044625,0,train
2023-02-21,17.375904225044625,17.37484808749654,0,train
2023-02-22,17.37484808749654,17.385395925030565,0,train
2023-02-23,17.385395925030565,17.378285615346023,0,train
2023-02-24,17.378285615346023,17.366734302620436,0,train
2023-02-27,17.366734302620436,17.347014755489084,0,train
2023-02-28,17.347014755489084,17.320456448874847,0,train
2023-03-01,17.320456448874847,17.313605456140394,0,train
2023-03-02,17.313605456140394,17.317902323065834,0,train
2023-03-03,17.317902323065834,17.288474327963854,0,train
2023-03-06,17.288474327963854,17.308202834279605,0,train
2023-03-07,17.308202834279605,17.30300238615746,0,train
2023-03-08,17.30300238615746,17.290695683299575,0,train
2023-03-09,17.290695683299575,17.298820077135954,0,train
2023-03-10,17.298820077135954,17.305502755987444,0,train
2023-03-13,17.305502755987444,17.266275272760456,0,train
2023-03-14,17.266275272760456,17.3288616019859,0,train
2023-03-15,17.3288616019859,17.271254233750177,0,train
2023-03-16,17.271254233750177,17.32892443667433,0,train
2023-03-17,17.32892443667433,17.32818519106335,0,train
2023-03-20,17.32818519106335,17.28447044635041,0,train
2023-03-21,17.28447044635041,17.282722735029278,0,train
2023-03-22,17.282722735029278,17.270435171643403,0,train
2023-03-23,17.270435171643403,17.249612770371613,0,train
2023-03-24,17.249612770371613,17.209650245730266,0,train
2023-03-27,17.209650245730266,17.19450181180614,0,train
2023-03-28,17.19450181180614,17.20052141960616,0,train
2023-03-29,17.20052141960616,17.206132332107714,0,train
2023-03-30,17.206132332107714,17.24431965862022,0,train
2023-03-31,17.24431965862022,17.369127077002624,0,train
2023-04-03,17.369127077002624,17.312209141681155,0,train
2023-04-04,17.312209141681155,17.29484036972965,0,train
2023-04-05,17.29484036972965,17.27849193478711,0,train
2023-04-06,17.27849193478711,17.27119000067693,0,train
2023-04-10,17.27119000067693,17.273507631272565,0,train
2023-04-11,17.273507631272565,17.26097412345188,0,train
2023-04-12,17.26097412345188,17.24247276207396,0,train
2023-04-13,17.24247276207396,17.23217915169153,0,train
2023-04-14,17.23217915169153,17.229067532739293,0,train
2023-04-17,17.229067532739293,17.209939593392853,0,train
2023-04-18,17.209939593392853,17.199978646943535,0,train
2023-04-19,17.199978646943535,17.202469484320414,0,train
2023-04-20,17.202469484320414,17.19194882595967,0,train
2023-04-21,17.19194882595967,17.191617715271526,0,train
2023-04-24,17.191617715271526,17.2040180896767,0,train
2023-04-25,17.2040180896767,17.2080441948407,0,train
2023-04-26,17.2080441948407,17.188447192034197,0,train
2023-04-27,17.188447192034197,17.145875624730998,0,train
2023-04-28,17.145875624730998,17.146647377737935,0,train
2023-05-01,17.146647377737935,17.185844489640413,0,train
2023-05-02,17.185844489640413,17.24199966747868,0,train
2023-05-03,17.24199966747868,17.228797499577343,0,train
2023-05-04,17.228797499577343,17.225034254007486,0,train
2023-05-05,17.225034254007486,17.19701870011175,0,train
2023-05-08,17.19701870011175,17.183822918807653,0,train
2023-05-09,17.183822918807653,17.203985727755956,0,train
2023-05-11,17.203985727755956,17.201157916892505,0,train
2023-05-12,17.201157916892505,17.22550282108175,0,train
2023-05-15,17.22550282108175,17.21487891170511,0,train
2023-05-16,17.21487891170511,17.21110073818902,0,train
2023-05-17,17.21110073818902,17.25083440476681,0,train
2023-05-18,17.25083440476681,17.205776618628196,0,train
2023-05-19,17.205776618628196,17.252590454451244,0,train
2023-05-22,17.252590454451244,17.220986734913865,0,train
2023-05-23,17.220986734913865,17.168655659507337,0,train
2023-05-24,17.168655659507337,17.240634807616605,0,train
2023-05-25,17.240634807616605,17.266723358343196,0,train
2023-05-26,17.266723358343196,17.3680829587043,0,train
2023-05-30,17.3680829587043,17.328565774519554,0,train
2023-05-31,17.328565774519554,17.236127576097996,0,train
2023-06-01,17.236127576097996,17.189729839868587,0,train
2023-06-02,17.189729839868587,17.19995533393487,0,train
2023-06-05,17.19995533393487,17.182088032897504,0,train
2023-06-06,17.182088032897504,17.176769766489684,0,train
2023-06-07,17.176769766489684,17.163064474550495,0,train
2023-06-08,17.163064474550495,17.171404363193922,0,train
2023-06-09,17.171404363193922,17.18604036287048,0,train
2023-06-12,17.18604036287048,17.15145432515738,0,train
2023-06-13,17.15145432515738,17.14690929838357,0,train
2023-06-14,17.14690929838357,17.153603725555435,0,train
2023-06-15,17.153603725555435,17.109585892845733,0,train
2023-06-16,17.109585892845733,17.08002842447575,0,train
2023-06-20,17.08002842447575,17.045685527802338,0,train
2023-06-21,17.045685527802338,17.050624655354444,0,train
2023-06-22,17.050624655354444,17.014909079777528,0,train
2023-06-23,17.014909079777528,16.99864500969513,0,train
2023-06-26,16.99864500969513,16.96047607972394,0,train
2023-06-27,16.96047607972394,16.952807056344753,0,train
2023-06-29,16.952807056344753,16.972214283722842,0,train
2023-06-30,16.972214283722842,16.86396812032999,0,train
2023-07-03,16.86396812032999,16.848225268941164,0,train
2023-07-05,16.848225268941164,16.902141107999125,0,train
2023-07-06,16.902141107999125,16.86627197921521,0,train
2023-07-07,16.86627197921521,16.860365458351424,0,train
2023-07-10,16.860365458351424,16.841669491093306,0,train
2023-07-11,16.841669491093306,16.84550552812302,0,train
2023-07-12,16.84550552812302,16.84102398998496,0,train
2023-07-13,16.84102398998496,16.838696237324292,0,train
2023-07-14,16.838696237324292,16.823259009964143,0,train
2023-07-17,16.823259009964143,16.8262493251917,0,train
2023-07-18,16.8262493251917,16.817546620475852,0,train
2023-07-19,16.817546620475852,16.808630593432326,0,train
2023-07-20,16.808630593432326,16.800174884251348,0,train
2023-07-21,16.800174884251348,16.79053703749062,0,train
2023-07-24,16.79053703749062,16.790600613335492,0,train
2023-07-25,16.790600613335492,16.77659104275584,0,train
2023-07-26,16.77659104275584,16.775928846025355,0,train
2023-07-27,16.775928846025355,16.768876098356454,0,train
2023-07-28,16.768876098356454,16.7653747202735,0,train
2023-07-31,16.7653747202735,16.77546939455472,0,train
2023-08-01,16.77546939455472,16.825667979133353,0,train
2023-08-02,16.825667979133353,16.804250560995918,0,train
2023-08-03,16.804250560995918,16.790176418620316,0,train
2023-08-04,16.790176418620316,16.77846149706864,0,train
2023-08-07,16.77846149706864,16.767514347277533,0,train
2023-08-08,16.767514347277533,16.748471604472023,0,train
2023-08-09,16.748471604472023,16.747637096253953,0,train
2023-08-10,16.747637096253953,16.733587712397068,0,train
2023-08-11,16.733587712397068,16.731294056927602,0,train
2023-08-14,16.731294056927602,16.68875241542427,0,train
2023-08-15,16.68875241542427,16.726011934212025,0,train
2023-08-16,16.726011934212025,16.71506218223199,0,train
2023-08-17,16.71506218223199,16.69926595082636,0,train
2023-08-18,16.69926595082636,16.657913435018123,0,train
2023-08-21,16.657913435018123,16.615751613411188,0,train
2023-08-23,16.615751613411188,16.6187624510027,0,train
2023-08-24,16.6187624510027,16.62285945613956,0,train
2023-08-25,16.62285945613956,16.608350862033973,0,train
2023-08-28,16.608350862033973,16.604827424429157,0,train
2023-08-29,16.604827424429157,16.513745508136143,0,train
2023-08-30,16.513745508136143,16.504021768149137,0,train
2023-08-31,16.504021768149137,16.50208272347364,0,train
2023-09-01,16.50208272347364,16.47953411059381,0,train
2023-09-05,16.47953411059381,16.473404299799952,0,train
2023-09-06,16.473404299799952,16.47368357787542,0,train
2023-09-07,16.47368357787542,16.47007366856682,0,train
2023-09-08,16.47007366856682,16.462815395053468,0,train
2023-09-11,16.462815395053468,16.447133467523724,0,train
2023-09-12,16.447133467523724,16.434293886466644,0,train
2023-09-13,16.434293886466644,16.445408807431818,0,train
2023-09-14,16.445408807431818,16.452135521254515,0,train
2023-09-15,16.452135521254515,16.44469591553491,0,train
2023-09-18,16.44469591553491,16.43734624724759,0,train
2023-09-19,16.43734624724759,16.427784138436788,0,train
2023-09-20,16.427784138436788,16.4214743612766,0,train
2023-09-21,16.4214743612766,16.418466541689327,0,train
2023-09-22,16.418466541689327,16.41859466476756,0,train
2023-09-25,16.41859466476756,16.40396260598035,0,train
2023-09-26,16.40396260598035,16.38624113158422,0,train
2023-09-27,16.38624113158422,16.38250925416869,0,train
2023-09-28,16.38250925416869,16.379846486383443,0,train
2023-09-29,16.379846486383443,16.43533198097938,0,train
2023-10-02,16.43533198097938,16.428824352143444,0,train
2023-10-03,16.428824352143444,16.45956047782238,0,train
2023-10-04,16.45956047782238,16.471940213776946,0,train
2023-10-05,16.471940213776946,16.47091569138004,0,train
2023-10-06,16.47091569138004,16.460971956376223,0,train
2023-10-11,16.460971956376223,16.459065709527746,0,train
2023-10-12,16.459065709527746,16.421530264381357,0,train
2023-10-13,16.421530264381357,16.411944522748975,0,train
2023-10-16,16.411944522748975,16.408990921893686,0,train
2023-10-17,16.408990921893686,16.400054506906145,0,train
2023-10-18,16.400054506906145,16.382805226501137,0,train
2023-10-19,16.382805226501137,16.425905530677124,0,train
2023-10-20,16.425905530677124,16.40364278467885,0,train
2023-10-23,16.40364278467885,16.4116687710634,0,train
2023-10-24,16.4116687710634,16.415796802917434,0,train
2023-10-25,16.415796802917434,16.410061063867552,0,train
2023-10-26,16.410061063867552,16.34129785608128,0,train
2023-10-27,16.34129785608128,16.342643136996774,0,train
2023-10-30,16.342643136996774,16.314846845574436,0,train
2023-10-31,16.314846845574436,16.304966596758995,0,train
2023-11-01,16.304966596758995,16.305547131777885,0,train
2023-11-02,16.305547131777885,16.277895033778154,0,train
2023-11-03,16.277895033778154,16.26569396301609,0,train
2023-11-06,16.26569396301609,16.185493457729315,0,train
2023-11-07,16.185493457729315,16.166326738401228,0,train
2023-11-08,16.166326738401228,16.145088098210238,0,train
2023-11-09,16.145088098210238,16.181970748241127,0,train
2023-11-13,16.181970748241127,16.336469650980533,0,train
2023-11-14,16.336469650980533,16.306025283524775,0,train
2023-11-15,16.306025283524775,16.290237221472324,0,train
2023-11-16,16.290237221472324,16.2814858834766,0,train
2023-11-17,16.2814858834766,16.279358459433638,0,train
2023-11-20,16.279358459433638,16.267235204450582,0,train
2023-11-21,16.267235204450582,16.263631562269953,0,train
2023-11-22,16.263631562269953,16.20254217658954,0,train
2023-11-27,16.20254217658954,16.204866827741263,0,train
2023-11-28,16.204866827741263,16.21114783626402,0,train
2023-11-29,16.21114783626402,16.194841035962767,0,train
2023-11-30,16.194841035962767,16.166033937893186,0,train
2023-12-01,16.166033937893186,16.1533619092603,0,train
2023-12-04,16.1533619092603,16.153153521050697,0,train
2023-12-05,16.153153521050697,16.071331664397125,0,train
2023-12-06,16.071331664397125,16.059776742583498,0,train
2023-12-07,16.059776742583498,16.057205795196147,0,train
2023-12-08,16.057205795196147,16.047523374916913,0,train
2023-12-11,16.047523374916913,16.071528753529986,0,train
2023-12-12,16.071528753529986,16.102989612771136,0,train
2023-12-13,16.102989612771136,16.1806952747911,0,train
2023-12-14,16.1806952747911,16.14905554160884,0,train
2023-12-15,16.14905554160884,16.150424673330356,0,train
2023-12-18,16.150424673330356,16.142948686081972,0,train
2023-12-19,16.142948686081972,16.13399035002643,0,train
2023-12-20,16.13399035002643,16.13541988902766,0,train
2023-12-21,16.13541988902766,16.128991099246726,0,train
2023-12-22,16.128991099246726,16.136058489753236,0,train
2023-12-27,16.136058489753236,16.11168586232562,0,train
2023-12-28,16.11168586232562,16.10387727485265,0,train
2023-12-29,16.10387727485265,16.13867694519997,0,train
2024-01-02,16.13867694519997,16.10281307829231,0,train
2024-01-03,16.10281307829231,16.061287867704664,0,train
2024-01-04,16.061287867704664,16.05135199969624,0,train
2024-01-05,16.05135199969624,16.03836730294074,0,train
2024-01-08,16.03836730294074,16.043243543433196,0,train
2024-01-09,16.043243543433196,16.09263645951192,0,train
2024-01-10,16.09263645951192,16.050150344629223,0,train
2024-01-11,16.050150344629223,16.224336433549524,0,train
2024-01-12,16.224336433549524,16.27756780480314,0,train
2024-01-16,16.27756780480314,16.166131179373444,0,train
2024-01-17,16.166131179373444,16.264512778251692,0,train
2024-01-18,16.264512778251692,16.143113545548005,0,train
2024-01-19,16.143113545548005,16.139488088788223,0,train
2024-01-22,16.139488088788223,16.13139374799529,0,train
2024-01-23,16.13139374799529,16.13334050929147,0,train
2024-01-24,16.13334050929147,16.131045419844835,0,train
2024-01-25,16.131045419844835,16.13377665166492,0,train
2024-01-26,16.13377665166492,16.136526890988886,0,train
2024-01-29,16.136526890988886,16.14269237459524,0,train
2024-01-30,16.14269237459524,16.154624403066187,0,train
2024-01-31,16.154624403066187,16.157532554007435,0,train
2024-02-01,16.157532554007435,16.169304770275176,0,train
2024-02-02,16.169304770275176,16.16699395629957,0,train
2024-02-05,16.16699395629957,16.16864125077484,0,train
2024-02-06,16.16864125077484,16.148869087229908,0,train
2024-02-07,16.148869087229908,16.13079176901242,0,train
2024-02-08,16.13079176901242,16.11691180321143,0,train
2024-02-09,16.11691180321143,16.112933649172945,0,train
2024-02-12,16.112933649172945,16.137342588937955,0,train
2024-02-13,16.137342588937955,16.11808082314797,0,train
2024-02-14,16.11808082314797,16.13210910409618,0,train
2024-02-15,16.13210910409618,16.1293527967052,0,train
2024-02-16,16.1293527967052,16.132051219976915,0,train
2024-02-20,16.132051219976915,16.11274324002759,0,train
2024-02-21,16.11274324002759,16.071113923303834,0,train
2024-02-22,16.071113923303834,16.081731291026205,0,train
2024-02-23,16.081731291026205,16.07472467605211,0,train
2024-02-26,16.07472467605211,16.055758388212205,0,train
2024-02-27,16.055758388212205,16.04814771056201,0,train
2024-02-28,16.04814771056201,16.055759498883816,0,train
2024-02-29,16.055759498883816,16.049867535568016,0,train
2024-03-01,16.049867535568016,16.03511864317726,0,train
2024-03-04,16.03511864317726,16.03194854629429,0,train
2024-03-05,16.03194854629429,16.04885162491646,0,train
2024-03-07,16.04885162491646,16.02831559398769,0,train
2024-03-08,16.02831559398769,16.0135023112121,0,train
2024-03-11,16.0135023112121,16.009318080566505,0,train
2024-03-12,16.009318080566505,15.991213317466624,0,train
2024-03-13,15.991213317466624,15.982197868587944,0,train
2024-03-14,15.982197868587944,15.973807225927551,0,train
2024-03-15,15.973807225927551,15.954380378755731,0,train
2024-03-18,15.954380378755731,15.939433787001622,0,train
2024-03-19,15.939433787001622,15.931689149116876,0,train
2024-03-21,15.931689149116876,15.930691442846282,0,train
2024-03-22,15.930691442846282,15.926054099042863,0,train
2024-03-25,15.926054099042863,15.920782132340458,0,train
2024-03-26,15.920782132340458,15.931133596754655,0,train
2024-03-27,15.931133596754655,15.938907844424014,0,train
2024-03-28,15.938907844424014,15.945328569682284,0,train
2024-04-01,15.945328569682284,15.927318713196955,0,train
2024-04-02,15.927318713196955,15.903475366133256,0,train
2024-04-04,15.903475366133256,15.903003663083217,0,train
2024-04-05,15.903003663083217,15.89948268879137,0,train
2024-04-08,15.89948268879137,15.906144899470842,0,train
2024-04-09,15.906144899470842,15.906554883595684,0,train
2024-04-10,15.906554883595684,15.875998247938202,0,train
2024-04-11,15.875998247938202,15.918907892255666,0,train
2024-04-12,15.918907892255666,15.923967134073772,0,train
2024-04-15,15.923967134073772,15.920595395788814,0,train
2024-04-16,15.920595395788814,15.913833754348694,0,train
2024-04-19,15.913833754348694,15.926026445328064,0,train
2024-04-22,15.926026445328064,15.915109184785823,0,train
2024-04-23,15.915109184785823,15.911268332899256,0,train
2024-04-24,15.911268332899256,15.917873408117376,0,train
2024-04-25,15.917873408117376,15.914550255974872,0,train
2024-04-26,15.914550255974872,15.91166233345153,0,train
2024-04-29,15.91166233345153,15.912334701076084,0,train
2024-04-30,15.912334701076084,15.855414286304962,0,train
2024-05-02,15.855414286304962,15.84823497193549,0,train
2024-05-03,15.84823497193549,15.832446964857164,0,train
2024-05-06,15.832446964857164,15.825518151804877,0,train
2024-05-07,15.825518151804877,15.810712556928928,0,train
2024-05-08,15.810712556928928,15.810019361639783,0,train
2024-05-09,15.810019361639783,15.795125279639452,0,train
2024-05-10,15.795125279639452,15.790912218235054,0,train
2024-05-13,15.790912218235054,15.785079717399686,0,train
2024-05-14,15.785079717399686,15.754814670132392,0,train
2024-05-16,15.754814670132392,15.745443843925452,0,train
2024-05-17,15.745443843925452,15.72689294950096,0,train
2024-05-20,15.72689294950096,15.724125444368816,0,train
2024-05-21,15.724125444368816,15.628119156777428,0,train
2024-05-22,15.628119156777428,15.628271280075635,0,train
2024-05-23,15.628271280075635,15.60890366319314,0,train
2024-05-24,15.60890366319314,15.61010898959753,0,train
2024-05-28,15.61010898959753,15.519906761564842,0,train
2024-05-30,15.519906761564842,15.484465302689202,0,train
2024-05-31,15.484465302689202,15.52488034752811,0,train
2024-06-03,15.52488034752811,15.527017687497343,0,train
2024-06-04,15.527017687497343,15.524371106775684,0,train
2024-06-05,15.524371106775684,15.49635887905212,0,train
2024-06-06,15.49635887905212,15.513980474296083,0,train
2024-06-07,15.513980474296083,15.5004130311127,0,train
2024-06-10,15.5004130311127,15.469825382746963,0,train
2024-06-11,15.469825382746963,15.465547823584693,0,train
2024-06-13,15.465547823584693,15.473087766135244,0,train
2024-06-14,15.473087766135244,15.462871512351498,0,train
2024-06-17,15.462871512351498,15.45452576651186,0,train
2024-06-18,15.45452576651186,15.43229213126418,0,train
2024-06-20,15.43229213126418,15.43709693068275,0,train
2024-06-21,15.43709693068275,15.432277600139448,0,train
2024-06-24,15.432277600139448,15.428164350128748,0,train
2024-06-25,15.428164350128748,15.396079811776206,0,train
2024-06-27,15.396079811776206,15.409477302773784,0,train
2024-06-28,15.409477302773784,15.391242747243972,0,train
2024-07-01,15.391242747243972,15.3852970184485,0,train
2024-07-02,15.3852970184485,15.427679125124095,0,train
2024-07-03,15.427679125124095,15.378529087050405,0,train
2024-07-05,15.378529087050405,15.357459329317503,0,train
2024-07-08,15.357459329317503,15.34585718130974,0,train
2024-07-09,15.34585718130974,15.367178471766843,0,train
2024-07-11,15.367178471766843,15.35537305518607,0,train
2024-07-12,15.35537305518607,15.378879715539153,0,train
2024-07-15,15.378879715539153,15.380362810279976,0,train
2024-07-16,15.380362810279976,15.388665099400225,0,train
2024-07-17,15.388665099400225,15.3916779184617,0,train
2024-07-18,15.3916779184617,15.385023976146812,0,train
2024-07-19,15.385023976146812,15.3859994343483,0,train
2024-07-22,15.3859994343483,15.38018107324235,0,train
2024-07-23,15.38018107324235,15.371403494819283,0,train
2024-07-25,15.371403494819283,15.36713710094008,0,train
2024-07-26,15.36713710094008,15.348141672388255,0,train
2024-07-29,15.348141672388255,15.35277679068964,0,train
2024-07-30,15.35277679068964,15.39160058801444,0,train
2024-07-31,15.39160058801444,15.385354627599789,0,train
2024-08-01,15.385354627599789,15.38752562291732,0,train
2024-08-02,15.38752562291732,15.398105425898212,0,train
2024-08-05,15.398105425898212,15.394851417077978,0,train
2024-08-06,15.394851417077978,15.407369289758307,0,train
2024-08-08,15.407369289758307,15.394026093926913,0,train
2024-08-09,15.394026093926913,15.373514842332373,0,train
2024-08-12,15.373514842332373,15.3728989851203,0,validation
2024-08-13,15.3728989851203,15.3748446962427,0,validation
2024-08-14,15.3748446962427,15.380681095769068,0,validation
2024-08-15,15.380681095769068,15.383057600055835,0,validation
2024-08-16,15.383057600055835,15.380394296904884,0,validation
2024-08-19,15.380394296904884,15.38355852400873,0,validation
2024-08-20,15.38355852400873,15.400013323383114,0,validation
2024-08-22,15.400013323383114,15.439531377349349,0,validation
2024-08-23,15.439531377349349,15.422548708222225,0,validation
2024-08-26,15.422548708222225,15.395350514001176,0,validation
2024-08-27,15.395350514001176,15.385750017891464,0,validation
2024-08-28,15.385750017891464,15.371679578817096,0,validation
2024-08-29,15.371679578817096,15.362614935533184,0,validation
2024-08-30,15.362614935533184,15.38589177269126,0,validation
2024-09-03,15.38589177269126,15.383174965072502,0,validation
2024-09-05,15.383174965072502,15.393480855528155,0,validation
2024-09-06,15.393480855528155,15.378352816814116,0,validation
2024-09-09,15.378352816814116,15.380459974761177,0,validation
2024-09-10,15.380459974761177,15.413083159230808,0,validation
2024-09-11,15.413083159230808,15.40830350114614,0,validation
2024-09-12,15.40830350114614,15.408721680856068,0,validation
2024-09-13,15.408721680856068,15.409307477385662,0,validation
2024-09-16,15.409307477385662,15.419254486122703,0,validation
2024-09-17,15.419254486122703,15.407803014930307,0,validation
2024-09-19,15.407803014930307,15.400967829961171,0,validation
2024-09-20,15.400967829961171,15.398441163785318,0,validation
2024-09-23,15.398441163785318,15.39912181810076,0,validation
2024-09-24,15.39912181810076,15.4003910822983,0,validation
2024-09-25,15.4003910822983,15.397300421208993,0,validation
2024-09-26,15.397300421208993,15.386254851819592,0,validation
2024-09-27,15.386254851819592,15.385578582654333,0,validation
2024-09-30,15.385578582654333,15.372834526486834,0,validation
2024-10-01,15.372834526486834,15.335638520122044,0,validation
2024-10-03,15.335638520122044,15.337196747095009,0,validation
2024-10-04,15.337196747095009,15.344912315983494,0,validation
2024-10-07,15.344912315983494,15.382035494106136,0,validation
2024-10-08,15.382035494106136,15.37409279144907,0,validation
2024-10-09,15.37409279144907,15.370100098337993,0,validation
2024-10-10,15.370100098337993,15.368396714578228,0,validation
2024-10-11,15.368396714578228,15.354393614607206,0,validation
2024-10-17,15.354393614607206,15.33198104963304,0,validation
2024-10-18,15.33198104963304,15.318751668541442,0,validation
2024-10-21,15.318751668541442,15.294509526990474,0,validation
2024-10-22,15.294509526990474,15.287486249739056,0,validation
2024-10-23,15.287486249739056,15.284311854798668,0,validation
2024-10-24,15.284311854798668,15.231045404768414,0,validation
2024-10-25,15.231045404768414,15.190860700771667,0,validation
2024-10-28,15.190860700771667,15.203819528538045,0,validation
2024-10-29,15.203819528538045,15.13190235104179,0,validation
2024-11-01,15.13190235104179,15.140779911142577,0,validation
2024-11-04,15.140779911142577,15.142346034162143,0,validation
2024-11-05,15.142346034162143,15.24231879271102,0,validation
2024-11-06,15.24231879271102,15.208172577005032,0,validation
2024-11-07,15.208172577005032,15.270575576232156,0,validation
2024-11-08,15.270575576232156,15.242143033258564,0,validation
2024-11-12,15.242143033258564,15.225415646681949,0,validation
2024-11-14,15.225415646681949,15.213470497471643,0,validation
2024-11-15,15.213470497471643,15.204325098536604,0,validation
2024-11-18,15.204325098536604,15.203004544488566,0,validation
2024-11-19,15.203004544488566,15.200538959751984,0,validation
2024-11-20,15.200538959751984,15.190168018668452,0,validation
2024-11-21,15.190168018668452,15.185027561321364,0,validation
2024-11-22,15.185027561321364,15.18733796063394,0,validation
2024-11-25,15.18733796063394,15.184370523937307,0,validation
2024-11-26,15.184370523937307,15.191549977203644,0,validation
2024-12-02,15.191549977203644,15.185471239876902,0,validation
2024-12-03,15.185471239876902,15.193358073000995,0,validation
2024-12-04,15.193358073000995,15.184981321153591,0,validation
2024-12-05,15.184981321153591,15.187505512301414,0,validation
2024-12-06,15.187505512301414,15.175549360626912,0,validation
2024-12-09,15.175549360626912,15.178233954515957,0,validation
2024-12-10,15.178233954515957,15.16746299409036,0,validation
2024-12-12,15.16746299409036,15.160488692496768,0,validation
2024-12-13,15.160488692496768,15.167761257767063,0,validation
2024-12-16,15.167761257767063,15.164369073886697,0,validation
2024-12-17,15.164369073886697,15.151024347669216,0,validation
2024-12-18,15.151024347669216,15.144738246574985,0,validation
2024-12-19,15.144738246574985,15.146486692232145,0,validation
2024-12-20,15.146486692232145,15.142856685715984,0,validation
2024-12-23,15.142856685715984,15.142482700462953,0,validation
2024-12-26,15.142482700462953,15.143199244212072,0,validation
2024-12-27,15.143199244212072,15.13570952303159,0,validation
2024-12-30,15.13570952303159,15.135119678497205,0,validation
2024-12-31,15.135119678497205,15.1436882612638,0,validation
2025-01-02,15.1436882612638,15.141738293679673,0,validation
2025-01-03,15.141738293679673,15.150015718109197,0,validation
2025-01-06,15.150015718109197,15.12437558205734,0,validation
2025-01-07,15.12437558205734,15.137320917011143,0,validation
2025-01-08,15.137320917011143,15.075519334671942,0,validation
2025-01-10,15.075519334671942,15.067801107173947,0,validation
2025-01-13,15.067801107173947,15.064904079450187,0,validation
2025-01-14,15.064904079450187,15.066243093995135,0,validation
2025-01-15,15.066243093995135,15.058420792432615,0,validation
2025-01-16,15.058420792432615,15.04894865383548,0,validation
2025-01-17,15.04894865383548,14.986878232412543,0,validation
2025-01-21,14.986878232412543,15.002675110865365,0,validation
2025-01-22,15.002675110865365,15.001472858938788,0,validation
2025-01-23,15.001472858938788,14.99665365240103,0,validation
2025-01-24,14.99665365240103,14.991739839016974,0,validation
2025-01-27,14.991739839016974,14.988526884883946,0,validation
2025-01-28,14.988526884883946,14.976659450386546,0,validation
2025-01-29,14.976659450386546,14.976674739841048,0,validation
2025-01-30,14.976674739841048,14.974803924362204,0,validation
2025-01-31,14.974803924362204,14.964728229875991,0,validation
2025-02-03,14.964728229875991,14.96854274379733,0,validation
2025-02-04,14.96854274379733,14.943829879105422,0,validation
2025-02-05,14.943829879105422,14.939426226054309,0,validation
2025-02-06,14.939426226054309,14.931162990059446,0,validation
2025-02-07,14.931162990059446,14.922517837896027,0,validation
2025-02-10,14.922517837896027,14.911628285433856,0,validation
2025-02-11,14.911628285433856,14.909587478721168,0,validation
2025-02-12,14.909587478721168,14.902826671870898,0,validation
2025-02-13,14.902826671870898,14.891209071375355,0,validation
2025-02-14,14.891209071375355,14.89115409290617,0,validation
2025-02-18,14.89115409290617,14.884724520288092,0,validation
2025-02-19,14.884724520288092,14.86774804433463,0,validation
2025-02-20,14.86774804433463,14.926061509748637,0,validation
2025-02-21,14.926061509748637,14.935022989679858,0,validation
2025-02-24,14.935022989679858,14.911452602146149,0,validation
2025-02-25,14.911452602146149,14.89966537758439,0,validation
2025-02-26,14.89966537758439,14.896794315972972,0,validation
2025-02-27,14.896794315972972,14.86060004559692,0,validation
2025-02-28,14.86060004559692,14.855431055896862,0,validation
2025-03-03,14.855431055896862,14.85652988491307,0,validation
2025-03-04,14.85652988491307,14.836544634108805,0,validation
2025-03-05,14.836544634108805,14.83365539360575,0,validation
2025-03-06,14.83365539360575,14.835730946886342,0,validation
2025-03-07,14.835730946886342,14.82236091515167,0,validation
2025-03-10,14.82236091515167,14.822459391662912,0,validation
2025-03-11,14.822459391662912,14.824323793533903,0,validation
2025-03-12,14.824323793533903,14.827554288473133,0,validation
2025-03-13,14.827554288473133,14.82702765089418,0,validation
2025-03-14,14.82702765089418,14.842937444658144,0,validation
2025-03-17,14.842937444658144,14.839880865376731,0,validation
2025-03-18,14.839880865376731,14.839582702633288,0,validation
2025-03-19,14.839582702633288,14.843542929743473,0,validation
2025-03-20,14.843542929743473,14.848113248107945,0,validation
2025-03-21,14.848113248107945,14.839632694955435,0,validation
2025-03-24,14.839632694955435,14.839091680497566,0,validation
2025-03-25,14.839091680497566,14.8442625425434,0,validation
2025-03-26,14.8442625425434,14.839711974457469,0,validation
2025-03-27,14.839711974457469,14.83160930298979,0,validation
2025-03-28,14.83160930298979,14.844799598401837,0,validation
2025-03-31,14.844799598401837,14.846219087732862,0,validation
2025-04-01,14.846219087732862,14.846803102131643,0,validation
2025-04-02,14.846803102131643,14.843285513397367,0,validation
2025-04-03,14.843285513397367,14.947629296708328,0,validation
2025-04-04,14.947629296708328,14.956552244722868,0,validation
2025-04-07,14.956552244722868,14.966726109257186,0,validation
2025-04-08,14.966726109257186,15.025983375911256,0,validation
2025-04-09,15.025983375911256,15.03643564727876,0,validation
2025-04-10,15.03643564727876,15.028760574532832,0,validation
2025-04-11,15.028760574532832,15.02795002912487,0,test
2025-04-14,15.02795002912487,14.996275643177862,0,test
2025-04-15,14.996275643177862,14.972860582313292,0,test
2025-04-17,14.972860582313292,14.96034136890422,0,test
2025-04-21,14.96034136890422,14.97433076086585,0,test
2025-04-22,14.97433076086585,14.976386041071963,0,test
2025-04-23,14.976386041071963,14.974956174891604,0,test
2025-04-24,14.974956174891604,14.9771171371791,0,test
2025-04-25,14.9771171371791,14.975605220757236,0,test
2025-04-28,14.975605220757236,14.967351749351362,0,test
2025-04-29,14.967351749351362,14.9625900014872,0,test
2025-05-01,14.9625900014872,14.959764332957404,0,test
2025-05-02,14.959764332957404,14.950065965925347,0,test
2025-05-05,14.950065965925347,14.950690560456955,0,test
2025-05-06,14.950690560456955,14.940862031829324,0,test
2025-05-07,14.940862031829324,14.947847332770955,0,test
2025-05-08,14.947847332770955,14.95505194227412,0,test
2025-05-09,14.95505194227412,14.965225806857935,0,test
2025-05-12,14.965225806857935,15.001914484124498,0,test
2025-05-13,15.001914484124498,14.969243650274263,0,test
2025-05-15,14.969243650274263,14.958767764500728,0,test
2025-05-16,14.958767764500728,14.946194032201868,0,test
2025-05-19,14.946194032201868,14.924979374087796,0,test
2025-05-20,14.924979374087796,14.926965576701551,0,test
2025-05-21,14.926965576701551,14.91953124554118,0,test
2025-05-22,14.91953124554118,14.917901078698035,0,test
2025-05-23,14.917901078698035,14.909911071749615,0,test
2025-05-27,14.909911071749615,14.901162818165284,0,test
2025-05-29,14.901162818165284,14.89816537948864,0,test
2025-05-30,14.89816537948864,14.904199090087776,0,test
2025-06-02,14.904199090087776,14.903076219352808,0,test
2025-06-03,14.903076219352808,14.896288960343304,0,test
2025-06-04,14.896288960343304,14.89599036759454,0,test
2025-06-05,14.89599036759454,14.897674734640928,0,test
2025-06-06,14.897674734640928,14.901869418156958,0,test
2025-06-09,14.901869418156958,14.895350258055997,0,test
2025-06-10,14.895350258055997,14.893316993353848,0,test
2025-06-12,14.893316993353848,14.887388673061295,0,test
2025-06-13,14.887388673061295,14.876600870797066,0,test
2025-06-16,14.876600870797066,14.837330105712146,0,test
2025-06-17,14.837330105712146,14.834607223840646,0,test
2025-06-18,14.834607223840646,14.837879176304028,0,test
2025-06-20,14.837879176304028,14.835312102106505,0,test
2025-06-23,14.835312102106505,14.79874730084704,0,test
2025-06-24,14.79874730084704,14.796904935137167,0,test
2025-06-26,14.796904935137167,14.78871871884769,0,test
2025-06-27,14.78871871884769,14.780747151746455,0,test
2025-06-30,14.780747151746455,14.77860148335807,0,test
2025-07-01,14.77860148335807,14.809100522139262,0,test
2025-07-02,14.809100522139262,14.820728843594097,0,test
2025-07-03,14.820728843594097,14.800707636751843,0,test
2025-07-07,14.800707636751843,14.799134446808626,0,test
2025-07-08,14.799134446808626,14.78229090693346,0,test
2025-07-10,14.78229090693346,14.77785352661313,0,test
2025-07-11,14.77785352661313,14.7763709009831,0,test
2025-07-14,14.7763709009831,14.773951197839382,0,test
2025-07-15,14.773951197839382,14.774735131373514,0,test
2025-07-16,14.774735131373514,14.771751639161312,0,test
2025-07-17,14.771751639161312,14.761954841877976,0,test
2025-07-18,14.761954841877976,14.762184289151348,0,test
2025-07-21,14.762184289151348,14.751301298447602,0,test
2025-07-22,14.751301298447602,14.748765759991668,0,test
2025-07-24,14.748765759991668,14.741460939789194,0,test
2025-07-25,14.741460939789194,14.737197341636913,0,test
2025-07-28,14.737197341636913,14.723186818252923,0,test
2025-07-29,14.723186818252923,14.724063062564774,0,test
2025-07-30,14.724063062564774,14.726635386326071,0,test
2025-07-31,14.726635386326071,14.726949513982465,0,test
2025-08-01,14.726949513982465,14.723782443214851,0,test
2025-08-04,14.723782443214851,14.723796017173049,0,test
2025-08-05,14.723796017173049,14.722907064113055,0,test
2025-08-07,14.722907064113055,14.718827493728025,0,test
2025-08-08,14.718827493728025,14.697958183792522,0,test
2025-08-11,14.697958183792522,14.697167526896257,0,test
2025-08-12,14.697167526896257,14.68962597713189,0,test
2025-08-13,14.68962597713189,14.685024749428685,0,test
2025-08-14,14.685024749428685,14.65650224782693,0,test
2025-08-15,14.65650224782693,14.679342010733812,0,test
2025-08-18,14.679342010733812,14.672325971354685,0,test
2025-08-19,14.672325971354685,14.653032607091736,0,test
2025-08-21,14.653032607091736,14.662247814053895,0,test
2025-08-22,14.662247814053895,14.619515866135524,0,test
2025-08-25,14.619515866135524,14.6152860135443,0,test
2025-08-26,14.6152860135443,14.607238217759718,0,test
2025-08-27,14.607238217759718,14.600931557421474,0,test
2025-08-28,14.600931557421474,14.584041046947297,0,test
2025-08-29,14.584041046947297,14.556799225075912,0,test
2025-09-02,14.556799225075912,14.556697224492035,0,test
2025-09-04,14.556697224492035,14.542015709232723,0,test
2025-09-05,14.542015709232723,14.533439399847348,0,test
2025-09-08,14.533439399847348,14.529187207621982,0,test
2025-09-09,14.529187207621982,14.520279763112956,0,test
2025-09-10,14.520279763112956,14.526763242490714,0,test
2025-09-11,14.526763242490714,14.521055293001307,0,test
2025-09-12,14.521055293001307,14.53133976004127,0,test
2025-09-15,14.53133976004127,14.523005830289971,0,test
2025-09-16,14.523005830289971,14.518870985196708,0,test
2025-09-18,14.518870985196708,14.512890000764576,0,test
2025-09-19,14.512890000764576,14.512140626669131,0,test
2025-09-22,14.512140626669131,14.507087710700972,0,test
2025-09-23,14.507087710700972,14.504754064583292,0,test
2025-09-24,14.504754064583292,14.49451636007891,0,test
2025-09-25,14.49451636007891,14.490309387296016,0,test
2025-09-26,14.490309387296016,14.46347637855759,0,test
2025-09-29,14.46347637855759,14.461296791445566,0,test
2025-09-30,14.461296791445566,14.459264443408992,0,test
2025-10-02,14.459264443408992,14.459245590931902,0,test
2025-10-03,14.459245590931902,14.45673898168772,0,test
2025-10-06,14.45673898168772,14.46007198101388,0,test
2025-10-07,14.46007198101388,14.462992724882673,0,test
2025-10-08,14.462992724882673,14.455123854259533,0,test
2025-10-09,14.455123854259533,14.475444508830812,0,test
2025-10-10,14.475444508830812,14.46694149783223,0,test
2025-10-16,14.46694149783223,14.47739661931955,0,test
2025-10-17,14.47739661931955,14.467705021826363,0,test
2025-10-20,14.467705021826363,14.459885126885416,0,test
2025-10-21,14.459885126885416,14.45657619438272,0,test
2025-10-22,14.45657619438272,14.461479656926237,0,test
2025-10-23,14.461479656926237,14.45825760089264,0,test
2025-10-24,14.45825760089264,14.456043008679828,0,test
2025-10-27,14.456043008679828,14.43414628332776,0,test
2025-10-28,14.43414628332776,14.434447203653663,0,test
2025-10-30,14.434447203653663,14.429052060257938,0,test
2025-10-31,14.429052060257938,14.424660152670787,0,test
2025-11-03,14.424660152670787,14.429098006729676,0,test
2025-11-04,14.429098006729676,14.433587699874728,0,test
2025-11-05,14.433587699874728,14.429147817887436,0,test
2025-11-06,14.429147817887436,14.429511824147786,0,test
2025-11-07,14.429511824147786,14.429808897583651,0,test
2025-11-10,14.429808897583651,14.452415928658285,0,test
2025-11-14,14.452415928658285,14.450503992379682,0,test
2025-11-17,14.450503992379682,14.435260127492958,0,test
2025-11-18,14.435260127492958,14.443679202158796,0,test
2025-11-19,14.443679202158796,14.447677706671872,0,test
2025-11-20,14.447677706671872,14.443453612473078,0,test
2025-11-21,14.443453612473078,14.446022474852724,0,test
2025-11-24,14.446022474852724,14.443517599310535,0,test
2025-11-25,14.443517599310535,14.447135961454624,0,test
2025-12-01,14.447135961454624,14.437914430178722,0,test
2025-12-02,14.437914430178722,14.433145258781424,0,test
2025-12-03,14.433145258781424,14.433539891676558,0,test
2025-12-04,14.433539891676558,14.430222391602618,0,test
2025-12-05,14.430222391602618,14.427650759008309,0,test
2025-12-08,14.427650759008309,14.43115834521862,0,test
2025-12-09,14.43115834521862,14.43250488316948,0,test
2025-12-11,14.43250488316948,14.436157402936844,0,test
2025-12-12,14.436157402936844,14.429980946704202,0,test
2025-12-15,14.429980946704202,14.436853332226065,0,test
2025-12-16,14.436853332226065,14.43088374755548,0,test
2025-12-17,14.43088374755548,14.433584315859983,0,test
2025-12-18,14.433584315859983,14.43382829923229,0,test
2025-12-19,14.43382829923229,14.424413716377384,0,test
2025-12-22,14.424413716377384,14.41677804460224,0,test
2025-12-23,14.41677804460224,,,test
